wti,spread,n_completed,n_overruns,ess_d,tail_ess,n_admissible,n_eligible,wti_weighted_mean,brent_weighted_mean,wti_bias_abs,wti_bias_rel,ev_usd,cvar_usd,var_usd,decision_ratio,p_loss,mean_delta_usd,std_delta_usd,skew_delta,median_delta_usd,p10_delta_usd,p90_delta_usd,sigma_calibration_obs,scenario_price_range
60.0,3.5,10000,0,82.40140895487917,7.94457861955002,153,1917,59.88963345137645,64.76723915807048,0.1103665486235527,0.0018394424770592,2174308.571256831,4892242.458721903,3349394.677787151,0.4444400680470093,0.2354,-57461.87314699998,419024.45996812754,-1.0311153840023444,-20476.11000000022,-567678.7889999995,387613.6799999996,664,10.0
60.0,3.75,10000,0,90.06142903255447,11.842728564661297,165,1917,60.01225087900244,64.90999038843081,0.0122508790024369,0.0002041813167072,2091658.1295360648,4616712.726331065,3233651.321111968,0.4530622227383683,0.2467,-67055.79531499997,423724.0297495161,-0.9971525017114288,-37329.29999999981,-550323.8470000001,375810.120000001,678,10.0
60.0,4.0,10000,0,94.5961240686496,9.518008071270843,174,1917,60.10588698342213,65.01758278100479,0.1058869834221312,0.0017647830570355,1875136.709938106,4858439.89735907,3358684.1596508124,0.3859544935314286,0.2796,-65811.13960999998,423780.60599929845,-0.9864937901375992,-35311.5,-556480.7399999998,386661.7800000007,684,10.0
60.0,4.25,10000,0,96.07007223846432,7.990283814881107,177,1917,60.13703408700062,65.08305845849873,0.1370340870006217,0.0022839014500103,1787132.665526246,4997728.391837078,3496823.0482086423,0.3575889935205796,0.2937,-70314.12714599998,409585.2898100172,-0.899180012619348,-40154.21999999997,-571139.9999999991,378475.4399999997,689,10.0
60.0,4.5,10000,0,99.69727736235488,10.05631536604988,183,1917,60.19931403421293,65.17139059711594,0.1993140342129322,0.0033219005702155,1768298.822577756,5008797.110061667,3684892.743969129,0.3530386205952721,0.2981,-72865.59580199998,430355.8299621428,-0.7855675992034288,-41667.57000000007,-586560.7799999998,392373.1799999988,700,10.0
60.0,4.75,10000,0,103.02011700418696,9.547086229282822,191,1917,60.23944228641638,65.25406033884212,0.2394422864163772,0.0039907047736062,1748947.7666490334,5016732.113236361,3550184.0006836005,0.3486229137159894,0.2938,-77116.95767399998,425401.70453271456,-0.7474773413190435,-40154.219999999856,-597983.5800000001,392373.1799999988,704,10.0
60.0,5.0,10000,0,103.22762394929156,9.415486592347094,191,1917,60.29730622530551,65.35692349624617,0.2973062253055119,0.0049551037550918,1687508.793793915,5090375.114784887,3683477.752023128,0.3315097130843228,0.302,-77740.90805999999,428068.4439565221,-0.6738344502223474,-43584.48000000045,-605027.6400000001,417884.1000000005,709,10.0
60.0,5.25,10000,0,105.40066449248148,10.26019863744562,194,1917,60.29643964492076,65.40303938582285,0.2964396449207598,0.0049406607486793,1688162.8187619722,5196353.842021712,3748615.69228082,0.3248744927857279,0.2989,-83630.12702699998,426972.0861976003,-0.6754755851498948,-51353.00999999978,-605027.6400000001,410268.9000000004,719,10.0
60.0,5.5,10000,0,106.96313463886732,10.406260406260408,194,1917,60.37521768795444,65.5582342800675,0.3752176879544393,0.0062536281325739,1653911.6704135158,5072177.317841471,3706071.760636569,0.3260752861686938,0.3098,-89459.84844399999,435693.7170252935,-0.7310543326729974,-52967.25,-627072.2000000002,410268.9000000004,723,10.0
60.0,5.75,10000,0,108.74926148737052,10.557432432432432,195,1917,60.39244778519039,65.63941219506874,0.3924477851903916,0.0065407964198398,1565121.2445586678,5112190.28764688,3703888.0690145656,0.3061547314349064,0.3156,-93153.94413499998,430441.2214381631,-0.531785278068029,-60735.78000000026,-619694.8800000001,410268.9000000004,726,10.0
60.0,6.0,10000,0,110.21393507251656,10.485697508598273,198,1917,60.4376300178817,65.80359608325111,0.4376300178817018,0.0072938336313616,1592476.2675189483,5118718.928390048,3748100.6718436857,0.3111083632052089,0.3209,-110216.77616399998,435626.9459451352,-0.7479578959166759,-62056.28000000026,-636630.7199999997,387613.6799999997,731,10.0
60.0,6.25,10000,0,115.27708622146228,10.608503776627344,206,1917,60.472187181116205,65.96946474012226,0.4721871811162046,0.0078697863519367,1368463.724069502,5409299.257219642,4546754.360120507,0.2529835490693274,0.3456,-90404.008946,428094.3468494804,-0.5790636718845055,-61688.25,-606550.6800000011,433960.0,733,10.0
60.0,6.5,10000,0,112.3712433088737,8.920288303717976,202,1917,60.493349889142856,66.12797730819597,0.4933498891428556,0.0082224981523809,1304111.0078015411,5338674.198222257,4521568.837082227,0.2442761928112791,0.3577,-95398.54574799996,424021.53996343154,-0.5415073190747353,-61542.90000000037,-618718.47,433959.9999999996,733,10.0
60.25,3.5,10000,0,84.11081330160316,10.047423840527289,153,1917,60.14915255230307,64.9852718166618,0.1008474476969283,0.0016738165592851,2178589.976690813,4681403.873325019,3219601.250050164,0.4653710800524129,0.2397,-63084.08940799997,412822.771389992,-0.9051499031955832,-37329.300000000745,-537061.9800000004,386661.7799999999,670,10.0
60.25,3.75,10000,0,88.7036345059403,7.66541975838597,162,1917,60.23947252252233,65.09267964566234,0.0105274774776731,0.0001747299166418,1907537.785331924,4992290.617861746,3421421.041507962,0.3820967029657708,0.2709,-67453.16101099997,407756.5450103675,-0.9732074907813224,-38943.54000000004,-537061.9800000004,377412.04799999954,677,10.0
60.25,4.0,10000,0,91.4653221061404,7.657436902719921,167,1917,60.292604869454834,65.16918711643362,0.0426048694548342,0.0007071347627358,1857433.076357287,4936667.767572548,3461059.119609789,0.3762523961118456,0.2806,-76654.71089199999,413802.388674613,-0.9145450296756796,-43887.15000000037,-577993.6800000006,387613.6799999996,685,10.0
60.25,4.25,10000,0,94.9718481352341,8.99151201266005,173,1917,60.353099600420805,65.25378489827187,0.1030996004208049,0.0017111966874822,1833893.4024880007,5089504.535579319,3729798.8107087705,0.3603284739541461,0.2877,-76330.07183799999,421719.7671236237,-0.9955670453178308,-42474.69000000041,-577993.6800000002,387613.67999999976,696,10.0
60.25,4.5,10000,0,98.78787179036752,9.117432530999269,182,1917,60.432315617145335,65.36655489470512,0.1823156171453348,0.0030259853468105,1827020.000036268,5051337.136495239,3600675.7235662863,0.3616903704241578,0.2852,-87361.61097499999,418130.7051223232,-0.8379293418116247,-54177.93000000005,-598105.3700000001,387613.6799999997,700,10.0
60.25,4.75,10000,0,101.000058795415,9.057314687341496,185,1917,60.48104528738362,65.44962686677188,0.2310452873836226,0.003834776554085,1770880.5616110738,5119854.350678584,3787054.5758789415,0.3458849491248441,0.2898,-85625.45206,416967.9865686278,-0.7766762862277522,-52967.25,-602552.7000000001,386661.7799999994,708,10.0
60.25,5.0,10000,0,102.83864478254591,9.531071292413266,188,1917,60.48633005929383,65.49197028975428,0.2363300592938273,0.0039224906106859,1755670.9611698685,5053692.577399619,3734143.750684639,0.3474035933688016,0.2964,-92927.85249499998,430065.58042040287,-0.825414802719872,-61542.89999999991,-614356.2600000007,398084.580000001,720,10.0
60.25,5.25,10000,0,105.006943552785,9.46611132146914,189,1917,60.55104109829918,65.62271221889846,0.30104109829918,0.0049965327518536,1676866.98360251,4996597.544263341,3613946.980564824,0.3356017707545293,0.3007,-91761.01679999998,432834.5488280896,-0.7009470803622,-61542.89999999991,-606550.6800000011,398084.580000001,724,10.0
60.25,5.5,10000,0,108.93186995042512,10.145280415550683,193,1917,60.60938234939713,65.7430172555976,0.35938234939713,0.0059648522721515,1729147.4021210975,5005784.687092699,3636190.238825398,0.3454298397171705,0.2981,-98297.771765,430422.1434164916,-0.7199639945271847,-64266.93000000017,-628063.6200000006,387613.67999999993,728,10.0
60.25,5.75,10000,0,111.02609201186644,10.218262077985775,197,1917,60.68831921386734,65.92426629511185,0.4383192138673379,0.0072750076990429,1637806.289094037,5088302.4150480665,3805241.084466428,0.3218767587890244,0.3113,-113956.73188899996,433425.0869958092,-0.8749167801505653,-70017.66000000015,-636630.7199999997,387613.67999999993,735,10.0
60.25,6.0,10000,0,115.82061501398864,9.82163903512218,205,1917,60.72741963651892,66.07923038053292,0.4774196365189169,0.0079239773696085,1460972.5814493129,5320801.640007782,4447700.135279417,0.2745775317884574,0.3316,-109446.84970899996,422406.38773168647,-0.6892696926573938,-74255.04000000004,-627324.558,387613.6799999996,737,10.0
60.25,6.25,10000,0,114.12129047172036,10.371722535678725,203,1917,60.790740807303045,66.27549264675169,0.5407408073030453,0.0089749511585567,1363713.7860440216,5454890.306635775,4640271.847701225,0.2499983884891486,0.3526,-88244.62316899997,422381.6050971528,-0.5847412553992678,-64266.93000000017,-606550.6800000011,423261.2140000042,738,10.0
60.25,6.5,10000,0,112.8264040700143,9.780907668231611,199,1917,60.79464909868434,66.3786474097893,0.5446490986843386,0.0090398190653002,1356858.3615749069,5464215.089478685,4649600.180452865,0.2483171579734352,0.3544,-82147.61286799997,413539.7673068896,-0.4603010074784182,-61542.90000000037,-605027.6399999999,435018.2999999998,737,10.0
60.5,3.5,10000,0,86.55801949886059,9.181050312155712,155,1917,60.383428300143336,65.164826230687,0.1165716998566637,0.0019268049563084,1915679.7662482343,4902936.363725824,3360251.204205152,0.390720911742056,0.2739,-79154.63121799997,392087.7834136922,-1.198400817256214,-37833.75,-547766.01,337295.41000000015,671,10.0
60.5,3.75,10000,0,89.25786524850437,7.640586797066013,160,1917,60.43498795442622,65.23983039502221,0.0650120455737806,0.0010745792656823,1895175.702179952,5018614.433783861,3457864.7921515554,0.3776292694298603,0.2772,-82021.27536999996,402752.5340151739,-1.215146729480215,-41465.79000000004,-556480.7400000007,351251.0999999996,681,10.0
60.5,4.0,10000,0,93.48806823984262,9.025270758122742,167,1917,60.5050251827404,65.33325810759163,0.0050251827404039,8.30608717422145e-05,1839776.0865120825,5050515.645082501,3765516.920920402,0.3642749009803392,0.285,-81797.54314999998,406015.5570936095,-0.958435063153922,-41667.56999999983,-574186.0800000001,368956.4399999995,692,10.0
60.5,4.25,10000,0,97.09265226271268,8.777473492030053,174,1917,60.58156024816879,65.43863734968731,0.0815602481687847,0.0013481032755171,1744037.99638563,5119951.420216104,3811366.7156770537,0.3406356532015722,0.2932,-98495.20595199996,411705.6556613928,-0.9400438970170584,-56498.40000000002,-598105.3700000002,366690.9180000018,697,10.0
60.5,4.5,10000,0,99.32831795686512,9.728383531792357,178,1917,60.62896877088236,65.51958760303103,0.1289687708823592,0.002131715221196,1742073.0821421258,4954099.811224079,3519319.43891416,0.3516427097805458,0.2902,-90346.47139799998,402609.1255366872,-0.8114611690684965,-52967.25,-602552.7000000003,363245.04,706,10.0
60.5,4.75,10000,0,101.81972685306984,8.497043029025896,182,1917,60.65325814731335,65.57460282147987,0.1532581473133518,0.002533192517576,1640571.23279877,5201151.14937789,3862264.845060684,0.3154246407538068,0.3065,-90207.56692,417423.25239811616,-0.8205101273067564,-54177.93000000005,-605027.6400000001,387613.6799999994,718,10.0
60.5,5.0,10000,0,104.4369133942318,9.440374594063892,184,1917,60.70549561853509,65.68687964849676,0.2054956185350889,0.0033966217939684,1685810.390663824,5166330.945266027,3742137.9064093274,0.3263070849552433,0.2946,-100778.78743299996,416594.7078393485,-0.9426368707266204,-56700.18000000017,-610358.2800000001,375810.1200000001,723,10.0
60.5,5.25,10000,0,108.11346427512892,9.41123324800482,188,1917,60.76221253001869,65.79746162609055,0.2622125300186937,0.0043340914052676,1667555.250057171,5160442.545652592,3705549.785650329,0.3231419079477982,0.2989,-99311.473787,416314.2592854517,-0.6869415821196871,-61542.90000000037,-618718.4700000001,375810.1200000001,727,10.0
60.5,5.5,10000,0,110.75302365830716,11.01418627191823,193,1917,60.806154279715656,65.92894683459518,0.3061542797156562,0.0050604013176141,1626055.834626487,5036728.109545292,3672985.26621772,0.3228397084895028,0.3122,-108687.07922899997,418472.039929081,-0.7759540756025408,-68504.31000000006,-628063.6200000006,387613.6799999994,735,10.0
60.5,5.75,10000,0,114.89564444359448,10.347682119205295,201,1917,60.84995771641633,66.07227873793677,0.349957716416327,0.0057844250647326,1424447.388860863,5308156.159632337,4500463.009112616,0.2683506939177022,0.3373,-99915.74800099996,418916.2179605895,-0.7450687424443424,-64266.93000000017,-618718.4700000001,387613.6799999994,740,10.0
60.5,6.0,10000,0,113.73057543934864,10.12227710745809,200,1917,60.95887615380545,66.31138315578194,0.4588761538054484,0.007584729814966,1267196.2330759026,5415223.959649076,4579502.730360606,0.2340062465593798,0.3528,-89394.20754799998,413131.8049587077,-0.521742263675651,-62056.28000000026,-605027.6400000006,433960.0,745,10.0
60.5,6.25,10000,0,111.89157594566409,9.560229445506693,196,1917,60.97923545946121,66.41553558385388,0.4792354594612078,0.0079212472638216,1259362.419781869,5471512.969852488,4637764.580653793,0.230167126847882,0.3636,-92024.43870899998,416824.1271567704,-0.5088713558797463,-63459.810000000056,-618718.4700000001,433960.0,745,10.0
60.5,6.5,10000,0,113.69373645473377,10.672814207650273,200,1917,60.97809043532731,66.5700999094505,0.4780904353273101,0.0079023212450795,1229908.2391542888,5501943.614555914,4671532.556607798,0.2235406840412631,0.3632,-82487.06206099999,408302.320366265,-0.509955698097703,-64266.93000000017,-586560.7800000003,435018.2999999989,749,10.0
60.75,3.5,10000,0,85.7349990683029,9.056002318336594,149,1917,60.51156003518815,65.23943915584724,0.2384399648118531,0.0039249376923761,1824618.9811347225,5081813.169279559,3420853.1005930444,0.3590488119801138,0.2787,-68127.55681499996,398038.0023792696,-1.0033444285186086,-37329.300000000745,-537061.9800000004,371336.1900000018,676,10.0
60.75,3.75,10000,0,89.92899960283317,9.069143147355437,156,1917,60.58061880260798,65.33405205087128,0.1693811973920205,0.0027881678583048,1898796.3589075287,5049943.77396242,3634751.6677345,0.376003465364852,0.2783,-76222.81567899998,391073.7884739589,-0.9945361052092856,-38943.5400000005,-550769.3400000003,368956.4399999995,688,10.0
60.75,4.0,10000,0,93.51904417835782,8.83766968325792,163,1917,60.656279718352366,65.44045272896626,0.0937202816476343,0.0015427206855577,1751890.5983837266,5128167.312606825,3783181.1216764,0.3416211858136859,0.2918,-85122.66739099997,400524.23389120953,-0.8993127794179624,-49910.05500000029,-592652.9400000004,366481.5000000009,693,10.0
60.75,4.25,10000,0,98.39592908520034,9.680167273290484,170,1917,60.79654330196609,65.59950596450783,0.0465433019660892,0.0007661448883306,1757305.834589254,5080832.423273247,3709926.435134005,0.3458696702020212,0.287,-89248.88950599998,402363.0521970086,-0.8971518848938373,-43406.6400000006,-605027.6400000004,362483.5199999992,704,10.0
60.75,4.5,10000,0,100.77079528214426,9.888458191598763,174,1917,60.82135335426628,65.65145518760774,0.0713533542662787,0.0011745408109675,1769426.8077847946,5006131.634192728,3612739.917792023,0.3534519139886992,0.2833,-99213.89333999998,409273.5687080422,-0.8017348698310462,-54480.60000000056,-606550.6800000011,363245.0399999996,716,10.0
60.75,4.75,10000,0,103.85422595419932,10.1857887874837,177,1917,60.88822059115087,65.77144709673324,0.1382205911508691,0.002275236068327,1760938.044271054,4936316.565724249,3492497.1666117413,0.356731182213532,0.2815,-102994.846695,407592.66906034655,-0.8957401900306253,-54480.59999999963,-627072.2000000001,362483.5199999994,722,10.0
60.75,5.0,10000,0,108.47198537829802,10.641920653839604,182,1917,60.97181612248772,65.90804050826401,0.2218161224877164,0.0036512941973286,1706797.725697129,5129012.067590692,3707518.710672169,0.3327731935906484,0.2922,-95728.62220299998,404726.86920161,-0.665250874901454,-53068.140000000014,-618718.4700000002,370860.23999999976,726,10.0
60.75,5.25,10000,0,110.74828980425757,11.27446559033102,187,1917,61.02397964302352,66.03247605849279,0.2739796430235159,0.0045099529715805,1630008.762660283,5203498.970625759,3899317.484881632,0.3132524426086823,0.2974,-104785.16068299997,412603.0207794641,-0.71272511074835,-59017.800000000745,-636630.7199999997,378475.4399999998,735,10.0
60.75,5.5,10000,0,114.72085875253303,11.02001234241382,195,1917,61.068841862521424,66.16292126539626,0.318841862521424,0.0052484257205172,1501923.5598300411,5331249.729516945,4523501.75153773,0.2817207289154935,0.3198,-111551.83842899997,418680.5138693389,-0.6837440993116264,-65578.50000000047,-637201.8599999996,375810.120000001,742,10.0
60.75,5.75,10000,0,113.02848479568074,10.748065348237317,194,1917,61.19432434150448,66.39864551283308,0.4443243415044762,0.0073139809301148,1276153.3104277905,5501488.353993026,4688089.700361909,0.2319651025892925,0.3468,-96301.73907699996,417555.3320066383,-0.5238637135209636,-59222.4299999997,-636630.7199999997,410268.9000000004,750,10.0
60.75,6.0,10000,0,112.1501233157292,11.840484986265038,192,1917,61.23514775780785,66.51346227195802,0.4851477578078516,0.0079859713219399,1239636.4715415568,5482779.78082482,4729581.92306039,0.2260963454846381,0.3596,-107332.66293699996,421055.2259836349,-0.5552840135810453,-69614.1000000001,-636630.7199999997,410078.5200000005,751,10.0
60.75,6.25,10000,0,113.51909473058336,10.871455905374846,196,1917,61.2502211911434,66.6587893417406,0.5002211911434031,0.0082340936813728,1277986.0608888909,5531304.202101475,4740737.046915731,0.2310460633142096,0.3506,-91358.84676399996,407493.4118250585,-0.4314864358756656,-59979.10499999998,-613499.5499999993,410078.5200000005,758,10.0
60.75,6.5,10000,0,112.26373396101386,10.240865148287726,193,1917,61.2987260672808,66.88814932174373,0.5487260672807963,0.009032527856474,1230561.6300340344,5658605.075370055,4877005.431884485,0.2174673110498985,0.3476,-93533.47751399995,417548.7042160924,-0.4999719462747503,-56901.95999999996,-633256.13,435018.2999999998,763,10.0
61.0,3.5,10000,0,86.70053251301553,9.110787172011662,148,1917,60.75242297012554,65.4524940861895,0.2475770298744564,0.0040586398340074,1958892.2124482144,5085159.653391499,3624352.846104604,0.3852174456591053,0.2721,-71248.22452599998,390972.2773326677,-0.9766070357701976,-32436.134999999776,-574212.927,348395.3999999992,682,10.0
61.0,3.75,10000,0,89.92860390444797,8.630212648439658,154,1917,60.82918877031644,65.54949621125482,0.1708112296835651,0.0028001840931731,1815607.2599535773,5199509.018686703,3732570.5941149527,0.3491882124693699,0.2864,-83597.52743499998,401362.5268931424,-0.971978536308099,-40817.98500000005,-586560.7800000003,348395.39999999944,690,10.0
61.0,4.0,10000,0,95.13969852787469,9.327662114767556,162,1917,60.95802193898723,65.69538503536128,0.0419780610127702,0.0006881649346355,1891825.3146474792,5014728.049148261,3550412.662922978,0.3772538203679462,0.2721,-91317.25164099998,400929.4266991784,-0.8748308568397983,-42474.69000000041,-605027.6400000001,348395.399999999,702,10.0
61.0,4.25,10000,0,97.2544401551368,9.720818104051636,165,1917,60.98279035410175,65.74178332519783,0.0172096458982551,0.0002821253425943,1840820.7384375653,5090145.91802342,3691593.269799003,0.3616440015834328,0.2747,-85931.128278,403993.9783010449,-1.0038799117598245,-41667.5700000003,-605027.6399999999,370860.2399999994,717,10.0
61.0,4.5,10000,0,101.94176123520498,9.193880553103854,170,1917,61.099658613883655,65.910649301745,0.0996586138836548,0.0016337477685845,1807762.3867143209,5147456.179787676,3815467.684648138,0.3511952940586059,0.2798,-92755.361869,400143.6318853186,-0.8525373857296517,-51021.83999999944,-614356.2600000009,373063.9740000009,725,10.0
61.0,4.75,10000,0,107.96706048554988,10.630155625478356,177,1917,61.22253121571288,66.08472244541488,0.2225312157128769,0.0036480527166045,1892764.5453327843,4993103.919973263,3587936.540997154,0.379075736389424,0.2633,-96729.34741499998,404602.8079616967,-0.9152802692329308,-48528.08999999985,-614792.4810000005,362483.5199999999,731,10.0
61.0,5.0,10000,0,110.88197839092508,10.193264290956536,183,1917,61.233759253893496,66.15827096329102,0.2337592538934956,0.0038321189162868,1745043.1806738006,5090593.252835888,3822339.003197285,0.3427976060946659,0.2844,-96721.13270799998,407667.6176881282,-0.858292070343311,-51021.83999999915,-628063.6200000006,375810.1200000001,742,10.0
61.0,5.25,10000,0,114.6556245407371,10.5797714769361,191,1917,61.27470149649237,66.27459736131415,0.2747014964923693,0.0045033032211863,1644650.871428851,5370136.378287842,4460348.172254669,0.3062586786582158,0.2955,-94239.79719399998,404026.7103154151,-0.787115535890832,-51021.83999999959,-618718.4700000001,375810.120000001,754,10.0
61.0,5.5,10000,0,114.99829679755636,10.378611756891395,192,1917,61.39809707942142,66.50049604577576,0.3980970794214187,0.0065261816298593,1453161.018182764,5474894.347532922,4710578.969478301,0.265422659496175,0.3227,-93609.78396499997,412339.4395266893,-0.6547740125628366,-54480.59999999963,-636630.7199999995,399988.3799999999,765,10.0
61.0,5.75,10000,0,113.88151353829431,10.339978492844732,190,1917,61.44779416249847,66.61224747759373,0.447794162498468,0.0073408879098109,1433463.323444234,5410713.071946798,4564853.902288652,0.2649305746550089,0.3218,-95932.228692,409718.1102313703,-0.6388564949929932,-61542.89999999991,-633256.1300000001,399988.3799999999,767,10.0
61.0,6.0,10000,0,114.34835823436376,10.366561618842264,194,1917,61.477402489535095,66.74618253419207,0.4774024895350948,0.0078262703202474,1395968.789644523,5520119.292957354,4720861.677461092,0.2528874315135761,0.3318,-96163.912716,414358.9276809615,-0.690932872237871,-61542.89999999991,-627072.2000000001,399988.3800000008,777,10.0
61.0,6.25,10000,0,113.12756950544062,10.454127289453876,192,1917,61.553267449654086,66.97491538523026,0.5532674496540864,0.0090699581910505,1348269.3101297554,5594489.108868648,4850371.3474853095,0.2409995414938631,0.3314,-86995.36583499998,406864.79895083257,-0.5912649725991891,-54077.039999999964,-605027.6400000002,410268.9000000004,782,10.0
61.0,6.5,10000,0,114.88924463185224,11.203728600878373,194,1917,61.53608043308282,67.06901305504843,0.536080433082823,0.0087882038210298,1375033.3762916531,5557330.880893536,4773513.654806262,0.2474269403355317,0.3324,-78787.28143699998,405474.5711449576,-0.5667449480541372,-49145.96999999974,-586560.7800000003,422072.46,783,10.0
61.25,3.5,10000,0,88.63206452916778,9.0665119315297,148,1917,60.93110261274425,65.61920685919134,0.3188973872557525,0.0052064879551959,1930747.7041197,4927488.734524355,3512704.8474197965,0.3918319874771002,0.2798,-84845.77651499998,389825.8887071495,-0.8232993208898098,-40154.21999999974,-597983.5800000001,346491.5999999997,686,10.0
61.25,3.75,10000,0,93.79898931857277,8.532423208191126,156,1917,61.05477425560399,65.75995569739977,0.1952257443960121,0.0031873590921797,1905359.1063166603,5199066.55624609,3920394.957754975,0.3664809991762054,0.27,-79349.81874999998,376586.6936890216,-0.6810521617000844,-37833.75,-581230.1400000006,348395.3999999991,698,10.0
61.25,4.0,10000,0,97.76294839420667,10.03290793803676,161,1917,61.15061356966135,65.8615815860314,0.0993864303386544,0.0016226355973657,1911994.6333264075,4904495.213199583,3520422.545614169,0.3898453459961815,0.2754,-79788.10427099997,380479.9848299973,-0.9413044818892232,-37329.300000000745,-580278.2399999984,331070.8200000003,714,10.0
61.25,4.25,10000,0,103.14061864606636,9.626492106276473,167,1917,61.24019749043868,65.99675743630489,0.0098025095613252,0.0001600409724297,1865411.0986382675,4950413.955319233,3569999.340155913,0.376819214610099,0.2752,-83637.18347499997,374610.57849797845,-0.828751415361065,-47979.75,-579592.8719999999,344016.6599999998,724,10.0
61.25,4.5,10000,0,109.1316978970457,10.853520882174177,174,1917,61.35082513564355,66.15627881079693,0.1008251356435465,0.0016461246635681,1862077.0504886892,5031934.578531475,3602875.92396668,0.3700519196797904,0.2718,-90960.51676099998,381447.7130303783,-0.7521868088266929,-48528.08999999985,-597983.5800000001,345158.9400000005,730,10.0
61.25,4.75,10000,0,113.69520837689572,10.800069120442368,184,1917,61.40373634613452,66.26934340533947,0.1537363461345151,0.0025099811613798,1820279.5436700943,5122999.539630693,3692836.768905366,0.3553151878286747,0.2732,-93588.53653099998,388336.77952174953,-0.8242109999854816,-47418.30000000016,-606550.6800000002,348395.3999999997,742,10.0
61.25,5.0,10000,0,117.31362521444947,11.313241017286632,192,1917,61.438410664702936,66.36914983631107,0.1884106647029355,0.0030760924849458,1658903.3633426605,5298089.35425626,4413601.286855462,0.3131135117624937,0.2983,-91264.54579299995,387397.0763185969,-0.8129915372719836,-48495.02999999933,-598550.1029999998,348395.3999999993,755,10.0
61.25,5.25,10000,0,118.38409084188856,11.438506588579797,195,1917,61.54717883179891,66.57194071237275,0.2971788317989094,0.004851899294676,1535517.3378984528,5279100.735195356,4437625.292421339,0.2908672167707044,0.3073,-94887.56556199996,393546.5718259471,-0.7428324479626756,-53730.85999999941,-613499.5499999993,375619.73999999976,767,10.0
61.25,5.5,10000,0,118.08643266527572,11.059010882066708,194,1917,61.61551747108287,66.69920739388341,0.3655174710828675,0.0059676321809447,1391115.64314197,5495793.069301767,4674323.292645225,0.2531237303879619,0.3339,-95539.07565699996,406901.8875767841,-0.7143000388712833,-56901.9599999995,-608466.1649999998,387613.6799999998,771,10.0
61.25,5.75,10000,0,119.32529885796484,12.429153823207717,199,1917,61.67300874278151,66.85448235268012,0.4230087427815121,0.0069062651882695,1376065.9988521622,5516397.328166223,4715678.80165039,0.2494501242370803,0.334,-86622.27444399998,388198.8937690006,-0.7813140294065403,-52967.25,-597983.5799999996,386756.9699999997,784,10.0
61.25,6.0,10000,0,117.4467983630025,11.241007194244602,198,1917,61.75886101935542,67.06945622446683,0.5088610193554217,0.0083079350098844,1369707.5675012716,5553345.762830988,4697181.008205064,0.246645468515366,0.3264,-80678.70464699998,398135.4731687358,-0.7443673884885078,-42962.03999999957,-598105.3700000001,399988.3800000008,790,10.0
61.25,6.25,10000,0,119.58798752913314,11.383298424551496,201,1917,61.75746807658553,67.16914745680555,0.507468076585532,0.0082851930871107,1335083.160577732,5664454.667875098,4803766.646120628,0.2356949148431548,0.3387,-72681.19536799997,402079.1345845165,-0.6941459512621532,-46308.51000000024,-586560.7800000003,433959.99999999953,792,10.0
61.25,6.5,10000,0,117.2897386781666,10.474275180157534,197,1917,61.829963161150765,67.38744011768782,0.579963161150765,0.0094687863045022,1322920.117658142,5514883.285997202,4671787.506049169,0.2398817978645456,0.3398,-66651.60139899998,396479.653024944,-0.5286441355386005,-40154.220000000205,-586827.3119999997,435018.2999999998,796,10.0
61.5,3.5,10000,0,94.39317631278738,8.952872081363703,156,1917,61.10734664751477,65.791476443625,0.3926533524852331,0.0063846073574834,2001834.5400945663,5018018.582818165,3492261.5983856325,0.3989292799649852,0.2626,-74485.37441599999,373845.7598544304,-0.8275264862233256,-27654.40500000026,-577993.6800000002,344016.6599999998,698,10.0
61.5,3.75,10000,0,98.30664324476147,9.482627825823092,161,1917,61.200908039868025,65.88975515199736,0.2990919601319746,0.0048632839045849,1942595.792923298,5016492.676523267,3581009.20698348,0.3872418277444061,0.2701,-74582.15194199998,381644.5555644126,-0.8892598308139443,-37329.29999999981,-574671.5299999998,348719.0460000009,716,10.0
61.5,4.0,10000,0,103.62864771020904,10.558324182785706,167,1917,61.28754925616313,66.01989665942679,0.2124507438368681,0.0034544836396238,2025349.989381615,4834601.792076954,3359480.7788365367,0.418927985485961,0.2557,-84825.68933499997,376167.3078889507,-0.8532219974754649,-41465.79000000004,-580373.4299999989,325740.18000000063,727,10.0
61.5,4.25,10000,0,110.45721730156237,11.083525447774427,175,1917,61.42629542462143,66.19990459458099,0.0737045753785707,0.0011984483801393,1978992.0121796287,4806067.804782343,3454405.381457338,0.411769474040796,0.2605,-94137.16168299998,378928.8089111593,-0.9023849981523804,-42474.69000000041,-605027.6400000001,325740.1799999997,735,10.0
61.5,4.5,10000,0,114.79714504658187,10.81408426334458,185,1917,61.47826176344508,66.3028816388674,0.021738236554917,0.0003534672610555,1910368.3034199693,5038101.798143147,3721575.454740356,0.37918414116286,0.2675,-91672.77114799996,384677.6157700909,-0.8049993117775801,-41465.79000000004,-605027.6400000002,325740.18000000063,751,10.0
61.5,4.75,10000,0,119.15795046147416,10.53429967975729,194,1917,61.51869297970746,66.40460614442833,0.0186929797074597,0.0003039508895521,1751223.078593588,5219843.870385227,4258970.014610164,0.3354933829590475,0.2911,-87847.60401399997,376281.564432276,-0.8057181161006237,-43988.04000000004,-602552.7000000002,344587.8000000003,768,10.0
61.5,5.0,10000,0,120.16766383620032,11.565507031828275,198,1917,61.62901678157133,66.5974784359632,0.1290167815713303,0.0020978338466882,1669031.792710421,5314488.281231199,4468274.679050827,0.3140531513833273,0.295,-87167.19356999997,391385.4318783662,-0.9398271205053916,-39851.54999999981,-605027.6399999997,370860.2399999993,782,10.0
61.5,5.25,10000,0,120.93510561353013,10.505084460879065,198,1917,61.71402184304524,66.73948057571408,0.2140218430452378,0.0034800299682152,1576295.521496924,5299275.272515539,4449197.667425843,0.2974549236331074,0.3126,-88634.18997299997,389520.31134732,-0.7428728120911621,-47216.52000000002,-605027.6400000001,375810.120000001,788,10.0
61.5,5.5,10000,0,121.92056411771507,11.849464404208929,203,1917,61.77495245377607,66.88385462199167,0.2749524537760663,0.0044707716061149,1433825.2439424228,5470852.630928307,4648136.784919283,0.2620844209614778,0.32,-76862.09653799997,380890.061462256,-0.6078454213655067,-40154.220000000205,-580373.4299999988,387613.6799999996,802,10.0
61.5,5.75,10000,0,119.90966815303224,11.871972646975022,202,1917,61.86751931212457,67.09082599791343,0.3675193121245712,0.0059759237743832,1395000.2671198193,5559891.934342436,4727226.152736759,0.250904205260386,0.328,-80716.57305299997,399732.59581032937,-0.769349110769697,-39052.50500000015,-605027.6400000002,399988.3799999999,808,10.0
61.5,6.0,10000,0,122.43808499753848,11.27955242735968,206,1917,61.89314829463482,67.20769451740236,0.3931482946348197,0.0063926551973141,1474669.4331490146,5582149.444468758,4712052.614751586,0.2641759142815919,0.3191,-72064.813898,390298.1961054948,-0.773367825676996,-36679.5,-581230.1400000001,399988.3799999999,811,10.0
61.5,6.25,10000,0,119.82814883418644,11.901361515757404,202,1917,61.97824080720521,67.4169746145015,0.4782408072052106,0.0077762732878896,1311511.449620663,5564376.571377,4756377.187217543,0.2356978239695425,0.3346,-68093.12163299999,385942.7039541585,-0.4989797111523872,-41566.679999999935,-577993.6799999997,410078.5200000005,817,10.0
61.5,6.5,10000,0,119.61399922949028,11.244040658451022,200,1917,61.99053007388884,67.5843653546492,0.4905300738888414,0.0079760987624201,1366417.3186474072,5610620.69680238,4778088.086163743,0.2435412038147864,0.3339,-69531.42286799998,390848.34131101065,-0.6288494141788656,-42962.04000000004,-564476.700000001,417884.10000000056,819,10.0
61.75,3.5,10000,0,94.83136856365552,9.569744296432397,152,1917,61.263948732474425,65.9180641638595,0.4860512675255748,0.0078712755874587,1992984.9828913123,5068957.837963652,3603864.476865963,0.3931745038329126,0.2605,-84818.39308799998,384194.8632849985,-0.9212692201911316,-37329.29999999981,-581230.1400000001,345158.9400000004,715,10.0
61.75,3.75,10000,0,100.07676002883402,8.910749928714,158,1917,61.35012118986208,66.04796755587151,0.3998788101379205,0.0064757702046626,1898970.25327774,5030918.492861021,3574379.6798935514,0.3774599520887525,0.271,-88216.02849199998,385997.4764497003,-1.0514379243968426,-41667.56999999983,-586560.7800000007,345158.94000000134,726,10.0
61.75,4.0,10000,0,107.6430173747916,12.051677593521015,167,1917,61.53017737167148,66.260334213959,0.2198226283285222,0.0035598806207048,2059375.1327529813,4690653.222020895,3341794.0839454373,0.4390380263211467,0.255,-98063.18077899996,378531.4706767402,-1.0353953799530942,-40154.21999999974,-605027.6400000004,323455.62000000104,735,10.0
61.75,4.25,10000,0,112.7473869964938,10.039354268733437,178,1917,61.60356169863746,66.37856128729385,0.1464383013625365,0.0023714704674094,1934767.361964145,5061268.638274797,3724346.942715899,0.3822692491232073,0.2647,-86866.15895699996,376345.22981972666,-0.8946329631825589,-37833.75,-586560.7799999998,325740.18000000063,753,10.0
61.75,4.5,10000,0,116.80255126397309,11.93089624892622,186,1917,61.64303148553113,66.47066010824285,0.1069685144688676,0.0017322836351233,1823765.484143516,5108089.452499333,3903762.1867317096,0.3570347585144906,0.2806,-90070.93031999998,382814.220254305,-0.9912986668457068,-37934.640000000014,-598105.3700000001,331832.33999999985,770,10.0
61.75,4.75,10000,0,117.72671599258445,11.461580781221343,190,1917,61.756129585147306,66.65950159458625,0.0061295851473062,9.926453679848124e-05,1646297.7176265377,5412736.351373871,4598350.489021957,0.3041525784289625,0.2935,-88553.37985699996,390005.2692683357,-0.8310103811267415,-36853.06499999994,-598105.3700000001,361531.62000000087,784,10.0
61.75,5.0,10000,0,119.2598850952649,11.09336173233937,192,1917,61.82656729741976,66.7793679408054,0.0765672974197642,0.0012399562335184,1637292.956583004,5360248.689140303,4549624.164842222,0.3054509317636901,0.3001,-92351.43900699996,380884.45003388025,-0.7430672084224598,-49940.55000000005,-602552.7,361531.6200000008,791,10.0
61.75,5.25,10000,0,121.31490207199896,12.125327383839362,198,1917,61.91565864930637,66.94876399510713,0.1656586493063727,0.0026827311628562,1505507.8550921006,5608426.798788171,4740351.1143569015,0.2684367486827856,0.3101,-83552.12697299996,390688.4506064468,-0.7171775444247849,-40961.33999999985,-586560.7800000003,387613.6799999994,805,10.0
61.75,5.5,10000,0,120.39692068236582,12.599536337062798,199,1917,62.034603754523005,67.17231408002087,0.2846037545230047,0.004608967684583,1345647.673550248,5685120.195202719,4873057.450268569,0.2366964333816103,0.3318,-81460.03476899998,394647.62167959375,-0.7394071210382119,-34403.48999999976,-597983.5800000001,387613.6799999997,813,10.0
61.75,5.75,10000,0,122.5929542323628,12.094823415578132,203,1917,62.06603325232175,67.28239625115368,0.3160332523217448,0.0051179474060201,1339450.8089529567,5639274.678828485,4847420.907893342,0.2375218242128998,0.3306,-86314.07774299999,392286.66168446967,-0.614991153474875,-40961.33999999985,-605027.6399999999,387613.6799999999,817,10.0
61.75,6.0,10000,0,120.61691110822512,10.751763289179424,200,1917,62.19095047940109,67.51989941425506,0.4409504794010885,0.0071408984518394,1150788.3324502583,5794337.473324514,5070016.975211661,0.1986056797257946,0.3508,-68353.85561199998,392381.472953866,-0.6727050239963295,-36421.28999999957,-570548.9099999997,410078.5200000005,823,10.0
61.75,6.25,10000,0,119.65435087543206,11.583727180057451,199,1917,62.22285074758558,67.6808715175998,0.4728507475855821,0.0076575019851916,1146504.4032798037,5748751.533516676,5077610.088676492,0.1994353724622455,0.3564,-71809.12529299999,391926.9478439809,-0.5985141455112236,-41667.56999999983,-575003.7449999999,417884.1000000005,829,10.0
61.75,6.5,10000,0,118.94208051157597,11.768028619845602,195,1917,62.26041639905935,67.87405125147193,0.5104163990593449,0.0082658526163456,1085609.5339483826,5768074.614291736,5085624.332133426,0.1882100365446962,0.3662,-63453.280878,390933.7254944871,-0.5712526389101202,-37228.41000000015,-574186.0800000001,435018.3000000008,832,10.0
62.0,3.5,10000,0,97.59254738149362,9.555113896957652,153,1917,61.40711970010565,66.0926578252796,0.5928802998943468,0.0095625854821668,1966486.5691333776,4961982.19286199,3509351.4196361885,0.3963106864757087,0.2625,-78270.99517799997,364276.50163663214,-0.8517993768164763,-37833.749999999534,-574671.5300000003,325740.1799999997,725,10.0
62.0,3.75,10000,0,106.02443554781831,9.937986961361108,163,1917,61.62034620059738,66.32968576429303,0.3796537994026181,0.0061234483774615,1950891.4297171608,5027782.380756582,3649620.344665084,0.38802224956753,0.2604,-81010.83521099997,365040.2530862527,-0.8789735047923529,-34504.380000000354,-580278.2399999979,325740.1799999997,736,10.0
62.0,4.0,10000,0,111.05707477052664,11.303011122162946,174,1917,61.69060143367735,66.44307952328377,0.309398566322649,0.0049902994568169,1905197.2336219172,4945884.688285879,3640271.286192988,0.3852085832357348,0.2698,-89307.19222199997,363232.6202719003,-0.9228724233389048,-40961.34000000032,-577993.6800000002,311385.5280000007,754,10.0
62.0,4.25,10000,0,114.76433962365812,11.1916912883875,181,1917,61.729806076825966,66.5253601272652,0.270193923174034,0.004357966502807,1821542.819544606,5084097.54175368,3964623.710121389,0.3582824295924687,0.2811,-83452.17796699998,360662.8481299375,-0.846917631887957,-37228.41000000015,-574454.5500000003,324407.51999999955,771,10.0
62.0,4.5,10000,0,115.58701911499271,11.564437043204736,184,1917,61.845847704508735,66.71108446465965,0.154152295491265,0.0024863273466333,1617653.0264009945,5360744.50513068,4521314.861168572,0.3017590233693781,0.2961,-85971.53810499999,374508.15653797,-0.8064074207384857,-43406.6400000006,-581230.1400000001,345158.9399999995,786,10.0
62.0,4.75,10000,0,117.79119564107847,11.404068971809137,187,1917,61.90150989248764,66.8091102559426,0.0984901075123616,0.0015885501211671,1629097.4747220178,5395443.691406392,4511810.775208391,0.3019394822555126,0.2996,-83629.51486599998,369759.0905070697,-0.8211275674144587,-39851.54999999981,-586560.7800000003,346491.6000000001,794,10.0
62.0,5.0,10000,0,121.575215254179,11.769136616137844,195,1917,61.9789253855817,66.95730664246081,0.0210746144182962,0.0003399131357789,1430089.1579241,5564608.873984313,4737902.976374703,0.2569972464030778,0.32,-85402.15512999997,371298.9453104284,-0.6365945320398323,-48495.02999999933,-574671.53,366481.5000000009,810,10.0
62.0,5.25,10000,0,122.26634086536272,11.369838093505548,198,1917,62.15960153129371,67.2417898667918,0.1596015312937098,0.0025742182466727,1266357.544398862,5781695.651106685,5000461.49809885,0.2190287453398668,0.3441,-78813.42993999999,395808.2340988879,-0.609823840510462,-40961.33999999985,-605027.64,397894.1999999997,819,10.0
62.0,5.5,10000,0,124.21761106072891,12.508756129290504,202,1917,62.19548061449529,67.34537296909356,0.1954806144952883,0.0031529131370207,1249434.9427238645,5767521.045673923,5065669.934713577,0.2166329230234946,0.3448,-79187.43213399999,397953.5222078256,-0.5573748747343035,-37934.640000000014,-605027.6400000004,399988.3799999999,823,10.0
62.0,5.75,10000,0,121.62113448483952,13.207945900253591,198,1917,62.3346877285933,67.57680654701005,0.3346877285933018,0.0053981891708597,1068196.0774446717,5802961.947394638,5056774.991548434,0.1840777325662562,0.3624,-76894.604911,388486.14018489525,-0.5275468579474091,-38640.86999999988,-581230.1400000001,397894.1999999994,831,10.0
62.0,6.0,10000,0,119.98760835571696,11.99270843327257,197,1917,62.38349163459958,67.73187723447923,0.3834916345995793,0.0061853489451545,1027316.0323073984,5897214.196895679,5143200.536196123,0.1742036151320707,0.373,-83778.47802,399811.4262038511,-0.554250381305306,-47418.30000000016,-602800.1940000001,399988.3799999999,838,10.0
62.0,6.25,10000,0,119.37703419510068,11.657185489135504,194,1917,62.45931969604241,67.94539136399533,0.4593196960424066,0.0074083821942323,1026541.6841803752,5884041.336196301,5163442.796443364,0.1744620109762819,0.3779,-71337.96707400001,403434.362816878,-0.4566431274393127,-43988.03999999992,-605027.6399999997,435018.2999999989,842,10.0
62.0,6.5,10000,0,119.47611900062532,12.195121951219512,191,1917,62.60667715575809,68.25531124981538,0.6066771557580921,0.009785115415453,972705.1670767418,5947939.805999154,5223158.290889666,0.1635364846994015,0.3949,-72269.64387300001,387752.7300738192,-0.2766427286907447,-45602.28000000003,-581230.1400000001,410268.9000000004,841,10.0
62.25,3.5,10000,0,99.56416482223072,9.18982502573151,154,1917,61.79550963278894,66.50311249473705,0.4544903672110578,0.0073010500756796,1847420.6846647407,5113715.309071668,3720486.5855817487,0.3612678010032039,0.2762,-91944.25825299998,370713.6101754336,-0.8431530018659544,-38943.54000000004,-592652.9399999995,324407.51999999944,732,10.0
62.25,3.75,10000,0,104.33593346701088,11.018069634200089,164,1917,61.86452830935127,66.60972003314404,0.3854716906487354,0.0061923163156423,1772631.436320512,5015528.292495908,3682168.953452628,0.3534286585468321,0.2844,-89337.305968,374334.4799844647,-0.7676186420629312,-40154.21999999997,-593186.0039999998,325740.1799999997,750,10.0
62.25,4.0,10000,0,107.9317000351589,10.888501742160276,170,1917,61.89880090563244,66.68541550139996,0.3511990943675585,0.0056417525199607,1678439.7023419528,5261120.558706518,4365587.446514813,0.3190270368475663,0.2985,-86786.37808999997,373453.4611699375,-0.7099724184326858,-39027.90000000037,-598105.3699999999,324597.8999999999,769,10.0
62.25,4.25,10000,0,111.25041682643166,11.877613074876477,176,1917,62.01092728026392,66.84868606355974,0.239072719736086,0.0038405256182503,1648525.1780811932,5284659.162967915,4416938.031792928,0.3119454116612065,0.2953,-85138.80551599998,369765.0887708319,-0.705153452621226,-38943.54000000004,-581230.1400000001,344016.65999999974,785,10.0
62.25,4.5,10000,0,114.18114631754848,11.535622000738284,180,1917,62.04873634365553,66.92160563212622,0.2012636563444729,0.0032331511059353,1579555.6235646473,5357464.372354684,4538508.420094723,0.2948326883358086,0.2993,-90141.15931699998,373322.9179302251,-0.7712477214064796,-42537.10500000045,-592652.9400000004,325740.1799999998,794,10.0
62.25,4.75,10000,0,119.67626565653946,12.32741617357002,190,1917,62.12967648360186,67.06651498280605,0.1203235163981375,0.0019329078939459,1489672.9350728495,5583037.7229287205,4735104.6249269685,0.2668212197375956,0.311,-81972.32869099999,369780.3251824925,-0.7374367501722613,-43988.039999999804,-574186.0800000001,362483.5199999992,811,10.0
62.25,5.0,10000,0,122.636010881027,11.648495014444135,195,1917,62.27826579726384,67.30801993913555,0.0282657972638347,0.0004540690323507,1334447.7300228032,5714923.461707527,4856157.076359705,0.2335022925441055,0.3309,-79835.27806,380521.57143346727,-0.4413022457277304,-40154.220000000205,-597995.7590000004,376381.2599999998,821,10.0
62.25,5.25,10000,0,126.20673853284896,14.269406392694064,201,1917,62.37608335741766,67.47362714246435,0.1260833574176629,0.0020254354605247,1241136.4518612155,5691128.7911144905,4829801.134620768,0.2180826506332084,0.3494,-83213.81219400001,391306.6400330609,-0.5469552362973902,-40961.34000000032,-605027.6399999997,387613.6799999997,826,10.0
62.25,5.5,10000,0,125.29277676740156,12.05283964902131,199,1917,62.50952246516986,67.69234079216537,0.2595224651698586,0.0041690355850579,1032123.0103057788,5812136.208911953,4997218.386450104,0.1775806645279903,0.368,-79034.61825,383100.5684621669,-0.4663300573961237,-43887.14999999991,-592652.9399999995,387613.67999999993,836,10.0
62.25,5.75,10000,0,125.2973154521366,12.596996875944772,201,1917,62.63880382184984,67.92583642552016,0.3888038218498408,0.0062458445277082,899396.8951017986,5859810.108609972,5109140.221570791,0.1534856724760229,0.398,-90387.250528,388924.4850323794,-0.3496489401326012,-53976.14999999991,-618718.4700000002,387613.6799999999,844,10.0
62.25,6.0,10000,0,124.83640471037036,12.598266478532553,199,1917,62.73174796190958,68.13892325044756,0.4817479619095834,0.0077389230828848,870426.5377504646,5825615.940966057,5039583.762078379,0.1494136494013579,0.4043,-87666.47443,389414.1324687827,-0.3283385131798998,-52008.79499999969,-605027.6400000004,398274.9600000016,850,10.0
62.25,6.25,10000,0,124.0503485823939,12.403254614010716,196,1917,62.88863259960622,68.42622684793501,0.6386325996062183,0.0102591582266059,744029.1888271641,6038014.007065897,5315040.88083081,0.1232241574723866,0.4279,-93278.10341599998,391776.00816976913,-0.2027642535784998,-53687.16000000015,-633256.1300000002,397894.1999999988,854,10.0
62.25,6.5,10000,0,125.56589176794428,12.306783499064682,195,1917,62.8672052735832,68.51308389817058,0.6172052735831954,0.0099149441539469,808927.256147791,6029971.76104814,5358561.862288295,0.1341510853124098,0.4221,-77236.821796,381740.1030696779,-0.2492565626471864,-50041.44000000006,-597983.5799999996,397894.1999999994,851,10.0
62.5,3.5,10000,0,98.89484593127544,10.662799624669455,153,1917,62.01467148042067,66.73840514138958,0.4853285195793333,0.0077652563132693,1730470.391451083,5090902.85394757,3855272.484538581,0.3399142433270452,0.2942,-85006.81219299998,356268.6638389418,-0.7652739899248043,-32174.22000000067,-577993.6800000002,325740.1799999997,746,10.0
62.5,3.75,10000,0,102.30687560961464,10.833766684000691,158,1917,62.04560978083363,66.80879781558804,0.4543902191663704,0.0072702435066619,1638386.5895672974,5269251.847900663,4374015.890498798,0.3109334373949219,0.3017,-90381.674959,361005.1184253529,-0.7568361383278142,-35311.499999999534,-581230.1400000006,324407.5199999991,766,10.0
62.5,4.0,10000,0,107.31387534821654,10.731456043956042,166,1917,62.16815612043117,66.9636184457153,0.3318438795688294,0.0053095020731012,1631386.874559135,5342263.730107719,4515189.034216924,0.3053737061622452,0.2992,-81777.49436899998,356741.3195173348,-0.7867705595195541,-34403.48999999976,-574454.5500000002,324597.8999999999,784,10.0
62.5,4.25,10000,0,110.88881950322464,11.913839115516586,171,1917,62.24261599331143,67.06540122194582,0.2573840066885751,0.0041181441070172,1628009.1685696263,5232691.743775022,4337929.221026329,0.3111226971293232,0.2999,-83355.76691299998,354294.2696775092,-0.6201067023699521,-38830.39500000002,-574671.53,324407.51999999955,794,10.0
62.5,4.5,10000,0,117.10755978843514,12.649261283141062,181,1917,62.34314919513624,67.22239665176492,0.1568508048637653,0.0025096128778202,1545214.9258675084,5566033.1989615895,4663914.663122808,0.2776151112709473,0.3041,-81270.16780699998,354125.2656199973,-0.6671243330977246,-38943.54000000004,-553434.66,325740.1799999997,811,10.0
62.5,4.75,10000,0,120.70836547240802,13.25275657336726,189,1917,62.45904159487435,67.4167685051948,0.0409584051256501,0.0006553344820104,1396286.5569986384,5677023.275638621,4849166.362542167,0.2459539954663242,0.3269,-75989.01395299999,373862.63251707976,-0.5016833762588244,-36679.5,-581230.1400000001,376381.2599999998,821,10.0
62.5,5.0,10000,0,125.15042882656012,13.815207780725022,197,1917,62.56352224639397,67.58533649130794,0.0635222463939726,0.0010163559423035,1384860.8053138815,5637181.529620702,4767388.602560751,0.2456654620819106,0.3345,-74101.36457999998,374727.7257574219,-0.4681438507492735,-41970.23999999976,-558765.3000000003,371336.1900000018,826,10.0
62.5,5.25,10000,0,125.94384797071244,12.012300595810109,198,1917,62.70673005650182,67.80445447689391,0.2067300565018186,0.003307680904029,1158214.4539807134,5716366.387114141,4879227.675126948,0.2026137541833507,0.366,-79767.79089599998,377162.5281872247,-0.3624893821069735,-43080.0299999998,-595508.6400000006,387613.6799999997,837,10.0
62.5,5.5,10000,0,127.62656847284732,12.950683796104434,201,1917,62.82988831598696,68.02908723094471,0.3298883159869632,0.0052782130557914,1047513.9511056676,5822096.629360425,5071228.881857711,0.1799203994353388,0.3805,-90532.868067,378522.8890515532,-0.4039357776343677,-51129.0,-613404.3599999994,376381.2599999998,847,10.0
62.5,5.75,10000,0,128.7480959778257,11.9115685153421,203,1917,62.97833542170014,68.29343932621694,0.4783354217001374,0.0076533667472021,875175.7177415413,5904399.022358374,5221141.810669077,0.1482243517803396,0.4022,-86844.42341299998,380184.7871971919,-0.372789164001549,-51129.0000000007,-602552.7000000001,387613.6799999997,853,10.0
62.5,6.0,10000,0,129.32301149768713,12.696800406297614,202,1917,63.17640167169527,68.61034816408915,0.6764016716952668,0.0108224267471242,705318.3377748925,6042434.056263618,5392451.232960642,0.1167275192757388,0.431,-90404.785419,383779.8009023538,-0.2437829109955016,-56205.42000000004,-633256.13,376381.2599999998,860,10.0
62.5,6.25,10000,0,130.54926623807248,13.331911262798634,202,1917,63.16841971009045,68.68788672229816,0.668419710090447,0.0106947153614471,825388.4403725171,6003140.264833237,5339769.077968317,0.1374927794387369,0.4179,-82485.29392099999,380147.52536973567,-0.2270751193212293,-51129.0,-605027.6400000004,376381.2599999998,860,10.0
62.5,6.5,10000,0,128.9780345213766,12.958739373833714,198,1917,63.19843260988334,68.80701307917137,0.6984326098833407,0.0111749217581334,790999.9510719716,6053603.535946446,5409310.674002296,0.130665965548453,0.4242,-85755.80032499999,382840.7755692045,-0.3072393056212167,-51021.8399999993,-605027.6400000002,376381.2599999998,864,10.0
62.75,3.5,10000,0,100.17340591183586,11.196703690433532,153,1917,62.16339933306445,66.89802112137667,0.5866006669355457,0.0093482177997696,1672377.7548209124,5256683.43218915,4268323.550122186,0.3181431365221948,0.297,-71595.85861499998,352340.5140788772,-0.7699947334981926,-26272.43999999925,-547342.5,325740.1799999997,760,10.0
62.75,3.75,10000,0,105.1712997481847,10.97935880544576,161,1917,62.28481576778367,67.04679804782694,0.4651842322163304,0.007413294537312,1671701.4433674975,5357352.931445009,4518018.111004973,0.312038699850338,0.2915,-72859.35572699997,347306.85951574275,-0.7442815308067875,-33495.479999999865,-542849.5319999987,325740.18000000063,778,10.0
62.75,4.0,10000,0,108.73176512432087,11.349191937534044,167,1917,62.3560240015335,67.14412758446032,0.3939759984665016,0.0062785019675936,1677566.6941822758,5388826.966244249,4536962.216938896,0.3113046131728847,0.2924,-72052.17441399998,342840.535095805,-0.670786549922808,-34504.380000000354,-537061.9800000004,323550.8100000011,793,10.0
62.75,4.25,10000,0,114.79419909350052,12.488760115895694,177,1917,62.45064903620324,67.2914789400512,0.2993509637967619,0.0047705332875978,1565199.5771070153,5607367.473399972,4729816.223550396,0.2791326918615469,0.3054,-62211.46806699999,343226.02345509245,-0.6473808005358247,-28249.200000000183,-512181.29000000015,344587.8000000003,811,10.0
62.75,4.5,10000,0,119.08361670256446,12.584314909896303,184,1917,62.59690016867935,67.50437248671523,0.1530998313206524,0.0024398379493331,1511126.588651569,5679322.3804142205,4822281.878619332,0.2660751560543311,0.3142,-69052.55746999999,357378.8580471506,-0.5789493857036396,-37228.41000000015,-547766.01,345425.4720000021,822,10.0
62.75,4.75,10000,0,124.01527607403318,13.153740923918765,193,1917,62.682771369946536,67.6442060018299,0.0672286300534636,0.0010713725904934,1398449.2411236688,5653319.996691751,4793076.240905792,0.2473677842298017,0.3364,-73928.73571,363648.5251447049,-0.5505846911220641,-38640.87000000011,-547766.01,348547.70400000265,827,10.0
62.75,5.0,10000,0,125.80704215052312,12.881286067600987,195,1917,62.79554972433725,67.82339119025032,0.0455497243372491,0.0007258920213107,1273698.6526195102,5678742.925619009,4780163.37406277,0.2242923599998447,0.3459,-72840.510159,370427.4534074543,-0.488453063859879,-39851.54999999981,-574671.5299999998,368956.4400000004,838,10.0
62.75,5.25,10000,0,127.48990673375768,13.61952495096971,199,1917,62.91753838954139,68.04038913963609,0.1675383895413915,0.0026699344946835,1071304.295736249,5739143.800717696,4963924.807454735,0.1866662228610267,0.3756,-94141.74098699998,379451.27917558246,-0.5554318760637975,-50041.43999999983,-618718.47,355629.8399999999,848,10.0
62.75,5.5,10000,0,131.05920273779566,12.169003115264797,205,1917,63.10005891201122,68.34344174745988,0.3500589120112209,0.00557862807986,788309.7701982203,6067954.743150888,5381113.882383999,0.1299135876199493,0.4086,-77294.88247099998,386244.0053176503,-0.4584901861868276,-44088.93000000017,-602552.7000000001,397894.1999999994,857,10.0
62.75,5.75,10000,0,133.34054654618757,14.907573047107928,206,1917,63.33369446829884,68.6944143927775,0.5836944682988374,0.0093019038772723,768505.2287175058,6145672.634820865,5540869.295868612,0.1250481882753109,0.4214,-86281.48206499997,384830.06831569993,-0.3142944723283228,-49940.55000000005,-628063.6200000006,367623.7799999993,866,10.0
62.75,6.0,10000,0,134.87980460208846,15.122187273167189,207,1917,63.361315907780295,68.79881695174763,0.6113159077802948,0.0097420861797656,635799.6918224529,6134851.927049885,5527509.697829123,0.1036373329597532,0.4378,-81936.16986699996,380703.5936769326,-0.2188436922984813,-51021.83999999933,-605027.6400000001,368956.4400000004,868,10.0
62.75,6.25,10000,0,133.74421896793635,13.419216317767042,205,1917,63.43190713372365,68.9552405774186,0.681907133723648,0.0108670459557553,685788.2074160173,6180280.540778515,5639253.5316855125,0.1109639283995399,0.4247,-79945.74759399999,383089.0195924347,-0.2778827272140434,-51021.83999999927,-611176.9140000001,392182.7999999997,872,10.0
62.75,6.5,10000,0,129.22280066297446,12.556504269211448,198,1917,63.47953550765988,69.11419130713472,0.7295355076598753,0.0116260638670896,586551.8735841035,6200234.358558107,5680513.332190902,0.0946015649835063,0.438,-86193.68120299999,388129.9197886368,-0.3546713364778222,-51958.34999999963,-627072.2000000001,396942.3000000011,871,10.0
63.0,3.5,10000,0,99.10505984313046,10.455001672800266,145,1917,62.43442794519918,67.16828282399638,0.5655720548008176,0.0089773342031875,1717452.2291693494,5374528.124818222,4549761.136558486,0.3195540500083321,0.2897,-85593.05447599998,349897.28863333823,-0.7127037695378373,-30973.22999999998,-564476.700000001,276241.3799999999,780,10.0
63.0,3.75,10000,0,102.47060967280366,9.852605028769606,151,1917,62.50431936993903,67.26096336407933,0.4956806300609671,0.0078679465089042,1713295.3589942746,5422481.539255291,4546587.486205552,0.3159614922782335,0.2888,-80128.13119699997,342514.5379605974,-0.641554085671081,-35210.610000000335,-550769.3400000008,276241.3800000008,796,10.0
63.0,4.0,10000,0,108.1920429553518,11.254164040695056,159,1917,62.598299817883145,67.40180222879924,0.4017001821168549,0.0063761933669342,1634630.5336467118,5550569.8604168445,4680218.90318038,0.2944977857686043,0.2919,-79935.63790299997,337919.351968089,-0.6926295105167352,-37228.41000000015,-543915.6599999992,276241.37999999995,814,10.0
63.0,4.25,10000,0,114.13464208589328,12.066801814846992,168,1917,62.73592540086172,67.59754417748324,0.2640745991382829,0.0041916603037822,1564183.827748001,5601269.602999746,4699205.926876425,0.279255229369839,0.3045,-76373.27139699997,359695.1497077977,-0.4931193842418771,-34201.70999999979,-578145.9840000004,324407.5199999998,825,10.0
63.0,4.5,10000,0,118.99663309842477,11.63873370577281,177,1917,62.81811055252946,67.73185565985736,0.1818894474705388,0.0028871340868339,1452002.530939132,5677328.459764824,4820954.508818883,0.2557545404021382,0.3224,-77554.100915,353461.182077898,-0.5160397981703466,-37531.08000000008,-547342.5,309614.9940000033,831,10.0
63.0,4.75,10000,0,121.56574531908012,12.382367508667658,180,1917,62.90207439442776,67.87118751904535,0.0979256055722359,0.0015543746916227,1425558.8388124695,5625148.979041664,4698194.332630712,0.2534259704274245,0.3314,-81967.71885399999,352349.9555894574,-0.5189441724980673,-42172.02000000025,-560133.8699999999,324407.5199999998,843,10.0
63.0,5.0,10000,0,124.89456769211172,13.289389751222622,186,1917,63.06145278886667,68.12162184494622,0.0614527888666671,0.0009754410931217,1223271.468762126,5636557.145873247,4756294.888314601,0.2170245838202373,0.3562,-98508.512944,359624.85473750194,-0.4426577207970459,-52059.23999999976,-613404.3599999994,308796.3599999994,853,10.0
63.0,5.25,10000,0,130.97642873946444,13.105472845460264,195,1917,63.29448432876367,68.47723208111209,0.2944843287636658,0.00467435442482,930763.3182806649,5994836.898420429,5301620.91860347,0.1552608242812928,0.3891,-85129.230428,377521.1919714975,-0.325273524072027,-47468.74500000017,-605027.6399999997,355058.7000000002,863,10.0
63.0,5.5,10000,0,137.1212758605885,14.007171671896009,202,1917,63.49921491944023,68.79532547744581,0.4992149194402273,0.007924046340321,867830.6774726559,6070194.898811497,5368332.558630812,0.1429658671491044,0.403,-88953.12114199999,375379.3480634294,-0.2879079465996573,-53068.14000000013,-602800.194,357343.2600000006,873,10.0
63.0,5.75,10000,0,140.79866938507334,14.08292023433979,207,1917,63.58986466656221,68.96599938235352,0.5898646665622138,0.0093629312152732,763995.6760347224,6072110.183550853,5404359.866431394,0.1258204566353821,0.4112,-92616.90451799997,373933.35224616696,-0.276544975763686,-61542.90000000037,-602685.9660000004,366728.99400000175,876,10.0
63.0,6.0,10000,0,140.22819451440031,13.53546291283162,206,1917,63.69231670279068,69.14850037363668,0.6923167027906771,0.0109891540125504,763590.0107483666,6118122.139523195,5473548.911992807,0.124807905650585,0.4069,-93664.75162999996,375685.53914168576,-0.3605071687964381,-56316.00000000047,-628063.6200000006,362483.5199999996,881,10.0
63.0,6.25,10000,0,135.34155288704812,13.235916984328677,199,1917,63.75950009439335,69.3119723640078,0.7595000943933528,0.0120555570538627,640597.1204715843,6153511.121091193,5585089.7476171255,0.104102699721454,0.4236,-90994.40628199997,377448.0125575353,-0.2250568071184951,-58314.419999999925,-610929.4199999995,376476.754,883,10.0
63.0,6.5,10000,0,129.4412833902948,12.383594214384782,191,1917,63.87524658195965,69.52080672913668,0.8752465819596509,0.0138928028882484,644067.3318245048,6158868.008143259,5661342.045099341,0.1045756023627911,0.4201,-102404.07595199996,380862.87230032106,-0.2436786401567869,-65780.28000000014,-633256.1300000001,374858.2199999997,883,10.0
63.25,3.5,10000,0,99.70845829599808,10.653711753174804,147,1917,62.657343198647055,67.37124663229868,0.5926568013529447,0.0093700680055801,1810116.4821147055,5329579.848091497,4494952.124175542,0.33963586881298,0.2752,-91469.78728899996,340751.1633831243,-0.8490015893031602,-39027.90000000037,-564476.7000000011,208842.2999999998,786,10.0
63.25,3.75,10000,0,106.41771440438389,10.756389295241371,157,1917,62.79576174072865,67.54611802392763,0.4542382592713494,0.0071816325576497,1766698.0437739997,5515862.034897364,4648050.903632816,0.3202940959357903,0.2858,-78153.74173199997,336238.36768844706,-0.6616625575507437,-35311.499999999534,-537061.9800000004,215890.91999999995,805,10.0
63.25,4.0,10000,0,112.30718215900984,12.151258870418976,167,1917,62.92902162860956,67.73247669089078,0.3209783713904386,0.0050747568599278,1577142.070796113,5625214.49174863,4708490.834510109,0.2803701215499516,0.3112,-82054.43418899996,355140.5502137424,-0.571550817495404,-36068.17499999981,-577993.6799999997,276241.3800000008,816,10.0
63.25,4.25,10000,0,117.08466538220824,12.081964044075006,176,1917,63.00208327343765,67.85478357025036,0.2479167265623516,0.0039196320405114,1508589.9883156514,5665501.529739249,4756143.562404985,0.266276512396438,0.3196,-84996.70487699995,355058.87733095576,-0.6267805034712324,-37631.96999999974,-574186.0800000001,274118.1299999997,822,10.0
63.25,4.5,10000,0,119.66242197714276,12.202264740335805,179,1917,63.08219124946016,67.98666242552362,0.1678087505398409,0.0026531027753334,1437308.361712326,5604567.710732929,4739812.035926163,0.2564530282968718,0.3303,-86206.62679599998,358108.7127775703,-0.5234993482638333,-41465.79000000004,-597983.5800000001,286190.16000000184,834,10.0
63.25,4.75,10000,0,122.89833473353468,13.149589732800338,184,1917,63.2364108324177,68.22635864103474,0.0135891675823032,0.0002148484993249,1309326.7468048965,5676146.94205113,4772111.892119108,0.2306717497224901,0.3497,-99204.78339099998,363217.7013568959,-0.4919903090624516,-51021.8399999995,-605027.6400000004,276241.37999999995,848,10.0
63.25,5.0,10000,0,129.92758089488507,13.28797703837568,194,1917,63.479158768527405,68.59236368944252,0.2291587685274052,0.0036230635340301,978519.5973222352,6016058.827392896,5303252.747500591,0.1626512681137268,0.3911,-95594.99374,373305.7788397452,-0.4294672932126788,-51021.83999999924,-627072.2,325740.1799999997,859,10.0
63.25,5.25,10000,0,137.8916134131734,13.449537335915643,202,1917,63.60173936121485,68.82011816521396,0.3517393612148538,0.0055610966199976,856477.4653340258,6070520.227080574,5451176.868779042,0.141087984768304,0.4049,-84995.31766799999,378189.7547622959,-0.3367031438040198,-51021.83999999918,-605027.6400000001,362483.5199999995,869,10.0
63.25,5.5,10000,0,141.73594940770064,12.827090815802975,206,1917,63.68667665051701,68.98102858774699,0.4366766505170076,0.0069039786643005,820668.0278072184,6090345.796149717,5413010.501565348,0.1347490036322798,0.4081,-83379.98431299996,374870.1725706343,-0.322516483520179,-51353.01000000024,-605027.6399999997,362883.3180000015,873,10.0
63.25,5.75,10000,0,143.33535717034397,14.19647927314026,208,1917,63.7876180010335,69.1662365131957,0.5376180010335005,0.0084998893444031,682015.2182530445,6151800.927994707,5553359.561458411,0.1108643186338216,0.4183,-92958.29530199995,381678.6550542707,-0.3857974245656699,-53068.1399999999,-633256.1300000001,374858.2199999997,879,10.0
63.25,6.0,10000,0,140.77050075971368,13.93068093168394,204,1917,63.88572070577811,69.3662924082785,0.6357207057781125,0.0100509202494563,632925.548613278,6086548.75426036,5331538.221443972,0.1039875920110314,0.425,-103940.54137099998,379830.47527319455,-0.4340910431441338,-65074.05000000005,-627072.2000000002,362483.5199999994,884,10.0
63.25,6.25,10000,0,134.48166398635888,12.678770666396185,196,1917,64.01319795196352,69.57603720842995,0.7631979519635195,0.0120663707820319,545199.7089883507,6048787.039967679,5386514.339056377,0.0901337252222495,0.4356,-104959.29235799996,382433.17740446073,-0.2943832752734768,-66738.73499999987,-628063.6200000006,374858.2199999997,886,10.0
63.25,6.5,10000,0,130.03474849808833,13.042570951585976,190,1917,64.09578151459795,69.74016277497248,0.8457815145979453,0.0133720397564892,477937.2294049625,6151570.920071314,5504551.668320926,0.0776935250548036,0.442,-115473.97681299996,385959.3410493194,-0.3056618688026331,-72741.68999999994,-654303.19,338876.3999999992,885,10.0
63.5,3.5,10000,0,98.2954783304864,10.657345042203088,141,1917,63.00667429908411,67.72772125668982,0.4933257009158893,0.0077689086758407,1738131.7163031478,5654813.808299058,4744605.427252002,0.3073720506504121,0.2849,-98733.43074499998,326822.4741330875,-1.019175377534038,-38792.20500000008,-547766.01,172484.28000000026,800,10.0
63.5,3.75,10000,0,104.13875112384304,12.50500200080032,151,1917,63.13841054171005,67.91681279041853,0.3615894582899557,0.0056943221777945,1545661.961313705,5635496.928854605,4773502.929622654,0.2742725230493303,0.3125,-96869.05884199998,345592.57127238304,-0.7408370435057572,-37631.970000000205,-581230.1399999997,183185.97299999988,811,10.0
63.5,4.0,10000,0,108.9149472670806,11.484748254318264,161,1917,63.20905517884692,68.03367661193761,0.2909448211530829,0.0045818082071351,1490345.7389219382,5701811.322114373,4863563.080277231,0.2613811041311835,0.3226,-97595.51232799998,340575.6854718341,-0.719998933164505,-45299.610000000335,-567884.5019999997,189370.52999999933,818,10.0
63.5,4.25,10000,0,112.28994728337778,12.329848096271451,165,1917,63.25375541045595,68.1180779661287,0.2462445895440481,0.0038778675518747,1484213.529926365,5563604.760966602,4675705.907752291,0.2667719210284993,0.3288,-102712.315631,343370.62761826144,-0.6663085903313819,-45602.28000000003,-592652.9399999995,183115.34999999963,830,10.0
63.5,4.5,10000,0,116.4212253090689,11.514369933677228,171,1917,63.39360228270928,68.34127565527645,0.1063977172907257,0.0016755546030035,1277010.611945144,5739496.53152031,4882350.370178152,0.2224952319305405,0.3513,-111719.42192499996,352816.8601108531,-0.6687682036491227,-52513.24500000011,-627072.2,197038.16999999972,845,10.0
63.5,4.75,10000,0,125.93607156406316,12.961426793861468,184,1917,63.61080732673933,68.67120848399219,0.1108073267393336,0.0017449972714855,996291.3985672364,6013943.310800972,5362105.030777347,0.1656635832895046,0.3882,-104673.64234899996,367043.0400941958,-0.5123488015321115,-51958.35000000009,-636630.7199999997,240830.6999999997,857,10.0
63.5,5.0,10000,0,138.51665376052142,14.514630747793774,197,1917,63.8018296387357,68.96403576903985,0.3018296387356969,0.004753222657255,802297.2446206601,6076962.374711584,5447966.507613732,0.132022743461323,0.41,-81899.79854699998,403309.01017726,-0.0797140047050206,-47065.185000000056,-618718.4700000002,371102.4900000012,868,10.0
63.5,5.25,10000,0,143.41758314297337,15.03488092374308,202,1917,63.89993059498112,69.13273088748053,0.3999305949811145,0.0062981196060018,665122.7108326093,6109562.443225726,5495022.40859822,0.108865850380185,0.4278,-91477.50127,399510.2121890886,-0.1217970010872066,-53017.69499999983,-636630.7199999997,342684.0,872,10.0
63.5,5.5,10000,0,149.1905767698751,15.6328164082041,208,1917,64.08366271901644,69.40782273509909,0.583662719016445,0.0091915388821487,598515.7692309372,6096752.683442403,5396299.115781395,0.0981695995076838,0.4347,-95328.55715799998,413244.25241050246,-0.0491204369293987,-59625.99000000022,-654303.1900000002,388184.8200000003,880,10.0
63.5,5.75,10000,0,146.45998175557972,15.105740181268876,204,1917,64.19031354726292,69.6083716200692,0.6903135472629174,0.0108710794844553,427811.5596509637,6064071.239794291,5368812.286976603,0.0705485708748824,0.458,-107594.332628,413983.71483317926,-0.0138453358473187,-72741.68999999994,-654526.44,373525.55999999866,890,10.0
63.5,6.0,10000,0,142.86482252516163,14.161096635323435,200,1917,64.28159974243877,69.77912062350151,0.7815997424387717,0.0123086573612405,419621.4353040432,6066662.287179737,5392613.645467399,0.0691684183889385,0.4578,-104807.053585,425593.8597717821,0.009303162775752,-72741.68999999994,-676800.8999999994,399988.3799999999,893,10.0
63.5,6.25,10000,0,137.9091590975286,13.597302295224624,195,1917,64.38038896948935,69.94782067192381,0.8803889694893456,0.0138643932203046,305420.5885874836,6052572.999243772,5343233.447498304,0.0504612812808112,0.4756,-115194.108561,429331.9355898639,-0.0521396511447068,-79652.65500000025,-678133.5600000005,397894.1999999991,897,10.0
63.5,6.5,10000,0,134.3664264623732,12.980269989615785,190,1917,64.44663962938466,70.09213023330192,0.9466396293846628,0.014907710698971,254351.99199160343,6145558.649934796,5573428.804149669,0.041387936635232,0.4742,-104273.890937,417061.33497069473,0.0293751503531034,-75364.83000000019,-655383.1499999996,397894.199999999,897,10.0
63.75,3.5,10000,0,103.51087865104672,10.581562685177344,149,1917,63.20668934862389,67.9553882733903,0.5433106513761103,0.008522520021586,1539931.0364954837,5702409.06693175,4744356.884752146,0.2700492052430153,0.3125,-93755.72264199998,345181.8887737868,-0.855725281967933,-36550.395000000135,-581230.1399999997,189370.5299999998,803,10.0
63.75,3.75,10000,0,108.30483723363685,10.985148079796115,158,1917,63.27355318741984,68.06889042423434,0.4764468125801642,0.0074736754914535,1497410.9376944306,5620633.081211039,4693438.070954958,0.2664132164577791,0.3207,-97003.88179699998,341292.6797521184,-0.8189641647680895,-40961.33999999985,-558765.3000000003,183821.57999999967,811,10.0
63.75,4.0,10000,0,111.54273803510544,11.21780489993718,162,1917,63.31524976552743,68.14576148770837,0.434750234472574,0.0068196115211384,1353806.3837809826,5587416.857138393,4692032.267320969,0.2422955756471582,0.3462,-103489.781685,349303.6611854274,-0.66403705127383,-43988.04000000004,-605027.6400000001,186171.7850000003,824,10.0
63.75,4.25,10000,0,115.42463016264011,11.718383800506237,168,1917,63.452928108724805,68.35858752754764,0.2970718912751948,0.0046599512356893,1271789.5262426827,5697117.35059047,4797149.885795444,0.2232338651249424,0.3519,-107799.10216399998,346820.63288798416,-0.7005818274612065,-49940.55000000005,-605027.6400000004,189370.52999999933,840,10.0
63.75,4.5,10000,0,125.71367833193791,13.249947000212,182,1917,63.67823823980148,68.69229960259895,0.0717617601985196,0.0011256746697807,1033228.1972918666,5957770.361711656,5224092.959250709,0.1734253142638787,0.3825,-98708.72880699998,359934.79530359566,-0.54183573496161,-45602.28000000003,-613404.3599999994,240830.6999999997,853,10.0
63.75,4.75,10000,0,138.01445165972586,15.978524862584688,195,1917,63.85722240945499,68.96405110615306,0.1072224094549909,0.0016819201483135,824511.8045961729,6039094.465497904,5333930.3298588805,0.1365290457545764,0.4095,-88233.44573499999,395623.6066512483,-0.2101796715528426,-51453.900000000256,-633256.1300000001,329738.16000000015,864,10.0
63.75,5.0,10000,0,144.311154202729,15.31487380543984,202,1917,63.96766676551694,69.14322809304532,0.2176667655169382,0.0034143806355598,780137.7025549756,5982197.526965205,5250321.0498691015,0.1304098868414903,0.4129,-92943.95451999998,400450.2485199561,-0.180673875701062,-51129.00000000047,-654303.1900000002,357762.0960000026,868,10.0
63.75,5.25,10000,0,152.4095280322553,15.03126503126503,210,1917,64.17693674972138,69.4434761619236,0.4269367497213778,0.0066970470544529,587447.0378698984,6078730.714672618,5436529.818259559,0.0966397535018191,0.4335,-87589.53805299998,412539.44996988896,-0.0718857364376862,-51908.28499999968,-645388.2000000004,397894.1999999995,877,10.0
63.75,5.5,10000,0,151.59680568861756,14.93072145246058,207,1917,64.32918479168538,69.69545360731159,0.5791847916853783,0.0090852516342804,454009.42574469873,6000275.110292744,5270643.409609209,0.0756647682646918,0.451,-100276.477137,416074.6109087031,-0.0922393667958906,-65022.75000000047,-665949.2399999996,397894.1999999988,888,10.0
63.75,5.75,10000,0,148.84400362413976,15.062055669357752,204,1917,64.40947639974918,69.85030748998653,0.659476399749181,0.0103447278392028,389631.0619978215,6035114.576427527,5289740.225082098,0.0645606735487137,0.4642,-95895.06853,437856.8561460462,-0.0447060124950802,-65074.04999999981,-676800.8999999994,447583.3800000009,894,10.0
63.75,6.0,10000,0,143.95448599493844,14.02445865589588,200,1917,64.51551678750714,70.02034324322113,0.7655167875071385,0.0120081064707002,283454.5471291871,6117908.514654747,5522661.751533782,0.0463319362246434,0.4696,-95978.095148,433438.523198941,0.0265040334477215,-65780.2799999998,-673860.0419999994,447583.3800000007,898,10.0
63.75,6.25,10000,0,140.59968049851724,15.096618357487918,196,1917,64.61461502443917,70.20134976832271,0.8646150244391748,0.0135625886186537,270764.93538195384,6105001.029889518,5432769.227702482,0.0443513332850091,0.485,-88629.39047799999,438751.1884041631,0.0250196783210828,-66890.0699999996,-668840.8500000001,456340.86000000034,898,10.0
63.75,6.5,10000,0,136.80918867109776,12.672343876723437,192,1917,64.6824229723687,70.33493284263204,0.9324229723686984,0.0146262427038227,198057.78912898383,6115113.835363161,5505272.010592197,0.0323882423878412,0.4919,-79080.68365499999,429796.8577575972,0.0320587357335668,-61542.90000000037,-645692.8080000002,456340.8599999994,901,10.0
64.0,3.5,10000,0,104.8282517714135,11.315289218792431,152,1917,63.33985331383477,68.10706472391392,0.660146686165227,0.0103147919713316,1563567.0364481085,5651720.4826318445,4746888.070154506,0.2766532848277026,0.3134,-97416.462579,334705.8626705047,-0.8442962921284455,-43887.14999999991,-558765.3000000005,178575.2999999998,805,10.0
64.0,3.75,10000,0,108.08873617835752,12.375012375012377,156,1917,63.37982030903284,68.18323121909503,0.6201796909671629,0.0096903076713619,1498943.0875097786,5586343.470648942,4697591.002932998,0.2683227580590659,0.3202,-100824.815598,342259.32856077305,-0.8161102492595702,-43937.595000000205,-581725.1280000001,183115.34999999963,819,10.0
64.0,4.0,10000,0,111.6676885300663,11.130899376669634,161,1917,63.52070542154218,68.39263917377669,0.479294578457818,0.0074889777884034,1219146.9269996083,5749627.203823244,4810958.748514074,0.2120392999025972,0.3581,-111220.799415,351656.83590134606,-0.7277904778056973,-48528.08999999985,-627072.2000000002,183115.34999999963,837,10.0
64.0,4.25,10000,0,122.84859186756591,12.540128410914924,177,1917,63.78562955128932,68.75500774538716,0.2143704487106816,0.0033495382611044,1001411.525436004,5967839.143030432,5264214.031165147,0.1678013601632522,0.3832,-96469.75119399998,355060.6685632098,-0.6074273910609461,-47519.19000000006,-602552.7000000002,215890.91999999995,850,10.0
64.0,4.5,10000,0,135.06378358465898,15.868985654436967,190,1917,63.95372598367037,69.0138823108259,0.046274016329626,0.0007230315051504,915312.1234726708,5989979.122366707,5194254.929850858,0.1528072310060107,0.3983,-85995.404347,382229.4730786946,-0.2577277151635335,-43988.04000000004,-605027.6400000001,276241.3800000004,861,10.0
64.0,4.75,10000,0,142.21002193073522,15.37704514700455,198,1917,64.07219980761701,69.19367858708833,0.0721998076170109,0.0011281219940157,774341.3843883129,6008706.097602937,5342546.64748637,0.1288699050694495,0.4128,-84802.54872199999,396346.099977974,-0.1235016600977164,-46308.51000000024,-628063.6200000006,308796.3599999994,867,10.0
64.0,5.0,10000,0,152.68658355017604,15.613290032475636,208,1917,64.2696035244276,69.47744442612895,0.2696035244275947,0.0042125550691811,586093.0593683211,6020006.367135532,5340692.365722348,0.0973575480863151,0.4378,-84521.52986800001,430040.1271434861,0.0340390223518251,-54177.93000000005,-654526.4399999995,399988.3800000008,878,10.0
64.0,5.25,10000,0,151.99003508200835,16.248537631613154,206,1917,64.42492074275032,69.72876364628291,0.4249207427503165,0.0066393866054736,441067.570000667,5971064.008465045,5221434.5973967,0.0738674998920419,0.4529,-95792.894947,428857.34192429343,0.0197756655764719,-64266.93000000017,-654526.4399999995,388184.8200000003,889,10.0
64.0,5.5,10000,0,149.34843345013363,14.831514000949214,204,1917,64.51099825568183,69.8875391956536,0.5109982556818267,0.0079843477450285,369283.4769583264,6036677.985593101,5312485.057803173,0.061173293960626,0.4592,-89056.98205800001,433256.60694549454,0.020937301747639,-61542.89999999991,-666687.1050000009,447583.3800000008,898,10.0
64.0,5.75,10000,0,145.47492814276458,15.320504963843607,201,1917,64.5949852911218,70.03247061522002,0.5949852911218017,0.0092966451737781,254081.46865512265,6056386.23532926,5318065.355690985,0.0419526527507387,0.478,-85335.634534,440416.7754970548,0.0958094534961927,-66990.95999999996,-666238.4009999997,456340.86000000034,906,10.0
64.0,6.0,10000,0,142.18241132824156,13.875013875013876,197,1917,64.69794514884893,70.21294884800906,0.6979451488489303,0.0109053929507645,252182.6689969409,6085487.822549711,5372933.174527178,0.0414400088128482,0.4866,-84023.04108000001,437875.9969728353,0.1253165638563856,-66940.5149999999,-654303.1900000002,456340.8599999994,908,10.0
64.0,6.25,10000,0,138.67360517968584,12.673628713373212,194,1917,64.78865953864849,70.36880158782236,0.7886595386484885,0.0123228052913826,172511.24894753008,6104131.212683296,5456142.736409192,0.028261392643245,0.4918,-70168.38914700001,430404.57934876136,0.1683448792081664,-57809.96999999974,-627072.2000000002,456778.7340000002,911,10.0
64.0,6.5,10000,0,131.57831688908684,12.478786063691723,185,1917,64.88096519471956,70.54482884370165,0.8809651947195647,0.0137650811674931,147545.56821474107,6124653.775830843,5471533.03134121,0.0240904341069835,0.4967,-69417.530579,439649.31398720376,0.0770510347980291,-58314.419999999925,-645388.2000000002,475188.4800000005,911,10.0
64.25,3.5,10000,0,102.31336532152812,10.31693628260152,147,1917,63.50229782816966,68.30856457478176,0.7477021718303405,0.0116373878884099,1491930.306910714,5576213.335471788,4637798.192874333,0.2675525875992127,0.3187,-97512.80339,328589.5212137995,-0.7509886913702235,-43988.039999999804,-558765.3000000003,170100.5400000005,814,10.0
64.25,3.75,10000,0,108.59490790594673,11.12099644128114,155,1917,63.63814112831527,68.47937119163626,0.6118588716847313,0.0095230952791397,1295947.453090183,5658515.518907651,4765806.835187477,0.2290260491041932,0.3454,-122191.47265999998,348257.26823051507,-0.8016141889234591,-53687.16000000015,-636630.7199999997,167724.77999999933,832,10.0
64.25,4.0,10000,0,119.51908720143145,13.727212826707666,171,1917,63.89743593644938,68.83365101496521,0.3525640635506164,0.0054873784210212,1081387.0046477213,5878870.982756794,5012804.109105828,0.1839446737000211,0.3711,-110430.435477,348274.49554653023,-0.715079019922471,-50142.33000000008,-605027.6400000006,183115.34999999963,845,10.0
64.25,4.25,10000,0,132.1717827810013,14.04652208113271,185,1917,64.06417708658049,69.08732509243622,0.1858229134195141,0.0028921854228718,871585.9714511218,6025828.819024517,5277367.368081063,0.1446416746355926,0.3998,-94884.507056,386105.3345242695,-0.2423838593072553,-48528.08999999985,-636859.1760000001,245019.0599999996,857,10.0
64.25,4.5,10000,0,139.25722642766033,15.685782406826451,192,1917,64.17462096980944,69.2533825938186,0.075379030190561,0.0011732144776741,818323.4879554986,5927324.040107309,5155597.452361746,0.1380595159667841,0.406,-97184.18984,387560.5444106788,-0.2409524311208477,-51958.34999999963,-636630.7199999997,252443.8800000008,864,10.0
64.25,4.75,10000,0,150.86975939473894,14.912908613696017,203,1917,64.37601783678024,69.5352748512186,0.1260178367802353,0.00196136710942,623993.6094726596,5983956.58672436,5282216.4067094615,0.1042777634545367,0.4275,-83946.74855599999,412901.3431143739,0.0244901599164286,-51958.349999999744,-636630.7199999997,373525.55999999866,876,10.0
64.25,5.0,10000,0,152.35244055287032,16.5892501658925,204,1917,64.52373463169637,69.77359639200625,0.2737346316963709,0.0042604611937178,462404.5293982497,5900717.648162848,5093721.232478688,0.078364117209068,0.4456,-92193.66998,423063.4422342797,0.0394086854270284,-56901.95999999996,-654303.1900000001,376381.2599999998,887,10.0
64.25,5.25,10000,0,151.94725521403643,14.29715200732014,204,1917,64.61715122221543,69.93652546031733,0.3671512222154263,0.0057144159099677,367660.1649423413,6022061.114320129,5319242.878022567,0.0610522141776452,0.4569,-94765.200717,433550.8028482632,0.0568090253009831,-65931.61500000022,-665949.2399999995,399988.3800000008,897,10.0
64.25,5.5,10000,0,149.2688870990921,14.536574020234909,202,1917,64.67659886847332,70.05506076900603,0.4265988684733202,0.0066396711046431,335531.02688693954,6061816.239926626,5324599.108630481,0.0553515668582855,0.4597,-94177.371117,428988.3416766334,0.0811665308237811,-65982.06000000006,-654526.4399999997,410078.5200000005,908,10.0
64.25,5.75,10000,0,146.2486850932657,15.232756519619787,200,1917,64.78097370263828,70.23469922351906,0.5309737026382777,0.00826418214223,369858.1360171376,6047974.36699201,5314799.0838727495,0.0611540515177626,0.4653,-75183.72625600001,433789.07632876746,0.1310795603217578,-56316.00000000047,-641609.8600000001,456340.86000000034,911,10.0
64.25,6.0,10000,0,144.49431287994702,14.959310674964096,199,1917,64.90406080342748,70.42611792659966,0.654060803427484,0.0101799346836962,261996.0867522724,6036987.662093141,5237471.385811568,0.0433984797413737,0.4811,-79124.831637,425880.0346292979,0.1255021656297821,-64266.93000000017,-641609.8600000001,447792.7980000017,914,10.0
64.25,6.25,10000,0,136.852191110347,12.660792059151218,190,1917,65.00758870679839,70.60914092895229,0.7575887067983871,0.011791263919041,174515.90749802158,6057932.26836636,5350591.761608589,0.028807834054091,0.4884,-77215.706127,435012.5157826881,0.0536026517687651,-53687.16000000015,-654303.19,449677.56000000006,917,10.0
64.25,6.5,10000,0,133.68384303214646,13.640331732867743,186,1917,65.06732563390636,70.71522694619863,0.8173256339063641,0.0127210215393986,234940.8820895151,6021904.867669898,5246144.263067839,0.0390143795447274,0.4864,-78598.24243799999,450270.2191240569,0.0552028507194644,-58566.64500000002,-668424.1799999997,469667.45999999903,915,10.0
64.5,3.5,10000,0,104.4113968433036,10.732377436249678,148,1917,63.8813309550716,68.67007459042432,0.6186690449283958,0.0095917681384247,1267233.241587245,5631975.23851152,4749729.723467476,0.2250068915292609,0.3437,-111195.24050099998,335113.76385619043,-0.8555662463234299,-46308.51000000024,-605027.6399999999,163113.82200000112,820,10.0
64.5,3.75,10000,0,117.06756890473208,12.468827930174562,167,1917,64.07678956953762,68.93840865050109,0.423210430462376,0.0065614020226724,1070273.359743472,5891353.662180464,4998804.939788031,0.1816684960901414,0.3675,-96310.5706,343083.24277223524,-0.7627791873062381,-39145.3199999996,-592652.9399999995,183115.34999999963,833,10.0
64.5,4.0,10000,0,129.3920833787491,14.8720999405116,181,1917,64.22701456480173,69.17407914361351,0.2729854351982652,0.0042323323286552,957409.6293479294,5904262.865593561,5081100.089866411,0.1621556578937445,0.3867,-80637.61175099999,381057.8865685941,-0.2528022890712169,-40154.21999999974,-597983.5800000005,237403.86000000057,845,10.0
64.5,4.25,10000,0,137.6578399328389,14.004033161550524,190,1917,64.3529849185224,69.35169483419607,0.1470150814776047,0.0022793035888,809381.5454359521,5999025.704593753,5268209.3044672655,0.1349188327058122,0.4022,-86755.26262599998,379862.0547205018,-0.3160924083928684,-43080.0299999998,-599506.6199999992,245019.0599999996,852,10.0
64.5,4.5,10000,0,151.52591508824602,17.329821156245664,204,1917,64.57863864477977,69.65066970241396,0.0786386447797724,0.0012192037950352,781729.1899474403,5892375.60036643,5011754.961321976,0.1326679157891473,0.4012,-90098.672011,400860.01298001263,-0.1249030425292534,-45602.280000000144,-633256.1300000002,276241.3799999999,864,10.0
64.5,4.75,10000,0,153.23793555499955,15.356265356265355,205,1917,64.72182014737737,69.88065391835683,0.2218201473773717,0.0034390720523623,578462.8931120051,5926872.816619444,5069539.3362293,0.0976000179200652,0.4286,-90100.123326,416001.57099038886,-0.0204900315830377,-53976.14999999944,-663474.2999999998,362483.5199999999,876,10.0
64.5,5.0,10000,0,153.67412213952682,15.53953257086027,206,1917,64.81675613351132,70.04175089292681,0.3167561335113191,0.004910947806377,486827.16633361264,5946908.105910803,5207759.855065604,0.0818622312071278,0.4312,-92161.848723,418384.5560171995,-0.0219605919046054,-49890.10499999975,-654336.0600000005,373525.55999999866,887,10.0
64.5,5.25,10000,0,151.3462708571388,16.02564102564103,204,1917,64.87767921754971,70.15976013227498,0.3776792175497121,0.0058554917449567,388810.68557441246,5989783.544897761,5242809.835809888,0.0649123098789789,0.4498,-82059.10081700001,423190.9462898036,0.1097808224869914,-53687.16000000015,-636630.7199999997,399988.3799999999,898,10.0
64.5,5.5,10000,0,149.48411484606666,14.905795373241116,203,1917,65.00315643063652,70.36289415381161,0.5031564306365226,0.0078008748935894,470971.1645617231,5968905.0868705,5188965.292050664,0.0789041135195288,0.4458,-78342.033176,420159.0402933542,0.1106789653251371,-51021.83999999927,-636059.5800000001,407679.7320000012,902,10.0
64.5,5.75,10000,0,148.68473177883524,14.285714285714285,203,1917,65.09643715773389,70.52520678602518,0.5964371577338881,0.0092470877168044,264352.5055338845,5994273.934335848,5276837.934631228,0.0441008383049771,0.4741,-67810.33764099999,429512.4991299496,0.1314138011225873,-48927.65999999968,-625207.9199999999,447583.380000001,905,10.0
64.5,6.0,10000,0,142.00293159809314,13.97897562066652,195,1917,65.18409408783671,70.68997647491585,0.6840940878367121,0.0106061098889412,285322.3417077005,6037455.21187903,5283295.827144618,0.0472587094553203,0.4727,-91167.21056,426643.19787713664,-0.0063345589584955,-55971.71999999974,-654526.4399999997,396942.3000000006,909,10.0
64.5,6.25,10000,0,141.39576209079465,13.466925231631114,194,1917,65.2515680880706,70.82446103774419,0.7515680880705986,0.0116522184196992,343132.7303199372,6008718.247001519,5243102.07332757,0.0571058112919786,0.4723,-83772.96499899997,439709.1064745464,-0.0084999289346585,-56901.95999999996,-668424.1799999995,447583.3800000008,908,10.0
64.5,6.5,10000,0,139.90457820220618,13.964920120656906,193,1917,65.25919877839536,70.87683779738066,0.7591987783953584,0.011770523696052,324450.4375222271,6018628.759579275,5221558.375637246,0.0539077006545436,0.4801,-80521.09905799999,441610.3581975924,0.0736656553184589,-57809.96999999997,-663093.54,447583.38000000094,903,10.0
64.75,3.5,10000,0,113.33834338557374,11.750329009212258,161,1917,64.13811367575704,68.97779373180974,0.6118863242429597,0.0094499818415901,1123038.238444445,5786016.563356644,4883161.801296466,0.194095233939831,0.3637,-100824.58070099996,337082.7449541704,-0.7755731827009413,-45602.28000000003,-577993.6800000002,177434.16000000015,832,10.0
64.75,3.75,10000,0,126.20102464509954,14.491073498724786,176,1917,64.32192179351944,69.2356396984768,0.4280782064805635,0.0066112464321322,968510.8462099516,5964146.562476979,5135130.962749291,0.1623888407275688,0.3827,-72094.22599299999,388074.06419152895,-0.3101852556465913,-37026.630000000354,-581230.1400000006,259297.5600000005,845,10.0
64.75,4.0,10000,0,135.0077475708663,15.373262821301196,186,1917,64.4742986548928,69.42644274773838,0.2757013451071941,0.0042579358317713,875963.1930131757,5922933.4407826485,5108131.814521568,0.1478934723428915,0.3877,-82730.68688199998,378746.66356504906,-0.2805475864994003,-43080.0299999998,-599506.6199999992,226932.96000000063,852,10.0
64.75,4.25,10000,0,149.050419488261,16.801075268817204,201,1917,64.68524748281048,69.71168125674897,0.0647525171895182,0.0010000388755137,759993.6991598145,5845534.860987503,4970355.596869777,0.1300126878434913,0.3987,-80418.46531399999,398783.33644358045,-0.1187503421698418,-43887.15000000037,-605027.6400000001,295089.00000000093,864,10.0
64.75,4.5,10000,0,150.79332197378437,16.081307088640166,202,1917,64.82733697981585,69.93605333671846,0.077336979815854,0.0011943935106695,564913.0760514275,5907391.833589661,5062904.587896944,0.0956281709365052,0.4271,-97580.63513799998,410630.9113657909,-0.1506550034438027,-53068.14000000013,-645388.2000000002,306911.5980000013,879,10.0
64.75,4.75,10000,0,152.12155603211892,15.245761678253446,204,1917,64.92919513416663,70.09826364868553,0.1791951341666333,0.0027674924195619,494885.9387356224,5966019.88933095,5157992.892366085,0.0829507691753807,0.4364,-81597.76848599999,420768.5003662855,-0.0911538059443339,-48326.310000000056,-636630.7199999997,385614.6900000008,890,10.0
64.75,5.0,10000,0,151.10744478497745,15.860931353889098,203,1917,64.97134543924687,70.18789202136969,0.2213454392468747,0.0034184623821911,523469.66320845135,5944530.763881987,5099707.565006282,0.0880590384675892,0.4338,-84312.416495,418228.2073462982,-0.074362848625384,-48326.310000000056,-636630.7199999997,388184.8200000003,903,10.0
64.75,5.25,10000,0,150.5950923402322,16.20850622406639,203,1917,65.07943809200492,70.36905895196027,0.3294380920049207,0.0050878469807709,438206.58818164654,5938380.362789203,5117188.222356621,0.0737922735511379,0.4494,-75445.277254,422709.84448977775,0.0880332990235145,-48528.08999999985,-636630.7199999997,399988.3800000008,907,10.0
64.75,5.5,10000,0,150.69571150194076,15.356265356265354,204,1917,65.18012996346758,70.53699667411367,0.4301299634675786,0.006642933798727,352887.64807403466,5953244.36217498,5159219.59662429,0.0592765266475823,0.4639,-74215.72109600001,427942.0951796609,0.0747140402184565,-51075.41999999975,-636630.7199999997,439509.3300000023,910,10.0
64.75,5.75,10000,0,144.50761034143926,13.89197599466548,197,1917,65.26573988548049,70.69869029101278,0.5157398854804853,0.0079650947564553,299539.9783567982,5982515.82871709,5212521.581273512,0.050069232900138,0.4652,-82985.473652,428946.10354077263,0.0678704515696863,-56901.95999999996,-651289.9800000004,445489.2000000002,915,10.0
64.75,6.0,10000,0,143.98623189165872,13.603221242790294,196,1917,65.33388244383464,70.83102241202505,0.5838824438346393,0.0090174894800716,312201.3474997343,6030127.880119738,5214934.694939858,0.0517735865153053,0.4733,-76331.247425,431750.064736217,0.0166366966328698,-52008.79499999969,-648516.7019999992,447583.3800000008,916,10.0
64.75,6.25,10000,0,143.070111581051,12.989712147978802,196,1917,65.37009164113346,70.92072889411831,0.620091641133456,0.0095767048823699,257186.8064487667,6021829.385949051,5268765.829890938,0.0427090822348553,0.4776,-73780.59098099999,433713.7919108525,0.0510360780074219,-51958.35000000009,-654303.19,450413.05000000034,913,10.0
64.75,6.5,10000,70,139.2712953731088,13.390465988216388,192,1917,65.43494673455103,71.05584114979757,0.6849467345510334,0.0105783279467341,268203.1781363874,6024245.486059598,5251195.175108689,0.0445206256546189,0.48,-70908.21593499999,433745.1235008645,0.0576982526830372,-51021.83999999921,-645388.2000000002,457292.7599999993,908,10.0
65.0,3.5,10000,0,121.21987851241394,14.021312394840155,171,1917,64.41302303368056,69.33233593082348,0.5869769663194404,0.0090304148664529,945725.4500673813,5896782.108537983,5106952.570770848,0.1603799212282339,0.387,-77352.57834600001,375496.1337850229,-0.2254817764766652,-38237.310000000056,-581230.1399999997,236261.5799999996,837,10.0
65.0,3.75,10000,0,130.50201552235043,14.512945547428304,182,1917,64.59921376936022,69.53925838118175,0.4007862306397811,0.0061659420098427,951828.9058702464,5894101.959320793,4994252.986502876,0.161488367937892,0.3791,-74832.173322,367893.9432739228,-0.1328293028253553,-41970.24000000022,-569902.5299999997,240521.76000000024,847,10.0
65.0,4.0,10000,0,145.25692538825456,15.745056052399546,198,1917,64.82562186561164,69.82982699940968,0.1743781343883625,0.0026827405290517,821656.4794348219,5799486.338956676,4972928.288857826,0.1416774575216324,0.3944,-84129.27224599998,389737.5743982147,-0.2591478601165617,-44896.04999999981,-602552.7000000002,253129.24800000348,860,10.0
65.0,4.25,10000,0,148.0037765329657,16.49076517150396,201,1917,64.93935573830109,70.01263837108752,0.0606442616989113,0.0009329886415217,646565.4359180368,5846941.5268866,4994502.869599159,0.1105818200754818,0.409,-81013.963409,389938.8519498455,-0.0220454340229546,-51021.8399999995,-599506.6199999992,276241.3800000008,875,10.0
65.0,4.5,10000,0,149.42983668754596,16.760525610083132,203,1917,65.0393696976907,70.16970131279021,0.0393696976907023,0.00060568765678,642124.6562258769,5831283.913113907,4924895.615083221,0.1101171998814549,0.4176,-78118.471576,405070.2520511426,-0.0576879300591877,-45602.28000000003,-605027.6399999999,338876.3999999992,886,10.0
65.0,4.75,10000,0,149.5230357739389,16.64004259850905,203,1917,65.09172228238836,70.26364248490563,0.0917222823883605,0.001411112036744,516928.3769910494,5824615.852299769,4978330.644502263,0.0887489218343811,0.4321,-84618.95122799999,410548.15223370737,0.0515458269530977,-51958.35000000009,-633593.5889999998,362483.5199999991,899,10.0
65.0,5.0,10000,0,151.16338789408428,14.716270308453025,205,1917,65.16781933046047,70.40340439970672,0.1678193304604747,0.002581835853238,500990.45612989046,5878988.251488159,5059201.397760407,0.0852171215009783,0.4442,-78357.95365600001,415621.8543446194,0.025072342636995,-46190.235000000335,-628063.6200000006,374858.2200000002,904,10.0
65.0,5.25,10000,0,154.3210336479249,14.567066775434096,209,1917,65.25324272301096,70.55239322185297,0.2532427230109562,0.0038960418924762,437802.7781249052,5930248.494777663,5142081.16989569,0.0738253681123895,0.4505,-72772.87487099999,400928.9875639222,-0.0196478663735025,-45837.12000000052,-599506.619999999,374858.2199999997,908,10.0
65.0,5.5,10000,0,149.52378676860988,13.740793668242276,203,1917,65.35857860780091,70.7360098277378,0.3585786078009079,0.0055165939661678,343333.0526186141,5997271.423859047,5209013.293822184,0.0572482097863248,0.4633,-72444.18611899999,426715.31304889993,0.0431192671045297,-46308.51000000024,-636630.7199999997,406042.4639999999,914,10.0
65.0,5.75,10000,0,149.19897417547767,14.415868988582629,202,1917,65.4236215255748,70.86768078984069,0.4236215255748021,0.0065172542396123,426247.5018320363,5955374.151974628,5128281.408389893,0.0715735889894852,0.461,-71072.35754299998,431636.6416128152,0.0535128983962834,-45602.280000000144,-654303.1900000002,445489.2000000002,915,10.0
65.0,6.0,10000,0,150.60977488474185,13.5339974014725,204,1917,65.49973875997185,71.00827743551122,0.4997387599718479,0.0076882886149515,380050.80238588754,5948598.581046704,5156583.392967944,0.0638891324078913,0.4723,-75840.00707999997,435117.0619389365,-0.0178949878181035,-44739.30000000098,-654303.1900000002,447583.38000000064,913,10.0
65.0,6.25,10000,50,146.51479536524712,13.439415116654123,200,1917,65.56710381363624,71.1461215325256,0.567103813636237,0.0087246740559421,390734.94922157977,5997969.126126628,5182207.792004897,0.0651445415948495,0.4702,-76879.18154699999,425767.71267903777,-0.0126034258941931,-45602.28000000003,-652813.0199999991,399988.3799999999,912,10.0
65.0,6.5,10000,74,141.7517060970994,13.34757074212494,194,1917,65.6514414204856,71.29441580830802,0.6514414204855967,0.0100221756997784,299045.6291319161,6024672.2441935,5247307.686179403,0.0496368295254787,0.4864,-67685.20630099997,436757.9310644827,-0.0477169538685636,-43080.0299999998,-654303.1900000002,447583.3800000008,912,10.0
65.25,3.5,10000,0,126.24666516200948,15.305497734786334,178,1917,64.81135084100548,69.74734661469859,0.4386491589945223,0.0067225924750118,827986.8695680328,5770284.873324348,4959354.618798144,0.1434915065278254,0.392,-74078.24971199999,370621.4414092236,-0.2813151517368564,-39145.31999999983,-553434.6600000001,236261.5799999996,836,10.0
65.25,3.75,10000,0,141.54682996815652,16.58044833532299,195,1917,65.02834258434969,70.020791985935,0.2216574156503128,0.0033970485157136,652650.6113599647,5823271.864730543,4949119.347940779,0.1120762737032481,0.4181,-62923.315132,394769.6012196993,-0.1230897034808624,-39044.42999999982,-574186.0800000001,361531.620000001,849,10.0
65.25,4.0,10000,0,145.874351783528,15.221626887481731,200,1917,65.09360204626861,70.13202384308921,0.1563979537313855,0.0023969035054618,616009.9411133546,5796808.135435515,4936060.275178161,0.1062670915995521,0.4286,-68012.39139299998,392983.8765743752,-0.0889330235343183,-41041.7100000002,-581230.1400000001,329738.16000000015,864,10.0
65.25,4.25,10000,0,148.1484364159453,15.47029702970297,203,1917,65.16723245452026,70.2509489544172,0.08276754547974,0.0012684681299577,559848.8551246678,5789988.030757877,4932574.120997048,0.0966925755546659,0.4302,-67850.45521,407379.4119026142,-0.0549937937917309,-42777.35999999987,-597983.5800000005,378810.7710000026,877,10.0
65.25,4.5,10000,0,150.06213768028624,15.816778438567631,205,1917,65.25545876255217,70.37102395800596,0.0054587625521662,8.365919620178181e-05,510243.6318037794,5811500.36218256,4941795.383839292,0.0877989503578303,0.4403,-61594.270775,396073.6248835847,0.0168912726466918,-41041.7100000002,-581230.1399999997,392247.78000000026,892,10.0
65.25,4.75,10000,0,153.6395187335977,14.635288607891347,209,1917,65.31540677358947,70.4843823111209,0.0654067735894727,0.001002402660375,519029.180257271,5847127.765250788,4944816.050508579,0.0887665194083559,0.4397,-65348.769252,411108.47327443777,0.0252776469363985,-41970.24000000022,-597983.5800000001,388184.8200000003,897,10.0
65.25,5.0,10000,0,159.3416798892747,15.526021612222085,216,1917,65.38824606619335,70.61508802465046,0.1382460661933464,0.0021187136581355,446423.7552812368,5887460.7619030895,5067967.726443118,0.0758261962729298,0.4567,-63869.93231500001,414701.103822242,-0.0143191841856754,-43988.04000000004,-605027.6400000004,399988.3800000008,901,10.0
65.25,5.25,10000,0,155.40541833941134,14.371119797654632,211,1917,65.48657392837865,70.78874513690913,0.2365739283786467,0.0036256540747685,433566.4227150984,5896230.202393959,5046555.545469576,0.0735328180604386,0.4546,-65350.92269299999,415620.6165956141,-0.0066240721537119,-44739.300000000745,-605027.6400000001,407413.2000000002,909,10.0
65.25,5.5,10000,0,155.56113763691351,14.647293180220291,211,1917,65.54528093383992,70.91513422036941,0.2952809338399191,0.0045253782963972,449022.6198691906,5948539.699437092,5056287.544904802,0.0754845125958697,0.4637,-71658.688898,428990.3598749363,-0.0265856644460572,-48927.65999999968,-642532.4999999995,447583.3800000008,912,10.0
65.25,5.75,10000,0,159.10358272904244,13.885803154854475,215,1917,65.65214985373862,71.09957277978572,0.4021498537386208,0.0061632161492508,501547.2399601346,5982040.305002672,5180427.615392049,0.0838421699600886,0.4626,-72784.64510499997,426344.0658539081,-0.0026534122167425,-44896.04999999981,-649461.6479999986,399988.3800000008,912,10.0
65.25,6.0,10000,37,155.8710781006547,14.141871252404115,212,1917,65.74049200477516,71.26313319279339,0.4904920047751631,0.0075171188471289,575744.6664082913,5919850.901193171,5073816.357009357,0.0972566160901531,0.4625,-65173.69796999997,426651.5337892636,-0.0563969028264495,-41970.23999999999,-619115.7600000007,447583.3800000008,911,10.0
65.25,6.25,10000,54,150.98011499316848,12.546421760513898,206,1917,65.82560072310487,71.41190451108659,0.5756007231048699,0.0088214670207642,451255.2174507504,5986330.103411339,5157318.767497879,0.0753809445278669,0.4783,-56523.74438499997,429333.4074678717,-0.0053858719088169,-44593.38000000012,-610929.4200000004,453485.16000000015,911,10.0
65.25,6.5,10000,71,147.65496278627214,14.704152452652629,202,1917,65.85712165640432,71.48907509663536,0.6071216564043169,0.0093045464583037,490978.3057769683,5916260.478602576,5075735.25938796,0.0829879461110099,0.4798,-58534.20757299996,428711.9525267607,0.0222596754514753,-41970.24000000022,-627072.2000000001,447583.38000000094,903,10.0
65.5,3.5,10000,0,132.53985849958624,15.188335358444712,184,1917,65.23880224558795,70.1944920617056,0.261197754412052,0.0039877519757565,611305.5377033314,5807115.940039433,4914189.636319906,0.1052683542080581,0.4292,-58464.80788800001,404976.1884525223,-0.0839732400396905,-37631.97000000009,-595508.6400000006,374858.2199999997,841,10.0
65.5,3.75,10000,0,137.58544722379204,16.021532940271726,190,1917,65.283116973098,70.27677190127376,0.2168830269019963,0.0033111912504121,567324.9822866349,5787075.329465266,4890401.158849477,0.0980331082607588,0.4327,-60372.58101600001,399873.3064598265,0.0392960860014466,-42172.02000000002,-574186.0800000001,374858.2199999997,856,10.0
65.5,4.0,10000,0,139.73887520550338,15.016818837097546,193,1917,65.35681544462796,70.39454540330442,0.143184555372045,0.002186023746138,439900.9677369369,5875012.758293196,5045462.15381328,0.0748765978620166,0.453,-50081.54616900001,414004.6043163155,-0.0317271991698144,-37631.96999999997,-577422.54,447583.38000000105,872,10.0
65.5,4.25,10000,0,143.48976723267182,15.508684863523577,198,1917,65.45027502778917,70.50258183261917,0.049724972210825,0.0007591598810812,514553.9709646322,5797105.608887602,4870810.107854139,0.0887604963028039,0.4347,-57823.944747,407809.0354282901,0.0371339061235309,-41041.7100000002,-597983.5800000005,399474.3540000004,887,10.0
65.5,4.5,10000,0,147.9761879265243,15.208662854361844,203,1917,65.48806362772015,70.58331508018081,0.0119363722798482,0.0001822346912953,477080.7462670376,5762944.590058481,4916280.270300016,0.0827841980452212,0.4477,-62863.87950300001,410390.3754877747,-0.0279033330565465,-42777.35999999987,-599506.6199999992,397894.1999999989,892,10.0
65.5,4.75,10000,0,153.92985615076913,15.360039321700665,210,1917,65.55488431896882,70.70553083562417,0.054884318968817,0.000837928533875,458563.0630374751,5817158.938321329,4942782.947242754,0.078829385254824,0.4583,-67813.74466399998,420512.4236710275,-0.0525820187821721,-41936.03999999983,-626536.97,410078.5200000005,896,10.0
65.5,5.0,10000,0,151.87475855960446,14.911129667183586,207,1917,65.63955790109866,70.86088737010961,0.1395579010986551,0.0021306549786054,464699.6630145688,5892724.796562847,5010026.676253263,0.0788598957286487,0.4533,-59106.046925,427212.54671594646,-0.0311268856376882,-41901.83999999997,-610929.4200000004,458054.2799999998,905,10.0
65.5,5.25,10000,0,154.40603688511325,14.953941859074048,210,1917,65.70610268563043,70.99543389719199,0.2061026856304266,0.0031466058874874,431984.8125346644,5937327.872804767,5107629.436440899,0.0727574460749119,0.4618,-68630.74559499999,422831.5013370151,0.0041620259019446,-45602.28000000003,-633256.1300000002,410078.5200000005,909,10.0
65.5,5.5,10000,0,158.31001939904482,14.243391066545122,214,1917,65.80533469067454,71.17577440240771,0.3053346906745418,0.004661598330909,456849.9400973721,5939419.670758408,5071649.286719665,0.0769182791286133,0.4702,-61489.28969499998,432997.704550978,-0.0084061710196878,-44593.380000000005,-627682.8599999999,454665.5160000013,909,10.0
65.5,5.75,10000,30,158.173771920084,14.202931485058514,215,1917,65.90967509054636,71.36334640961327,0.409675090546358,0.0062545815350589,579409.6002505013,5908476.578812996,5063377.889937136,0.0980641274483826,0.4577,-71904.14539499997,435867.3822700356,-0.0424416430874948,-44739.30000000098,-645388.2000000004,447583.3800000009,909,10.0
65.5,6.0,10000,33,153.11273946227115,13.358982579886712,210,1917,66.00331368361397,71.52312492641728,0.5033136836139676,0.0076841783757857,429327.93786069937,5944754.977969911,5066419.903301329,0.0722196187145986,0.4801,-64120.79315299998,437503.7722359291,0.0382803491619062,-44739.300000000745,-654526.4399999995,449901.39900000056,910,10.0
65.5,6.25,10000,48,149.6621317556145,14.204545454545451,206,1917,66.04104390183126,71.60792625778612,0.5410439018312587,0.0082602122416986,491402.3015962242,5895674.388422069,5070378.79512547,0.0833496338538031,0.4803,-77431.87710699996,439816.4601003998,-0.0735034032969275,-48326.310000000056,-676800.8999999994,445489.2000000002,903,10.0
65.5,6.5,10000,75,146.2785959747254,13.60322124279029,203,1917,66.09128745111863,71.71540614352807,0.5912874511186317,0.0090272893300554,434320.6258948831,5955760.146246682,5151925.079681211,0.0729244655979962,0.4867,-63483.08328999996,439289.3115355448,-0.1088144758437985,-40543.91000000015,-668424.1799999997,449862.8100000005,901,10.0
65.75,3.5,10000,0,132.96368498331424,15.316750398235513,185,1917,65.36343677231524,70.3509967568451,0.3865632276847606,0.0058792886339887,607607.55055399,5792401.778792678,4902006.235806093,0.1048973420280653,0.4287,-56074.656338,403962.9640651138,-0.0305684961295241,-37631.96999999974,-574671.5299999998,388000.4820000001,852,10.0
65.75,3.75,10000,0,134.81695293201176,13.833554670208056,188,1917,65.43866783322392,70.46587531721525,0.3113321667760829,0.0047350899889898,521958.4067709032,5862665.917960959,4979469.708905501,0.0890308972189295,0.438,-47256.36326600001,402842.6919369698,-0.0186935787150062,-34201.709999999846,-569807.3399999999,428526.3420000069,869,10.0
65.75,4.0,10000,0,140.37267205045055,15.160703456640393,195,1917,65.55140056109296,70.57689809563348,0.1985994389070384,0.0030205237856583,579579.289551212,5811579.881017765,4920984.577336329,0.0997283529465505,0.4257,-50596.98742200001,392413.2735883981,-0.0295298487428616,-37228.41000000015,-558955.6799999997,378086.50999999954,885,10.0
65.75,4.25,10000,0,144.58048223657195,15.102090129273892,200,1917,65.58712278876261,70.64748936700913,0.1628772112373866,0.0024772199427739,573364.816186999,5813759.511752127,4879770.545328895,0.0986220388077594,0.4359,-52969.54947499999,400280.16971035337,-0.063197549900363,-37228.41000000015,-591510.6600000001,397894.1999999988,890,10.0
65.75,4.5,10000,0,151.29059046354664,14.132278123233464,208,1917,65.65996223920826,70.76885760876439,0.0900377607917448,0.0013693956013953,559349.992568124,5768626.288537607,4828349.304872953,0.0969641582918216,0.4411,-51868.31053899999,405760.9165448813,-0.0209858296394316,-37228.40999999992,-597983.5799999996,407413.2000000002,895,10.0
65.75,4.75,10000,0,150.546576149524,14.059160949274546,206,1917,65.72928979199533,70.90047114177729,0.0207102080046723,0.0003149841521623,557584.437022372,5848293.778694811,4948560.727749009,0.0953413864148956,0.4405,-52093.09370599999,410114.4213551633,0.0030068370607078,-37631.96999999974,-597983.5800000001,407413.2000000002,906,10.0
65.75,5.0,10000,0,156.22634526016495,13.641820364509435,213,1917,65.83778763633092,71.07610462175438,0.0877876363309155,0.0013351731761355,586585.6193956044,5864228.132742432,4952128.754677207,0.1000277625831867,0.4476,-71450.26659299998,424446.16310527927,-0.0836726779448049,-44896.04999999981,-644360.1479999998,399988.3799999999,911,10.0
65.75,5.25,10000,0,160.73302789305706,14.361213235294114,217,1917,65.92750799276178,71.24510023027601,0.1775079927617753,0.0026997413347798,714162.3491146576,5854482.921720361,4925493.413818466,0.1219855551145409,0.4417,-68962.92124599997,422460.5291677987,-0.1239034787101335,-39145.31999999983,-654303.19,398046.5040000003,916,10.0
65.75,5.5,10000,22,160.86201114342805,13.432194283258111,218,1917,66.02711950112854,71.42971106795233,0.2771195011285385,0.0042147452643123,636974.5590179221,5929069.221258677,5036337.064405725,0.1074324713116942,0.4512,-65698.58733399997,429882.3964780736,-0.1008927896627572,-39145.31999999983,-652813.0199999986,410078.5200000005,916,10.0
65.75,5.75,10000,29,158.07501429129246,13.856556922735834,216,1917,66.08552410245346,71.55375818669853,0.3355241024534621,0.0051030281741971,597613.2827228645,5926049.178122968,5092838.121675368,0.1008451440006703,0.4574,-60939.04631299996,429953.49879552313,-0.0964723517580863,-38237.30999999994,-645388.2000000007,449862.8100000005,917,10.0
65.75,6.0,10000,37,154.86036538799092,14.22556048708319,214,1917,66.12639594035848,71.64753991668414,0.3763959403584778,0.0057246530853,448200.25959066016,5969634.007751482,5101715.89183655,0.0750800231653529,0.4822,-61755.32512999997,442794.31152507634,-0.0498331148476062,-43080.0299999998,-654526.4400000002,454437.0600000005,910,10.0
65.75,6.25,10000,61,152.01304019270071,12.25850740413847,213,1917,66.18309398822534,71.76565862168012,0.4330939882253375,0.0065869808095108,447979.5714160794,5988512.416912409,5159960.230851626,0.0748064861902801,0.4873,-60419.73567199995,438594.51561809005,-0.0566815954709063,-44593.37999999989,-652813.0199999986,456721.6200000001,909,10.0
65.75,6.5,10000,72,147.2877621026984,13.071211962773186,210,1917,66.2326883108396,71.868756044096,0.482688310839606,0.007341267085013,435938.1552774848,5989230.669681869,5130870.537154164,0.0727870037606416,0.4863,-69077.89246899995,444839.7401956775,-0.0506630912539327,-44739.30000000098,-668614.5599999997,449901.39900000056,905,10.0
66.0,3.5,10000,0,130.67913657730168,13.895064473099152,182,1917,65.52698636814614,70.53583213725818,0.4730136318538598,0.0071668732099069,524555.0646658821,5887256.979746113,5033965.785426712,0.0891000794547452,0.4471,-38732.653908000015,410028.0990649579,-0.0274980412500366,-32991.03000000026,-549817.4400000002,453485.16000000015,855,10.0
66.0,3.75,10000,0,136.96891309519853,14.89513822688274,190,1917,65.66654799502636,70.66213730345518,0.3334520049736369,0.0050523031056611,590114.8844904412,5758882.423127615,4844041.548354176,0.1024703824687487,0.4277,-44229.651087,398845.9585964022,-0.0453386069739146,-34100.820000000065,-516577.09199999896,398046.50400000025,871,10.0
66.0,4.0,10000,0,143.43865352917135,15.091150549317886,198,1917,65.76890188158227,70.78222492789926,0.2310981184177336,0.0035014866426929,671785.8259365879,5800579.112489538,4822184.968460068,0.1158135787666665,0.4194,-36538.210148000006,391647.4966414253,-0.0640997865388391,-27643.86000000033,-491180.4000000004,397894.199999999,876,10.0
66.0,4.25,10000,0,150.89420528616247,15.082046332046332,207,1917,65.86707646404858,70.91357007696084,0.13292353595142,0.0020139929689609,689266.2516960978,5658074.617522702,4762486.553137558,0.1218199296208437,0.425,-37917.643151,392305.3869729053,-0.1027361014750397,-28249.199999999488,-510408.78,396942.30000000057,881,10.0
66.0,4.5,10000,0,151.78680186927136,13.090375955597446,207,1917,65.92869792820545,71.02469293264373,0.0713020717945482,0.0010803344211295,666787.1110901961,5746279.034969445,4813982.760229657,0.1160380669007559,0.4289,-38260.871938,397290.2668474272,-0.0540766943286209,-30973.230000000447,-510408.78000000026,399988.3799999999,892,10.0
66.0,4.75,10000,0,157.76207295131252,15.162542455118873,214,1917,66.0260058696888,71.18489388605967,0.0260058696888023,0.0003940283286182,654404.7493978188,5702096.396333809,4786210.242878948,0.1147656412505708,0.4395,-42166.529494,414513.90430422645,0.032693359547444,-33697.25999999978,-564476.700000001,449677.56000000006,899,10.0
66.0,5.0,10000,0,164.74931598961038,13.41489590040781,221,1917,66.13167460813439,71.3684591573405,0.1316746081343893,0.001995069820218,750372.9355551123,5814928.773798504,4843711.844878045,0.1290424981534114,0.4285,-59144.43602599999,414036.06813519966,-0.0938942918150526,-35210.610000000335,-582182.04,392519.36600000126,904,10.0
66.0,5.25,10000,21,166.22276719830035,14.584062536460152,223,1917,66.20780386190329,71.52543800814173,0.2078038619032867,0.003148543362171,644979.5602601179,5864140.518605418,4974981.962481475,0.1099870574747932,0.4535,-60309.91525399997,422113.6801481362,-0.123753168577781,-38237.30999999994,-610929.4199999995,410078.5200000005,904,10.0
66.0,5.5,10000,32,163.79709893692677,13.551604509973975,221,1917,66.26381979757174,71.64803445155334,0.2638197975717418,0.0039972696601779,624206.9467227841,5926774.969290708,5029216.127175852,0.1053198324480145,0.4537,-57502.96537799997,426379.4838722824,-0.0395376440924684,-36421.29000000004,-599506.6199999993,447583.3800000008,906,10.0
66.0,5.75,10000,30,161.8213130163006,13.295043607743033,221,1917,66.28452130736282,71.72231614388147,0.284521307362823,0.0043109288994367,541568.6869838377,5835156.085834583,4981826.3804506,0.0928113454066034,0.4608,-57852.46330999998,423590.546262344,-0.0605153143643243,-39145.31999999989,-599506.6199999994,447583.380000001,899,10.0
66.0,6.0,10000,41,158.86524214096855,13.656724571178849,222,1917,66.34155638340704,71.84706927550107,0.3415563834070383,0.0051750967182884,539994.1081485692,5975863.8443132425,5111046.668682508,0.0903625186612039,0.4705,-61830.74728299997,430809.4377793139,-0.1405331128687385,-37631.970000000205,-627682.8599999999,449320.5120000005,899,10.0
66.0,6.25,10000,50,154.30904832652405,12.902559867877784,219,1917,66.3923391760638,71.94674069546919,0.3923391760637997,0.0059445329706636,535880.9848203483,5914861.3673294615,4995818.922181933,0.0905990777366768,0.4767,-67702.70839799996,441302.04232878686,-0.0705363847139085,-40543.91000000015,-666196.7339999997,449696.0850000002,897,10.0
66.0,6.5,10000,70,150.04138890646794,13.558954333441802,215,1917,66.43617276116596,72.03885903571665,0.4361727611659631,0.0066086781994842,403005.33847562055,5989885.476884484,5155951.324443249,0.067280975576387,0.4917,-66497.70039199996,438907.6002993778,-0.0636775533546199,-44739.30000000051,-668424.1799999997,456778.7340000002,894,10.0
66.25,3.5,10000,0,129.38746821960507,12.794268167860793,183,1917,65.80668755467515,70.78511239741191,0.4433124453248496,0.0066915086086769,718359.8617538671,5806649.6702534985,4882458.099153319,0.1237133119006482,0.4085,-29860.978455000008,393990.5445719856,-0.0883831481378641,-18967.319999999832,-471380.8800000004,447583.3800000007,862,10.0
66.25,3.75,10000,0,135.83923635211045,14.081333783936016,191,1917,65.90722518784767,70.90289607692445,0.3427748121523279,0.0051739594287143,770334.4463825698,5677743.034360398,4728962.17409646,0.1356761730357789,0.4104,-25649.001056000005,382236.2709441823,-0.0136589690641327,-14729.94000000041,-469477.0799999992,399988.3799999999,867,10.0
66.25,4.0,10000,0,143.1645583030572,14.98980693128672,200,1917,66.0020683080095,71.02555696192833,0.2479316919905017,0.0037423651621207,818212.5005665872,5667285.529554434,4703177.386914458,0.1443746739598129,0.4054,-30386.44901,393100.1137774651,-0.19424444341083,-16495.515000000014,-469667.4600000004,399988.3799999999,873,10.0
66.25,4.25,10000,0,145.93803630186022,14.64043101428906,203,1917,66.06301021909721,71.11987286517027,0.1869897809027918,0.00282248725891,813412.880054132,5653869.404312465,4705912.083456815,0.1438683531377121,0.405,-34582.490292,392179.0417242022,-0.0214199530147943,-25979.175000000163,-477523.485,397894.1999999995,884,10.0
66.25,4.5,10000,0,152.92884866896438,13.950892857142852,212,1917,66.14159411383139,71.24955789719039,0.1084058861686116,0.0016363152629224,823979.3735732834,5724379.210762529,4791641.431789705,0.1439421364720391,0.4122,-35810.25161499999,396252.02027677855,-0.102975404013719,-25525.169999999925,-501080.16000000015,399988.3800000008,893,10.0
66.25,4.75,10000,0,160.15733622807278,14.377731769036114,219,1917,66.24525294953601,71.42604895443729,0.0047470504639903,7.16535919092887e-05,865330.5540629464,5690713.59608447,4724213.421153217,0.1520601132797022,0.419,-48269.47379899999,403176.91161645466,-0.1882124303116705,-28450.97999999952,-562571.0,397894.1999999992,899,10.0
66.25,5.0,10000,20,163.14371543000672,13.491635186184569,222,1917,66.30776104153684,71.56492593160411,0.0577610415368354,0.0008718647779144,824033.4672577151,5697338.6608724175,4717762.101638352,0.1446348051796403,0.4277,-53620.18042099998,416268.6343635442,-0.0709164043105926,-34100.82000000002,-595508.6399999998,399988.3799999999,900,10.0
66.25,5.25,10000,19,162.32385452835214,13.34044823906083,222,1917,66.35493977666411,71.67614606001557,0.1049397766641107,0.0015839966288922,672291.3281264176,5795024.726349787,4859911.597177846,0.1160118135595748,0.4501,-56275.12364699998,423490.3459315072,-0.1106190952371379,-37228.41000000015,-599506.6199999994,447583.3800000009,903,10.0
66.25,5.5,10000,30,161.43375284521682,12.897234832851838,224,1917,66.38607590314035,71.76534407506638,0.1360759031403517,0.0020539758964581,693242.4040592216,5745214.11152512,4811845.40416602,0.1206643287094471,0.4485,-60996.73283999996,419743.43932079605,-0.0491875230113168,-39145.31999999989,-599506.6199999992,399988.3800000008,898,10.0
66.25,5.75,10000,32,158.75318180902644,13.109596224436284,226,1917,66.44786179041044,71.89798120162854,0.1978617904104425,0.0029865930627991,721880.2921850235,5867204.211031868,4989905.473975606,0.1230365036259861,0.447,-61620.404020999966,423396.9917409296,-0.0865486687037661,-38237.310000000056,-611034.5280000003,426641.5800000001,899,10.0
66.25,6.0,10000,35,154.40683325575887,13.034410844629823,224,1917,66.50638686413151,72.0129643588921,0.2563868641315139,0.0038699904019851,546639.7070688367,5877127.536764924,4989183.69594576,0.093011373949141,0.4761,-60321.656113999954,435161.6554441953,-0.1064094407313283,-37631.96999999997,-665949.2399999996,450439.0800000001,899,10.0
66.25,6.25,10000,51,151.106372663213,12.785107906310728,221,1917,66.56435579418464,72.12416509240812,0.3143557941846353,0.004744993119768,539026.9478024705,5882933.550034948,4975319.857851568,0.0916255373646483,0.4769,-73381.34681199996,442054.552375549,-0.0658962471752983,-44739.300000000745,-676800.8999999994,449862.8100000005,901,10.0
66.25,6.5,10000,48,145.19006241938297,13.84888101041436,213,1917,66.64262285884631,72.25397240779104,0.392622858846309,0.0059263827750386,495763.4558460537,5860314.197763221,4956504.940388489,0.0845967364745183,0.4911,-68454.57713899997,449407.0006113648,-0.0720460769429777,-41511.959999999934,-676800.8999999994,453485.16000000015,899,10.0
66.5,3.5,10000,0,128.5868188049204,12.292260792604973,182,1917,66.02864186506835,70.99602452055686,0.4713581349316484,0.0070880922546112,857018.3141417447,5628617.446583314,4640028.367275177,0.1522608921773449,0.4018,-28807.931005,393251.3297364069,-0.0544742675722799,-13049.865000000456,-477021.41000000015,412762.878000005,854,10.0
66.5,3.75,10000,0,135.65737507025534,12.262114969589955,191,1917,66.12254492833011,71.1152653212671,0.3774550716698854,0.0056760161153366,814531.011503697,5708310.51204128,4768960.202483165,0.142692134526582,0.4086,-33328.941067,398829.2168722864,-0.1791053193384994,-14225.489999999292,-495939.90000000014,407413.2000000002,860,10.0
66.5,4.0,10000,0,138.23473226122815,12.20464752977934,193,1917,66.18753906459402,71.21007411593224,0.3124609354059799,0.0046986606827966,763293.1480689142,5719565.043454487,4764820.31775285,0.1334530060012924,0.4096,-38522.41448100001,397818.3236749496,-0.1630938361316427,-18967.319999999832,-501080.16000000027,397894.1999999988,871,10.0
66.5,4.25,10000,0,146.01629744721382,11.806933031075848,204,1917,66.29646614198579,71.35867169320551,0.2035338580142109,0.0030606595190106,782625.6980861757,5641917.098915483,4629925.063421381,0.1387162704387513,0.4212,-30960.886307999997,406082.3201794273,-0.0854840426444898,-16142.39999999979,-514253.9999999996,449280.8400000003,882,10.0
66.5,4.5,10000,0,154.8107975620406,13.057557714405096,213,1917,66.39199294811489,71.51516607610027,0.1080070518851101,0.001624166193761,884552.437187098,5646368.476581198,4661874.976504543,0.1566586454383655,0.4126,-50090.26348299997,412490.93826805445,-0.1902872615364935,-19786.97999999952,-570378.48,396942.30000000045,890,10.0
66.5,4.75,10000,21,159.17017498144406,12.97084154819964,218,1917,66.46972535960349,71.66314583091958,0.030274640396513,0.0004552577503235,825112.7524211165,5675393.106141766,4653459.1322124,0.1453842468688557,0.4204,-50446.88495199999,417652.9396982112,-0.1149223195721683,-27643.86000000033,-599506.6199999991,445489.2000000002,894,10.0
66.5,5.0,10000,22,161.3212242981069,12.696800406297614,222,1917,66.51446794246831,71.76821776644209,0.0144679424683147,0.0002175630446363,739423.4779704764,5688779.686225942,4664694.775149241,0.1299792782907059,0.4375,-53706.84703999999,422175.4068029156,-0.1268257388518003,-32991.030000000144,-610929.4199999999,449862.8100000005,898,10.0
66.5,5.25,10000,24,164.5686188066256,11.943435887636152,228,1917,66.58779963613952,71.90146635737277,0.0877996361395219,0.0013202952802935,777578.2506342403,5710378.695396075,4667461.536912262,0.1361692966634863,0.4385,-56354.43658199996,417103.5474987171,-0.1876243998595863,-32991.030000000144,-599506.6199999992,447583.3800000006,894,10.0
66.5,5.5,10000,29,162.18176153348554,11.8517113871243,230,1917,66.65520152470944,72.03977337430399,0.1552015247094402,0.0023338575144276,642493.6628079128,5722738.5227675,4778928.305360046,0.1122703160823788,0.4569,-49150.18870299997,426005.4051183779,-0.0596541940025389,-28450.980000000447,-610929.4199999999,450819.8399999999,898,10.0
66.5,5.75,10000,31,159.28310414611562,12.708418056120372,230,1917,66.71763866013013,72.16285850474584,0.2176386601301345,0.0032727618064681,707897.9576833309,5741000.699786672,4792711.239717696,0.1233056734707653,0.4484,-55921.80971699996,429815.0531592637,-0.1340280500367494,-28450.980000000447,-625455.4139999998,447583.3800000008,899,10.0
66.5,6.0,10000,44,156.76411239785477,11.945718654434252,230,1917,66.77258010092886,72.27490068501533,0.2725801009288631,0.0040989488861483,559166.6502464681,5864429.337916662,4937010.519256999,0.0953488597144751,0.4717,-62868.31526199997,428799.5993778955,-0.1422143273209281,-37631.969999999856,-654526.44,449320.5120000006,902,10.0
66.5,6.25,10000,57,152.34380977023352,11.127926644707555,224,1917,66.87042471457319,72.43096905767706,0.3704247145731898,0.0055702964597472,703288.7631008442,5832550.563820706,4856156.266307753,0.1205799684726854,0.4666,-54821.581466999945,435177.8317617388,-0.0863237096734941,-36421.29000000004,-645388.2000000002,456721.6200000001,900,10.0
66.5,6.5,10000,70,148.46185299464497,10.92752863012501,220,1917,66.90705316526714,72.51331446336945,0.4070531652671434,0.0061211002295811,706362.1314446571,5855259.744241062,4948624.517356094,0.1206371983991656,0.469,-54456.68230599994,441263.4076273996,-0.0534644696186531,-32991.03000000026,-664235.8199999994,457292.7599999993,900,10.0
66.75,3.5,10000,0,134.95003361612655,13.695628355428948,188,1917,66.27129398699935,71.21159439732641,0.4787060130006466,0.007171625662931,746441.9731494423,5585298.343971037,4557423.519291007,0.1336440646819122,0.4239,-18653.46185000001,399410.5680947472,-0.0138557801236559,-13707.35999999958,-469667.4600000004,465576.0,858,10.0
66.75,3.75,10000,0,138.97273715593522,12.398333663955562,193,1917,66.378366642798,71.33208831188773,0.3716333572020005,0.0055675409318651,721450.8983614406,5578176.854994943,4567628.419551009,0.1293345329693916,0.4302,-26185.92410800001,394050.91803807,-0.1151421802201165,-13707.360000000335,-469667.4600000004,447583.38000000064,869,10.0
66.75,4.0,10000,0,146.8275769869378,12.53007217321572,205,1917,66.48170763887339,71.46830032705036,0.2682923611266119,0.0040193612153799,805953.9797251717,5632021.157980431,4623198.249031639,0.1431020866431148,0.4225,-24912.704429999987,394264.9565737434,-0.0632304775278258,-9887.219999999914,-474998.1000000007,445489.2000000002,882,10.0
66.75,4.25,10000,0,156.1823197499964,12.861405494392429,216,1917,66.57317852176706,71.61363205613357,0.176821478232938,0.0026490109098567,888335.5887854439,5577127.945361223,4564883.533804341,0.1592819095219641,0.411,-37907.63719999998,403441.6336687344,-0.152594097591337,-18160.200000000183,-531388.6560000001,425613.52800000046,892,10.0
66.75,4.5,10000,10,161.2887361931267,13.160665403242788,222,1917,66.63486291315623,71.73741496946148,0.1151370868437737,0.0017249001774348,845069.1738579548,5626920.349112863,4526378.808431267,0.1501832479272943,0.4161,-47514.004785999976,410112.21766746,-0.1263634413004594,-25510.920000000624,-564476.7000000012,407413.2000000002,896,10.0
66.75,4.75,10000,11,165.812923202739,11.280570345636674,230,1917,66.70095901520335,71.85915601546992,0.0490409847966475,0.0007346964014479,749676.6310541743,5696470.600498352,4722401.410344242,0.1316037040529252,0.4253,-41593.40007999997,417374.7153335576,-0.121389455488325,-25525.169999999693,-569807.3400000001,449677.56000000006,900,10.0
66.75,5.0,10000,15,170.29638393455775,12.779879357938858,237,1917,66.77232953026935,71.98868888445492,0.0223295302693458,0.0003345247980426,797615.4729025731,5578327.199770462,4569904.125973066,0.1429847056901562,0.4265,-41173.04601799997,411662.6044363235,-0.1187377344568533,-22498.46999999997,-562763.2799999993,449677.56000000006,897,10.0
66.75,5.25,10000,20,168.4094563734519,12.792958755500973,240,1917,66.83607109877727,72.12171389146943,0.0860710987772677,0.0012894546633298,693846.5369920962,5679714.903016415,4717334.079408006,0.1221622121602625,0.4442,-47494.00950899997,424669.4031475567,-0.1002168583168484,-27643.86000000033,-599506.6199999992,456721.6200000001,901,10.0
66.75,5.5,10000,43,166.23074679051405,12.478786063691722,241,1917,66.89827918876668,72.24526949394415,0.1482791887666792,0.0022214110676656,706388.748492744,5663676.314109251,4640358.363978586,0.1247226552712768,0.4516,-47268.46058499996,433455.13011152734,-0.0954507189774595,-21388.680000000168,-621971.4600000009,457292.7599999993,902,10.0
66.75,5.75,10000,34,164.33042614860244,11.830399394283551,242,1917,66.93824777241136,72.34705288059747,0.1882477724113584,0.0028201913469866,559353.482659252,5767555.739629623,4812237.855233977,0.0969827614869608,0.469,-59416.99370499997,440089.5444501384,-0.1499645780679539,-33697.25999999978,-668424.1799999997,458398.370000001,905,10.0
66.75,6.0,10000,49,160.8587692509279,11.949144441258008,238,1917,67.0187623883639,72.49050679445719,0.2687623883638963,0.004026402821931,689631.42605644,5761453.678080941,4748516.283601397,0.1196974695258066,0.4631,-55773.77718299995,434043.59519487753,-0.0253361581228004,-32991.03000000026,-645467.4490000004,454324.5800000003,903,10.0
66.75,6.25,10000,49,156.77965063007883,11.644154634373544,235,1917,67.05447217252555,72.57496566186872,0.3044721725255499,0.0045613808618059,668169.1536011128,5801683.495962118,4833355.936734227,0.1151681497389763,0.4653,-55187.43676499995,431007.5779827342,-0.1159498469812391,-33697.25999999978,-619115.7600000006,457292.7599999993,903,10.0
66.75,6.5,10000,71,156.53276137438144,11.300967362806254,237,1917,67.06177000413197,72.61877397263112,0.3117700041319722,0.004670711672389,718348.3893890826,5701699.671823932,4759731.153595208,0.1259884649728119,0.4685,-47490.63013099995,433048.381986114,-0.1452768896002438,-19786.97999999934,-632077.9210000004,458054.2799999998,899,10.0
67.0,3.5,10000,0,135.03928535210568,11.962867260024884,188,1917,66.54923820143487,71.4489268178383,0.4507617985651251,0.0067277880382854,755195.5861501454,5694930.217030979,4646307.469487009,0.1326084003438171,0.4194,-7449.232131000003,377076.7099029177,0.0322448629657276,-7264.080000000074,-413143.63800000097,449280.8400000002,860,10.0
67.0,3.75,10000,0,142.76505018121367,13.471279232675933,200,1917,66.645880758493,71.57852863796593,0.3541192415069929,0.0052853618135372,871085.5720672512,5540950.436040163,4474303.007709682,0.1572086922852484,0.4211,-11343.798474999994,385508.3764172932,-0.0696337513942186,-7465.859999999404,-442443.1200000002,449677.56000000006,873,10.0
67.0,4.0,10000,0,151.77801097517766,13.02354657220254,211,1917,66.73090899609267,71.71332221012966,0.2690910039073344,0.0040162836404079,905575.7653203008,5612867.94236132,4550229.3141389415,0.1613392252623223,0.4173,-19159.955812999982,391604.7111299053,-0.1353716787813133,-9328.61999999918,-469667.4600000007,447583.380000001,884,10.0
67.0,4.25,10000,14,156.7273323246466,12.543903662819869,217,1917,66.79088516596414,71.83030136797844,0.2091148340358586,0.0031211169259083,850363.1015042423,5573298.958545678,4574158.278916201,0.1525780525733971,0.4265,-32405.588015999983,397851.4469302529,-0.1142429849266167,-14225.489999999292,-539536.9199999997,399417.2400000002,888,10.0
67.0,4.5,10000,12,162.15641931981324,13.955565479513233,228,1917,66.86835207034942,71.95542911239546,0.1316479296505832,0.0019648944723967,859748.204080069,5478252.587971281,4453848.7038903935,0.1569384014836842,0.4235,-25896.07418699998,397831.0483197334,-0.1048433876369718,-10997.010000000242,-507945.5249999994,447583.3800000008,893,10.0
67.0,4.75,10000,16,167.86370655014488,11.970886803294388,236,1917,66.94300423476741,72.08667181839638,0.0569957652325854,0.0008506830631729,783203.5224937433,5665164.929635845,4603664.2834675135,0.1382490240304596,0.4308,-31522.29712999997,411064.72780346114,-0.1381560211143514,-14225.489999999292,-552289.5299999996,450439.0800000001,891,10.0
67.0,5.0,10000,20,168.28724894668915,12.242899118511264,241,1917,67.00285641813706,72.20975409851636,0.0028564181370569,4.263310652323804e-05,774351.4251586682,5612222.860901124,4579236.165112723,0.1379758866229939,0.434,-32253.00473499997,410835.82226388913,-0.1243699075674473,-14225.489999999292,-562763.2799999993,454437.0600000005,896,10.0
67.0,5.25,10000,16,168.4864728958298,11.709601873536297,245,1917,67.07480516257927,72.34510393851846,0.0748051625792669,0.0011164949638696,848155.7411292722,5666023.300404432,4683380.185632611,0.1496915378143136,0.4392,-42674.37996199996,420954.5016119959,-0.1800066820071553,-14225.489999999292,-599506.6199999991,449862.8100000005,897,10.0
67.0,5.5,10000,29,168.51798271000112,12.14653580798756,249,1917,67.12152860325533,72.46021348572667,0.121528603255328,0.0018138597500795,755553.5326360242,5642484.093033177,4620386.410275333,0.1339044151792847,0.4576,-41772.36467099997,431696.305786725,-0.1328105742041521,-17958.420000000042,-599506.6199999994,470619.3599999994,900,10.0
67.0,5.75,10000,32,166.89091640284778,12.127680217328027,248,1917,67.18711087276922,72.59051977459396,0.1871108727692245,0.0027926995935705,756738.9313005337,5706233.953314268,4667015.079721815,0.1326161768851079,0.4658,-40608.11424899996,432352.5916152111,-0.1208050112275191,-19810.635000000184,-621971.4600000009,469743.2889999997,898,10.0
67.0,6.0,10000,46,164.45707960709862,11.113086770981509,247,1917,67.25417160116395,72.71728417309322,0.2541716011639465,0.0037936059875215,670278.9643422058,5821534.399708599,4907671.278395298,0.1151378516934911,0.4759,-49642.70903999995,442901.9502794792,-0.1501180406984643,-25510.919999999925,-646406.0489999988,475188.4800000005,900,10.0
67.0,6.25,10000,54,164.56177325936292,12.177301509985384,251,1917,67.26613699235972,72.7713126286595,0.2661369923597192,0.0039721939158167,715463.3522460004,5685758.102082529,4657222.838060164,0.1258342932288918,0.4717,-56116.33810099995,440906.7493807798,-0.1551804128557343,-25606.679999999706,-658349.828999999,465576.0,896,10.0
67.0,6.5,10000,71,160.1221451302442,12.160716022959432,248,1917,67.30766088359545,72.85967321333689,0.3076608835954459,0.0045919534864991,658915.4527938529,5722701.1805534,4728788.736453639,0.115140635864921,0.4868,-53426.79291099995,447793.944490245,-0.1726790139009151,-18847.62000000081,-668424.1799999997,470425.75,897,10.0
67.25,3.5,10000,0,138.6673173045454,13.065746838089265,196,1917,66.7499152011884,71.67508593959386,0.5000847988115993,0.0074362051867895,806731.5543819767,5570360.162243801,4539394.5066007925,0.1448257439168918,0.4286,-8177.363792000002,394532.79572681984,-0.1153763902272813,-5145.39000000013,-469477.0799999992,458398.370000001,863,10.0
67.25,3.75,10000,0,147.2642873596313,12.498750124987502,207,1917,66.8342162425358,71.80358211089249,0.4157837574641974,0.0061826581035568,948582.8308045266,5498033.054712351,4428273.873780339,0.1725313073539087,0.4171,-21678.71116199998,395428.5561002755,-0.1180942082582699,-7667.64000000013,-491656.3499999999,445489.2000000002,875,10.0
67.25,4.0,10000,23,151.90983406764167,11.663711859662216,213,1917,66.8953131466967,71.91650722952909,0.3546868533033063,0.0052741539524655,836072.4625230671,5598703.1311061205,4568585.699966855,0.1493332371702099,0.4318,-30742.806910999974,399072.7692285755,-0.173310275560135,-9685.439999999971,-515358.6599999997,425499.2999999997,882,10.0
67.25,4.25,10000,10,157.20305836758382,13.231713771567692,224,1917,66.97471678357653,72.03834170062218,0.2752832164234746,0.0040934307274866,748502.6507552618,5570526.480711609,4582397.9974827655,0.1343683857077085,0.4365,-18532.801836999988,399184.0717834653,-0.0571067961650178,-7667.64000000013,-515358.6599999997,457345.1239999996,887,10.0
67.25,4.5,10000,16,162.83546431946692,12.250098000784003,232,1917,67.0493319102042,72.161573565236,0.2006680897957977,0.0029839121159226,811095.8365276885,5627759.233745346,4588579.663920738,0.1441241181151052,0.4315,-28747.90422899997,410849.40095816005,-0.1235374930447966,-9483.660000000147,-549817.44,453485.16000000015,888,10.0
67.25,4.75,10000,15,165.57734350622377,12.828407224958946,239,1917,67.07516942227024,72.23935097247886,0.1748305777297645,0.0025997111930076,813780.8782123049,5622812.238285644,4565710.390577756,0.1447284461450238,0.4344,-31723.10239199997,415237.66110256943,-0.1376530429330342,-9887.219999999856,-562763.2799999991,454437.0600000005,893,10.0
67.25,5.0,10000,15,168.0792596694125,12.542644992976118,245,1917,67.11377697095372,72.33441973927536,0.1362230290462776,0.0020256212497587,849131.0769446054,5614462.084504508,4630145.940825552,0.1512399699497736,0.4395,-34554.91013899996,411097.4513084954,-0.2003986674825329,-13615.304999999906,-562763.2799999993,449862.8100000005,896,10.0
67.25,5.25,10000,19,169.09968662747767,12.779879357938858,250,1917,67.16363040305674,72.45259560301122,0.0863695969432569,0.0012843062742491,821614.7414681992,5660062.468912868,4686981.21769891,0.1451600129823315,0.436,-30016.89220799997,417404.63630719,-0.0861816460781371,-13707.359999999404,-569807.34,458398.370000001,899,10.0
67.25,5.5,10000,27,168.79571218164287,11.900228484386895,253,1917,67.23670054322645,72.59739022677228,0.0132994567735522,0.0001977614390119,763302.9420444021,5629336.06596079,4622135.971463113,0.1355937775077788,0.452,-38080.67707799997,429330.1910478152,-0.0806141980131517,-18967.319999999832,-599506.619999999,470619.3599999994,897,10.0
67.25,5.75,10000,37,166.8408381305002,11.944577161968466,253,1917,67.30382444703778,72.7297380316408,0.0538244470377833,0.0008003635247254,813145.6381346957,5652915.052701351,4668748.8686383525,0.1438453666035754,0.4613,-52391.05035699995,442060.2937583746,-0.1669463830435642,-25510.919999999925,-664235.8199999994,463248.1199999997,899,10.0
67.25,6.0,10000,62,168.1584321354986,11.724978895037989,259,1917,67.32425387752156,72.79761169309113,0.0742538775215564,0.0011041468776439,758579.4681303266,5711695.425023017,4741145.195132589,0.1328116105083228,0.4686,-50300.28239599995,438784.2494937455,-0.1644730937283954,-25510.919999999925,-654526.44,470813.73,896,10.0
67.25,6.25,10000,56,163.359979489384,10.98707919486684,256,1917,67.36353009042436,72.89399639924011,0.1135300904243621,0.0016881797832618,659145.0998851132,5737833.651335294,4709486.79425364,0.1148769971279524,0.4838,-49580.44157499995,451938.5058011199,-0.1462830216845657,-21388.6800000004,-668424.1799999997,484897.8599999994,898,10.0
67.25,6.5,10000,69,160.47757951505548,11.806933031075848,253,1917,67.4150474953485,72.97611967260993,0.165047495348503,0.0024542378490483,658908.9135425604,5709953.323100693,4741634.227077685,0.1153965498941681,0.4878,-51805.28193399995,446675.3576356236,-0.1583811892567072,-17050.410000000033,-668424.1799999997,480899.8799999999,896,10.0
67.5,3.5,10000,0,141.11245078049308,11.672425063031094,201,1917,66.96814777833367,71.9236613041547,0.5318522216663268,0.0078792921728344,858800.2998470466,5548846.084518061,4519744.474222135,0.1547709716157385,0.4307,-21239.98510699997,401590.6547424204,-0.0671426631572399,-5448.060000000056,-505649.28000000055,449862.8100000005,864,10.0
67.5,3.75,10000,17,147.60913063442342,12.962770921912265,210,1917,67.03591746394322,72.01899207279966,0.4640825360567788,0.0068752968304707,874925.196617598,5547646.486157625,4431390.697545758,0.1577110579775935,0.4254,-27265.010943999976,399645.20025635866,-0.1793400022914459,-7667.639999999665,-522593.0999999996,449280.8400000003,871,10.0
67.5,4.0,10000,15,154.18980293320814,12.151258870418976,226,1917,67.13585437237357,72.15291863794172,0.3641456276264279,0.00539475003891,821564.2365771551,5589542.591645543,4531680.005017071,0.146982373442348,0.4312,-24274.076106999968,401277.9429856023,-0.1688522010520342,-7264.080000000074,-522593.0999999999,453485.16000000015,876,10.0
67.5,4.25,10000,12,159.64675555098344,13.25837929571489,236,1917,67.21189990562898,72.27123934692247,0.2881000943710177,0.0042681495462372,795863.781791144,5558514.573520596,4499602.712454778,0.1431792201431735,0.4349,-19650.98124899997,402889.8108150562,-0.0697770310068163,-7667.639999999781,-522593.0999999997,465576.0,879,10.0
67.5,4.5,10000,14,163.154620306856,13.6492683992138,244,1917,67.2675549458178,72.36520902699957,0.2324450541821932,0.0034436304323287,856485.6531084077,5534566.032780307,4469932.173980559,0.154752088607415,0.4344,-27500.327026999963,409899.9169325869,-0.1307755041499966,-7805.580000000074,-544486.7999999998,450819.8400000003,884,10.0
67.5,4.75,10000,20,166.6025058265111,11.876484560570072,251,1917,67.30945072878707,72.46072963157266,0.1905492712129302,0.0028229521661174,793356.4242906529,5591173.402507953,4550178.32492411,0.1418944409656098,0.4412,-34662.955557999965,417237.2687304444,-0.1634082897128988,-8376.720000000205,-570378.48,457292.7599999993,888,10.0
67.5,5.0,10000,13,170.01598566911525,12.881286067600987,260,1917,67.38855532182434,72.60900996004794,0.1114446781756584,0.001651032269269,762974.5337623345,5644389.676973751,4632351.338118331,0.1351739651985553,0.4462,-37734.85598799997,420479.4242688444,-0.1120699434117198,-17050.41000000015,-570378.48,463248.1199999997,891,10.0
67.5,5.25,10000,12,173.60516029768132,12.677484787018257,269,1917,67.45513165736098,72.74648074521652,0.0448683426390204,0.0006647161872447,843716.9352017554,5628967.328463195,4582334.37990049,0.1498884050961625,0.4457,-33660.17072699996,428380.5278693045,-0.1112973260607017,-13707.359999999404,-576470.6399999999,481851.7799999993,890,10.0
67.5,5.5,10000,26,173.72400443159086,11.91951940497759,271,1917,67.51273198534989,72.8759397490003,0.0127319853498875,0.0001886220051835,778583.6584695815,5644145.925231137,4603054.083532736,0.137945345280508,0.4547,-36153.54796599997,434178.5797493533,-0.1289578453981401,-13317.47999999998,-599506.6199999994,480899.8799999999,892,10.0
67.5,5.75,10000,36,175.8503165941505,11.582653817642695,278,1917,67.53659006670635,72.95571850942689,0.0365900667063527,0.0005420750623163,723485.3366256037,5746228.47104467,4687938.078870773,0.1259061209054351,0.4611,-48699.366943999965,432723.2919765167,-0.0918059776356985,-25510.919999999925,-610929.4199999995,470425.75,890,10.0
67.5,6.0,10000,36,173.6163151227674,12.354220201620873,278,1917,67.58806242520544,73.07255202099216,0.088062425205436,0.001304628521562,668422.1565693765,5699486.15337121,4712979.172868322,0.1172776174171436,0.4687,-47511.11494299995,439562.4034409781,-0.143174487496902,-20682.449999999957,-646180.6899999992,472834.3230000008,893,10.0
67.5,6.25,10000,55,172.00802419750195,11.84946440420893,279,1917,67.62899893828912,73.15848914765736,0.128998938289115,0.0019110953820609,622387.9253037527,5695787.09623304,4696194.762298155,0.1092716273955138,0.4788,-56275.166035999966,445946.3185603745,-0.1614459414207987,-31023.675000000745,-664426.1999999988,470619.3599999994,892,10.0
67.5,6.5,10000,77,165.98201080097834,10.55386693684566,274,1917,67.70755495619538,73.27088631672716,0.2075549561953806,0.0030748882399315,667574.7783899857,5580983.627878371,4552697.976085686,0.1196159714669807,0.4789,-58985.58960399995,447470.360849192,-0.1553960146692309,-32991.03000000026,-663093.5399999996,463254.3329999997,890,10.0
67.75,3.5,10000,17,141.0226484314001,11.84385067273072,200,1917,67.16374924686214,72.15189431619665,0.5862507531378611,0.0086531476477913,781740.1160787939,5514714.815211628,4567549.503901316,0.1417553114301513,0.443,-22040.467950999984,414780.5613440358,-0.1252717253177183,-7667.639999999898,-544486.7999999993,463248.1199999997,864,10.0
67.75,3.75,10000,16,147.95307415806104,11.973180076628353,217,1917,67.2394638757153,72.24015158034591,0.5105361242846982,0.0075355885503276,868384.1293052074,5473153.987018751,4365362.272537372,0.158662469823587,0.425,-21629.554703999973,404757.1367803904,-0.0892313138309505,-5448.060000000056,-522593.0999999996,453485.16000000015,871,10.0
67.75,4.0,10000,12,153.21309260742674,12.432862542271732,228,1917,67.31836565682566,72.35678144069125,0.4316343431743377,0.0063709866151193,878030.2083676507,5491329.220972845,4462749.449618255,0.1598939296908697,0.4259,-30724.825082999967,405846.5986789173,-0.2694035535057965,-6356.069999999832,-550064.6489999999,449677.56000000006,874,10.0
67.75,4.25,10000,20,158.33903381262928,11.93089624892622,238,1917,67.38903889885921,72.44501201595837,0.3609611011407878,0.0053278391312293,861261.4625723045,5444385.016192848,4422493.623896243,0.1581926076151329,0.4312,-21736.177668999964,406849.5466042418,-0.1212240781157616,-2574.4049999999115,-544486.7999999989,457816.40000000014,880,10.0
67.75,4.5,10000,14,164.32062182780356,12.34445980643887,249,1917,67.44723174066122,72.54022395982001,0.3027682593387766,0.0044689041968823,912824.3889168045,5491412.934091617,4456109.94356501,0.1662275993214491,0.4331,-21957.50127799997,413770.5857208388,-0.1315272890428581,-7667.64000000013,-539536.9199999999,470619.3599999994,885,10.0
67.75,4.75,10000,16,168.64335223666367,12.3627732172881,260,1917,67.53600578413666,72.69102188560701,0.2139942158633374,0.0031585862120049,859748.326312369,5528996.167994345,4493423.411423041,0.1554980868478779,0.4355,-26581.53720599996,417759.2656630969,-0.1507993771274753,-9328.61999999918,-562570.9999999998,470619.3599999994,890,10.0
67.75,5.0,10000,20,175.33841582608022,13.150973172014725,275,1917,67.61277765529262,72.83606741416854,0.1372223447073821,0.0020254220621015,880536.4668584751,5416252.366648134,4332335.27093228,0.1625730130819953,0.4365,-41560.43963999996,420711.66505939246,-0.1464326446249567,-16667.939999999944,-570378.4800000002,465576.0,893,10.0
67.75,5.25,10000,22,176.3365508265212,12.64670174018616,278,1917,67.66773823698986,72.96270636235073,0.0822617630101376,0.0012141957639872,839554.7726004348,5477895.626533791,4482490.252249528,0.1532622798678027,0.4398,-44225.77993199997,432462.8981309453,-0.1549368829112576,-17050.409999999916,-604232.8319999998,470425.75,896,10.0
67.75,5.5,10000,25,178.9921905868798,12.703252032520323,286,1917,67.68513777753965,73.04095464438124,0.0648622224603485,0.0009573759772745,769234.5948370796,5565488.013308516,4569015.877852117,0.138215120219043,0.453,-44908.68741299996,439248.2642678435,-0.0949722687197885,-18967.319999999832,-612867.6479999998,476245.44999999925,894,10.0
67.75,5.75,10000,42,177.3300985292286,12.097164424658862,287,1917,67.73702648542962,73.16574548173872,0.0129735145703762,0.0001914909899686,759149.2325781295,5570903.4676896585,4521905.078202305,0.1362703979670573,0.4594,-51853.49502299996,438936.31565259193,-0.1544254454613035,-25565.924999999814,-654526.4399999995,470813.73,898,10.0
67.75,6.0,10000,36,177.04220685846605,10.639203336454164,289,1917,67.7613144583465,73.2373605160009,0.0113144583465043,0.0001670030752251,728091.5897349975,5647200.478794005,4606066.490763348,0.1289296515094654,0.4702,-56987.73532899994,446396.278670616,-0.1223493134220373,-25606.679999999706,-665652.3840000001,458088.6890000001,898,10.0
67.75,6.25,10000,43,171.3412311198603,9.974465368656238,286,1917,67.81301006847833,73.33851074122501,0.0630100684783343,0.0009300379111193,700204.5791991103,5463524.981997106,4536522.237504812,0.1281598567786106,0.4709,-59268.54778799995,449208.0309403709,-0.1938765957769708,-25544.834999999846,-669371.7479999994,470425.75,896,10.0
67.75,6.5,10000,182,170.3175904510499,11.05803255484784,283,1917,67.8458887714831,73.43381796798644,0.0958887714831036,0.0014153324204148,691696.7029941,5451657.135872953,4531103.355482551,0.1268782474309697,0.4768,-59703.00782999994,453458.3682794656,-0.0889317075853523,-32991.030000000144,-676800.8999999994,476245.44999999925,893,10.0
68.0,3.5,10000,18,144.73562067166517,12.762916071063916,214,1917,67.33263894486197,72.32735260741671,0.6673610551380307,0.0098141331637945,745552.7407335198,5520806.442208592,4425942.15364682,0.1350441730819424,0.4461,-25595.150419999976,413309.052388697,-0.1591887260713329,-7465.85999999987,-562570.9999999998,463248.1199999997,860,10.0
68.0,3.75,10000,14,151.10475197413467,12.295888254967537,227,1917,67.39903303683751,72.41175672329058,0.6009669631624917,0.0088377494582719,816349.1004088508,5496625.672646187,4512988.076424601,0.1485182271864338,0.4313,-22372.88807499997,407096.5161109502,-0.1230420548028761,-7465.85999999987,-524496.9000000004,463480.9080000005,864,10.0
68.0,4.0,10000,13,156.09230419536354,13.585479839147917,238,1917,67.47337770710462,72.49796183803052,0.5266222928953823,0.0077444454837556,865348.0279164733,5394137.2241374375,4354429.57131494,0.1604238068034779,0.432,-27146.388737999976,400049.281428771,-0.200374689950023,-9887.219999999914,-522943.8779999995,453485.16000000015,871,10.0
68.0,4.25,10000,15,162.30290325418804,11.800245445105258,250,1917,67.53957990070964,72.59295139251797,0.46042009929036,0.0067708838130935,911003.8117711594,5534088.931275578,4486736.733410116,0.164616764039095,0.4221,-23929.05883099998,409278.4136674068,-0.1751553988716626,-7768.530000000261,-546009.8399999999,457345.1239999996,877,10.0
68.0,4.5,10000,21,168.93632926620867,13.598781549173191,265,1917,67.62798713934666,72.73021981121855,0.3720128606533421,0.0054707773625491,879394.470825013,5426650.595522083,4363343.809186281,0.1620510580781936,0.4316,-32096.20432799996,415932.6380463425,-0.1870531719537394,-13317.480000000214,-562591.9380000004,458883.34500000265,884,10.0
68.0,4.75,10000,14,176.17213145937689,12.57292295312814,283,1917,67.70771555777382,72.8712141557974,0.2922844422261761,0.0042983006209731,884763.633799307,5489997.86705407,4460932.758881113,0.1611591944523051,0.4362,-34138.40118299996,423296.9637361856,-0.1903926976870293,-10189.889999999752,-570378.48,465576.0,888,10.0
68.0,5.0,10000,14,179.3185131605831,12.17967455909578,289,1917,67.76531200399843,72.99918352527341,0.2346879960015684,0.0034512940588465,875169.9724589012,5445923.108664068,4415603.965956612,0.1607018599044428,0.4377,-44880.664483999964,425574.1782077121,-0.1317310176815451,-17857.53000000026,-582451.8209999998,469667.45999999903,893,10.0
68.0,5.25,10000,16,183.34570661193396,11.84385067273072,301,1917,67.78615093486147,73.08217064479774,0.2138490651385325,0.0031448391932137,801198.9871992423,5625351.466123117,4670210.969357274,0.1424264762876075,0.4469,-39853.88542299994,438102.2980815372,-0.1689727810783974,-13707.359999999404,-610929.4199999997,476245.4499999997,892,10.0
68.0,5.5,10000,20,182.3006569027651,10.991909954273655,304,1917,67.83644533884669,73.21150036522742,0.1635546611533129,0.0024052156051957,763607.2534786719,5599665.071524003,4578441.484128404,0.1363665940239616,0.4562,-41067.41652499996,443027.73053621047,-0.1132619267308461,-17050.41000000015,-628520.5319999991,480899.8799999999,896,10.0
68.0,5.75,10000,36,182.7474131791589,11.869717975500905,307,1917,67.86311303787359,73.2945323322339,0.136886962126411,0.0020130435606825,775010.6763097082,5589623.957211067,4593677.66268067,0.1386516664166436,0.4601,-37607.72145899997,446171.6514330579,-0.0851763934292695,-13866.105000000214,-610929.4199999999,482957.1999999989,896,10.0
68.0,6.0,10000,33,177.57553218740864,10.84410514444348,305,1917,67.9173394021992,73.39739541651815,0.0826605978007961,0.0012155970264822,782487.2743078234,5524892.545457268,4546862.678794412,0.1416294105034147,0.4609,-48281.04882699996,447739.5036613768,-0.1375481649666133,-17857.53000000026,-664235.8199999994,470813.73,894,10.0
68.0,6.25,10000,133,177.5365117582436,11.983510689291531,305,1917,67.96491257144899,73.51926260233252,0.0350874285510087,0.0005159915963383,794044.4172392756,5489325.519596401,4511313.972552004,0.1446524558262409,0.4685,-50540.57729599996,453720.8050092711,-0.1356104964531781,-13707.359999999462,-668424.1799999997,470619.3599999994,894,10.0
68.0,6.5,10000,220,173.60310119379315,10.650988411724608,300,1917,68.07624388045836,73.68835004739483,0.0762438804583638,0.0011212335361524,716248.3905898767,5454827.089525501,4480460.638990317,0.1313054252379943,0.4691,-50754.52848699994,452677.8636298736,-0.1813075308871411,-19786.979999999283,-664235.8199999994,478767.3200000008,887,10.0
68.25,3.5,10000,19,148.4089747816128,13.752888106502365,225,1917,67.61988130038466,72.5673405059262,0.6301186996153376,0.0092325084192723,881760.7974229516,5214038.306336922,4214478.398067411,0.1691128345473213,0.4295,-25512.57147999997,403872.48050916905,-0.1046613803334899,-7768.529999999795,-526100.8799999999,449677.56000000006,862,10.0
68.25,3.75,10000,12,152.9581358139901,15.38650910881339,236,1917,67.69017471548946,72.64468061922045,0.5598252845105378,0.0082025682712166,931698.3086321256,5086929.713421955,4051409.5775404153,0.1831553335942156,0.4218,-23023.159141999968,405581.6008118886,-0.1644797498097808,-7768.529999999795,-524496.9000000004,470425.75,869,10.0
68.25,4.0,10000,12,159.44241855916206,15.324261370601937,249,1917,67.78392686790927,72.75311147965208,0.4660731320907274,0.0068289103603036,974612.3224121884,5125435.679509216,4151859.635618172,0.1901520930812874,0.4313,-12755.225159999964,411497.3652977571,-0.1227320874433448,-5448.060000000056,-524496.9000000004,475294.1770000007,875,10.0
68.25,4.25,10000,12,167.4312889661674,14.222323358743882,267,1917,67.8438511048467,72.85408506717229,0.4061488951532936,0.0059508995626856,987511.3602245993,5171137.7863882445,4100129.60982716,0.1909659732571778,0.4238,-13962.19058399997,417189.8176457793,-0.1177305964506364,-5448.060000000056,-531045.9719999998,490418.8799999999,882,10.0
68.25,4.5,10000,14,174.8239641770821,15.281173594132026,288,1917,67.91981435076329,72.98584370150087,0.3301856492367108,0.0048378849705012,990053.1910306136,5156419.627133511,4141441.947401055,0.1920039994070442,0.4244,-16983.332836999965,426798.0537162569,-0.0138080626365239,-9328.61999999918,-550064.6490000001,500882.1800000005,887,10.0
68.25,4.75,10000,19,179.99141041737687,12.39218796470705,296,1917,67.96991449811166,73.09953007993717,0.2800855018883368,0.0041038168774847,897908.2808496307,5335141.786859096,4314173.71355838,0.1683007343987098,0.4375,-24921.184509999974,444097.6621352898,-0.0906196192301932,-13317.47999999998,-576470.6399999997,519811.49999999953,893,10.0
68.25,5.0,10000,28,185.5299376776508,14.090857851425994,309,1917,68.00480141972652,73.19621406683186,0.245198580273481,0.0035926531908202,908938.5800352156,5282483.348760958,4204175.661791255,0.1720665300816165,0.4385,-29218.564856999965,443190.4043074421,-0.064486835411927,-8376.720000000205,-595508.6399999997,488641.4110000009,892,10.0
68.25,5.25,10000,16,185.1119917691981,12.300728203109625,313,1917,68.05326656384949,73.32499768945387,0.1967334361505095,0.0028825411890184,824358.0686389144,5305401.342203728,4214511.208996124,0.1553809062626913,0.4547,-31942.83370599996,442612.0546667263,-0.0798490884190264,-17686.24500000017,-599506.619999999,500882.1800000004,896,10.0
68.25,5.5,10000,19,186.73180131389543,11.774679728711378,318,1917,68.08568978608601,73.42340216356052,0.1643102139139927,0.0024074756617434,791032.9590322148,5379388.370941779,4290043.168427595,0.1470488658720373,0.4541,-45197.32629299996,445693.2314841347,-0.1092579048425433,-25510.92000000039,-654526.4399999995,483374.8200000003,897,10.0
68.25,5.75,10000,45,183.49072377591935,12.50750450270162,318,1917,68.13928688561579,73.53835759439144,0.110713114384211,0.0016221701741276,753419.1778525774,5307452.260279038,4241437.659634499,0.1419549608559204,0.4591,-39999.64897699995,456233.03328240686,-0.0512590188503816,-16848.62999999989,-646180.6899999992,513454.86000000034,896,10.0
68.25,6.0,10000,105,183.9068564964608,10.561892691170254,321,1917,68.18839247997896,73.66025919995626,0.0616075200210417,0.0009026742860225,802700.1084201961,5468831.516903566,4359956.6454526335,0.1467772605426107,0.4607,-47092.29286999995,458707.8623409048,-0.0951909813042305,-19317.300000000105,-668424.1799999997,490214.30700000015,896,10.0
68.25,6.25,10000,160,180.22073086341783,10.724090597117362,317,1917,68.27657884694587,73.81319611392689,0.0265788469458669,0.0003894336548844,777117.7248588365,5367276.795188693,4312131.052102685,0.1447880842581952,0.459,-46015.28075799994,447829.2047127288,-0.119865213025469,-19976.21999999974,-628399.7489999993,476245.4499999997,890,10.0
68.25,6.5,10000,228,178.60433738303243,10.448010698762957,318,1917,68.32314453408081,73.89154934932874,0.0731445340808107,0.0010717147850668,876677.2079472118,5420709.118032041,4316267.955470029,0.16172740297592,0.4469,-38914.13599899993,456307.30813313735,-0.1450142480643317,-9483.660000000033,-646180.6899999991,484897.8599999994,885,10.0
68.5,3.5,10000,19,147.65818699810723,14.623303696771174,231,1917,67.8285189081767,72.74287555283122,0.6714810918232956,0.0098026436762524,954078.6734624016,5016912.257562953,4022283.85884532,0.1901724854813109,0.4157,-22370.180954999967,401486.4089066204,-0.2470700589942092,-7465.859999999637,-517953.29999999935,465576.0,866,10.0
68.5,3.75,10000,11,153.93752348289945,13.899699766485044,244,1917,67.92275544244795,72.8491101204701,0.5772445575520493,0.0084269278474751,1040083.4454667954,5041479.753056242,4067947.028582156,0.2063051914145399,0.4135,-10045.026627999974,407160.0591197978,-0.2183974742026368,-1412.4599999999627,-501076.569,476245.44999999925,873,10.0
68.5,4.0,10000,11,161.05450777650415,15.792798483891342,262,1917,67.98885413339167,72.94228131138716,0.5111458666083308,0.0074619834541362,1076664.650947563,4818019.146825331,3897682.960709385,0.223466245802903,0.414,-12498.092060999976,405757.6070635792,-0.109341887625625,-5448.060000000056,-515358.6599999997,476245.4500000002,882,10.0
68.5,4.25,10000,15,169.34529590260274,14.07816195517513,284,1917,68.04657813697513,73.04574433982177,0.4534218630248716,0.006619297270436,1037816.092675587,5085148.326717207,4030275.339838285,0.2040876737504262,0.4166,-17346.074851999958,411258.7767262704,-0.1181951353791151,-7667.64000000013,-526100.8799999997,476245.4500000002,888,10.0
68.5,4.5,10000,17,175.37843104689568,13.954007590980128,293,1917,68.10469451041651,73.16473650405375,0.3953054895834924,0.005770883059613,1000754.0382761076,5060419.931195666,4042501.9117017584,0.1977610656591599,0.4219,-25796.66041099997,431571.6011872814,-0.1225917713756075,-7667.64000000013,-570378.48,484924.97299999953,894,10.0
68.5,4.75,10000,14,181.3934243992112,16.64004259850905,307,1917,68.13935797826358,73.25676283663023,0.3606420217364245,0.0052648470326485,1024674.4283282738,4913877.613962599,3932191.4098287937,0.2085266481641097,0.4184,-32455.091603999965,427977.3603803064,-0.0817822796632334,-14023.709999999495,-562571.0000000002,481851.7799999993,893,10.0
68.5,5.0,10000,22,182.77410123298645,13.471279232675933,312,1917,68.21638099677448,73.41310145978515,0.2836190032255246,0.0041404234047521,948845.2248742436,5101733.719512624,4106014.646054166,0.185984858685429,0.4294,-22958.114256999965,435135.086718698,-0.0215383147428671,-12609.350000000091,-567332.3999999998,513685.5199999996,898,10.0
68.5,5.25,10000,15,185.0696461948706,13.437970328961512,318,1917,68.24629321943134,73.5106244198279,0.2537067805686632,0.0037037486214403,951051.1049557274,5147925.00023374,4085603.88345156,0.1847445533710272,0.436,-38852.11327299995,444154.9617123313,-0.0841031162610443,-27240.299999999814,-599506.6199999992,490418.8799999999,900,10.0
68.5,5.5,10000,23,183.0720625358205,13.898154325105622,320,1917,68.28650067264809,73.61969174653368,0.2134993273519114,0.0031167785014877,937542.9042987926,5062386.707293506,3975235.093233771,0.1851978046141855,0.4367,-42673.22571199996,442258.8944875852,-0.0841102449846298,-22308.850000000093,-599506.6199999992,480899.8799999999,899,10.0
68.5,5.75,10000,75,184.21831382351337,15.029457737164837,324,1917,68.35408443305074,73.76822749125677,0.145915566949256,0.0021301542620329,919980.0008275872,5087807.906898453,4016193.8896882366,0.1808205061319641,0.4496,-40878.05754699995,449669.2166752601,-0.0526983331160683,-23226.36000000051,-599506.6199999994,500078.9930000004,899,10.0
68.5,6.0,10000,137,182.5039611921164,12.627538135165164,322,1917,68.40054159506676,73.88162079990815,0.0994584049332445,0.0014519475172736,949941.7532374416,5226940.35427339,4065870.781620007,0.1817395433756571,0.4397,-40573.08315099995,445942.5108831413,-0.0825399740801596,-18525.0,-599506.6199999992,483527.1240000008,893,10.0
68.5,6.25,10000,175,179.91395646789147,12.132388624672426,323,1917,68.44096683721327,73.96759227654255,0.0590331627867328,0.0008617979968866,976193.6145832386,5192735.241879045,4129726.7178589455,0.1879921792873832,0.4358,-40906.67661999995,448238.313996716,-0.0846367720423287,-22597.649999999907,-599506.6199999992,481851.7799999993,890,10.0
68.5,6.5,10000,283,175.6031856902242,14.657598499061912,318,1917,68.50514543432583,74.09452139662388,0.0051454343258257,7.511582957409787e-05,994461.7976421644,4976601.571948132,3938272.716762015,0.1998274893549242,0.4363,-39443.231240999936,454290.9118078982,-0.0905446295232511,-13707.359999999462,-645388.1999999997,513477.9260000003,884,10.0
68.75,3.5,10000,19,145.97938616022137,15.271838729383012,237,1917,68.12198536209442,72.99238779392606,0.6280146379055793,0.0091347583695356,1177017.22384932,4806128.7774514565,3895705.139910875,0.2448992272890066,0.3952,-2515.2895589999707,400095.50914410746,-0.1700781181976323,3732.930000000168,-475081.5099999993,476633.4300000008,866,10.0
68.75,3.75,10000,20,153.3931526262808,14.995201535508636,256,1917,68.18957391985234,73.08786457768817,0.5604260801476642,0.0081516520748751,1069740.4808049966,4873372.788994497,3858912.040792272,0.2195072134068593,0.4074,3950.2045190000304,417087.1045916829,-0.1654496887975349,5649.839999999851,-477021.41000000015,522593.0999999992,875,10.0
68.75,4.0,10000,15,161.94784984055548,15.806777946383406,280,1917,68.28418434712927,73.21210076290788,0.4658156528707309,0.0067755004053924,1157204.0899187538,4792160.334943444,3777154.693201421,0.2414785835692225,0.4039,-646.9058819999661,420385.57904868526,-0.1798088474364972,3732.929999999702,-515618.12399999984,506779.2290000032,881,10.0
68.75,4.25,10000,9,167.66985380829254,16.92391010018955,289,1917,68.34573603231645,73.32649593983936,0.4042639676835478,0.0058802031663061,1124841.6620888663,4852340.048048511,3862999.9695507167,0.2318142691877601,0.401,-80.61889999997337,423566.3878590375,-0.0892026886107051,403.5600000000559,-501080.16000000015,538394.6400000006,890,10.0
68.75,4.5,10000,18,174.05146005636428,14.625014625014622,305,1917,68.37877779414276,73.41296775281286,0.3712222058572365,0.0053995957215598,1061215.9175760178,4956683.272265309,3906448.91118855,0.2140979883693516,0.4107,-5591.815348999968,438065.238187387,-0.0930745817970447,504.4499999997206,-535820.5200000003,556644.8430000003,890,10.0
68.75,4.75,10000,17,177.26252248167629,14.896913359551904,312,1917,68.43954420248272,73.54756488487355,0.3104557975172781,0.0045157206911604,1056705.7571664692,4919231.462296987,3868590.673230497,0.2148111478928155,0.4105,-20069.060250999963,437527.34986441286,-0.0921073586780625,-9887.219999999914,-549817.4399999997,516789.3599999999,896,10.0
68.75,5.0,10000,15,181.11989526247737,15.905331467107768,319,1917,68.47580931737775,73.64992685109691,0.2741906826222475,0.003988228110869,1023066.0481617752,4950699.617689943,3919756.782009018,0.2066508023444069,0.4132,-14764.646273999972,435516.12825037376,-0.0436748808388727,-8376.719999999972,-532502.5499999998,522593.0999999989,898,10.0
68.75,5.25,10000,17,181.4639995277205,15.41497101985448,323,1917,68.50484499426577,73.7530520179602,0.2451550057342331,0.0035658909924979,1030044.950604982,4864685.495681603,3892046.040496721,0.2117392689659703,0.4203,-19906.699816999964,450034.7398973263,-0.118635535339588,-8376.720000000205,-576280.2600000007,532890.5300000001,898,10.0
68.75,5.5,10000,41,183.22746316663407,14.99700059988002,328,1917,68.55279481116692,73.88907090033233,0.197205188833081,0.0028684391102993,1016364.72065049,4961483.594030771,3837963.012345213,0.2048509687451738,0.4279,-10648.90938499996,448463.0170110702,-0.0297601487779828,-9328.61999999918,-562763.2799999993,555338.459999999,898,10.0
68.75,5.75,10000,100,183.636752837019,13.98366707685423,328,1917,68.59445379888398,74.00698483461642,0.1555462011160244,0.0022624901980512,997485.3607465288,5039624.051260672,3935138.242681284,0.1979285261361918,0.4368,-33287.68868499995,454197.5665851206,-0.1246096755511449,-14830.829999999842,-599506.6199999994,516789.3599999999,893,10.0
68.75,6.0,10000,134,185.41223792790507,14.044943820224717,334,1917,68.63976559140566,74.11420709107819,0.1102344085943372,0.0016034095795539,955265.8933686876,5043523.229409123,3950631.224416976,0.1894044797490904,0.4382,-27291.46698099996,461441.054858149,-0.0710877690527919,-13707.35999999952,-599506.6199999992,538128.2599999998,891,10.0
68.75,6.25,10000,203,181.22729133544652,13.022189811438691,330,1917,68.68041930119664,74.22935428129489,0.0695806988033638,0.0010120828916852,1009821.1638930462,5030312.525041569,3944303.3091195184,0.2007472018619163,0.44,-27829.696282999943,452083.76872127777,-0.0839509435844145,-14499.375000000116,-599506.6199999992,526525.0740000005,888,10.0
68.75,6.5,10000,315,178.43567308469525,14.934289127837516,328,1917,68.78861775616254,74.40264090334352,0.0386177561625373,0.0005617128169096,1079997.7228318297,4962033.190439253,3877150.416382898,0.2176522569241874,0.4222,-20037.511700999945,446093.73783379886,-0.0956212224150599,-5448.060000000056,-599506.619999999,525038.7800000001,883,10.0
69.0,3.5,10000,21,145.22057482070664,15.711412770236295,247,1917,68.33685836733235,73.19048742338637,0.6631416326676458,0.009610748299531,1062766.9330129211,4791071.39854243,3864211.3672907655,0.2218223951611831,0.4117,8300.300385000039,409503.53792734136,-0.1036801593127044,8567.099999999627,-446517.2519999994,522593.0999999989,866,10.0
69.0,3.75,10000,15,153.50103117867278,16.812373907195703,271,1917,68.4322168003315,73.31424929525954,0.5677831996684972,0.0082287420241811,1182681.7832134212,4668847.174586631,3777385.4946795055,0.2533134495493811,0.3941,3264.240812000021,422252.79627475154,-0.1004399671033429,8373.870000000112,-505839.6599999999,550834.6050000002,873,10.0
69.0,4.0,10000,12,159.62351642699343,15.49138678894534,283,1917,68.51376925692949,73.43885396229896,0.4862307430705073,0.0070468223633406,1116746.4174842683,4784786.6683676895,3865532.401242116,0.2333952367964697,0.4033,661.3921090000329,424238.8335558039,-0.0971115338826455,3732.930000000168,-504449.8860000002,513685.5199999996,883,10.0
69.0,4.25,10000,8,165.38836896945216,15.527950310559,299,1917,68.55167920515107,73.51905508912544,0.4483207948489252,0.0064974028238974,1121091.6909409564,4754548.908263399,3813487.143390528,0.2357934922054331,0.4074,-1456.9596339999632,430941.9261497848,-0.1164296403268714,8373.870000000112,-515180.25,555338.459999999,884,10.0
69.0,4.5,10000,20,169.11482504033432,15.715363339200405,307,1917,68.61896112217606,73.65992571361397,0.3810388778239399,0.0055223025771585,1052822.2632109325,4765609.18413835,3863491.96856335,0.2209208146389974,0.4147,-8305.914219999973,439744.78165282897,-0.0881272433165867,193.5150000001304,-549817.4400000002,557432.6399999997,890,10.0
69.0,4.75,10000,9,174.26051947822742,15.518311607697084,315,1917,68.63561620724231,73.73171564087416,0.3643837927576925,0.0052809245327201,1081349.8442131977,4766882.083861071,3799232.0322089177,0.2268463589385303,0.4123,-19231.687595999963,427206.0004669608,-0.0919648996364809,-7718.084999999963,-527542.9799999995,513477.9260000003,895,10.0
69.0,5.0,10000,19,176.78714253114043,15.927624872579,321,1917,68.65745752663827,73.82339773108234,0.3425424733617319,0.0049643836719091,1040254.8851369732,4740218.639660983,3776234.9742869153,0.2194529333379802,0.4201,-20388.42180799997,442990.5127712341,-0.0503342169403517,-7768.529999999795,-562571.0000000002,538128.2599999999,895,10.0
69.0,5.25,10000,41,180.4618380971216,17.62549351381839,329,1917,68.72150457021122,73.97713482644555,0.2784954297887765,0.0040361656491127,1079139.0845556092,4783784.558748152,3804652.7824858776,0.2255827099450323,0.4225,-20137.384630999964,442591.7768661567,-0.109494138852024,-6204.735000000102,-570378.48,510106.0340000007,895,10.0
69.0,5.5,10000,72,183.49084558111164,15.943877551020403,334,1917,68.79725962421432,74.14170493795729,0.2027403757856802,0.0029382663157344,1124652.1774352065,4754672.610430963,3764291.786626802,0.2365361970386575,0.4171,-27501.599551999963,446351.3463495938,-0.084871905308393,-12409.469999999972,-576280.2600000007,513685.5199999996,891,10.0
69.0,5.75,10000,93,187.15196529428957,16.486415193880244,343,1917,68.86792443882665,74.28663404749231,0.1320755611733517,0.0019141385677297,1144534.1306521816,4751698.846410677,3688994.228940949,0.2408684067839728,0.4271,-28163.97994599996,446177.9976414339,-0.0968418843825011,-13707.359999999404,-570416.1570000001,530756.6400000001,891,10.0
69.0,6.0,10000,166,183.6472823415874,17.573457050470974,342,1917,68.90113142370579,74.40189856210081,0.0988685762942083,0.0014328779173073,1152025.1032270556,4744461.623640237,3711754.0807239423,0.2428147163182558,0.428,-21915.28411399995,455417.60056593065,-0.0402366934312352,-13317.47999999998,-576470.6399999994,561049.8600000003,889,10.0
69.0,6.25,10000,248,181.7426712359654,17.80119624038736,343,1917,68.9867487437617,74.56086395503976,0.0132512562383055,0.0001920471918595,1181689.1591533276,4781263.547834184,3793755.24213423,0.2471499735020063,0.4172,-27092.353117999948,452241.6787403354,-0.0560652204038463,-11299.680000000197,-599506.6199999992,524877.6599999992,885,10.0
69.0,6.5,10000,358,175.9652332132116,25.78382838283829,336,1917,69.12953864598236,74.75925818174639,0.1295386459823646,0.0018773716809038,1361549.9224496414,4188792.9647740736,3457729.460705859,0.325045886464116,0.4068,-34401.29299199994,448983.25664767966,-0.1349790655009226,-16424.075000000594,-599506.6199999992,516789.3599999999,880,10.0
69.25,3.5,10000,11,145.72575731338216,14.801657785671994,258,1917,68.58528162822668,73.4376048370837,0.6647183717733185,0.0095988212530443,1219759.5389398877,4252509.311736928,3620374.969507565,0.2868328907765941,0.3894,13151.74841500002,405858.9154529029,-0.0144636063802635,11703.239999999758,-469286.7000000002,551707.56,863,10.0
69.25,3.75,10000,14,153.22884913579855,16.34627958676605,273,1917,68.68305327675131,73.55144194308556,0.5669467232486909,0.0081869562923998,1177406.8528634163,4318107.54508478,3680669.175687079,0.2726673295118915,0.4047,10785.249927000015,425370.5455480185,-0.0582934004526299,10896.120000000112,-489630.7600000002,576150.2999999998,876,10.0
69.25,4.0,10000,13,159.06820595216706,17.118597644480964,291,1917,68.71958910460606,73.62615088973416,0.5304108953939419,0.0076593631103818,1253977.9024338485,4231935.74849984,3585914.7499943967,0.296313076794317,0.3937,-5689.561266999976,420996.2000563143,-0.0953403500270671,201.77999999999884,-498586.1819999996,516401.38000000006,878,10.0
69.25,4.25,10000,16,163.21052996356508,16.093729882837646,301,1917,68.77078208036552,73.73027262189397,0.479217919634479,0.0069201143629527,1137695.6336395494,4244700.247272705,3627204.4688902255,0.2680273205088013,0.4056,-3842.885621999969,425055.9781084236,-0.0376198880476163,185.2500000004657,-517953.2999999991,570188.0999999996,886,10.0
69.25,4.5,10000,17,168.78858658618446,16.543144520910538,310,1917,68.78839946542466,73.79970030321869,0.4616005345753393,0.0066657116906186,1141835.3956745889,4273510.574315497,3641172.455372309,0.2671890886469798,0.4112,-1720.3782179999691,432900.030448998,-0.0771675856226727,504.4499999997206,-501076.5690000004,555338.459999999,892,10.0
69.25,4.75,10000,10,171.8217287672235,18.189755529685687,316,1917,68.81621758727177,73.889394934281,0.4337824127282346,0.0062640059599745,1152662.9172765089,4249934.178735495,3607242.1749208528,0.2712190045304341,0.4074,-9766.968068999977,440128.8501603669,-0.0489017958806896,403.5600000000559,-549817.4399999995,555338.459999999,894,10.0
69.25,5.0,10000,36,176.084567888814,21.19721892487706,325,1917,68.87976232545311,74.03949196305217,0.3702376745468854,0.0053463924122293,1205681.1123037469,4223319.437458176,3544179.8784075496,0.2854818656647462,0.4024,-5773.636342999976,439546.5418556143,-0.0523764158732138,454.0050000001211,-532502.5499999998,558307.2480000003,894,10.0
69.25,5.25,10000,47,180.3274101512384,22.73554019643507,332,1917,68.95401274536177,74.20770280071699,0.2959872546382343,0.0042741841825015,1309571.3242937454,4143228.517546109,3501312.1415126133,0.3160750894496544,0.4062,-20751.358952999966,443927.1826523071,-0.07402346241504,-6356.069999999832,-567332.3999999998,553796.3819999989,893,10.0
69.25,5.5,10000,59,185.27668906650243,24.16860015467905,344,1917,69.02229976809413,74.35926981964086,0.2277002319058709,0.0032880899914205,1335078.04302405,4143660.8689045743,3513032.888772922,0.3221977100111944,0.4025,-25893.41238199996,437541.9651687389,-0.0407292003754498,-13317.47999999998,-562763.2799999993,517091.57400000095,894,10.0
69.25,5.75,10000,122,182.1288188165964,23.23852017103551,344,1917,69.05918002805907,74.48417601361358,0.1908199719409253,0.0027555230605187,1257388.816217342,4182842.9992145817,3519288.867825089,0.3006062662293191,0.4156,-29944.870712999964,452740.8112266076,0.0068569140085216,-14774.97000000003,-576280.2600000007,530756.6400000001,892,10.0
69.25,6.0,10000,192,180.5029792339812,20.7779255319149,347,1917,69.1158271232176,74.6250318010403,0.1341728767824008,0.0019375144661718,1331712.9021072548,4186884.6276199687,3498675.2828760007,0.3180677330639191,0.4081,-30867.96889799996,452705.169543304,0.0082492571630944,-18847.620000000927,-570378.48,538394.6400000006,889,10.0
69.25,6.25,10000,268,176.8552950572788,23.403856955626285,345,1917,69.21683617514618,74.79449194708587,0.0331638248538155,0.000478899997889,1402190.7703817752,4086774.972056164,3409593.4147812864,0.3431044723454143,0.4025,-38531.18904199994,450084.03140720906,-0.1807975740515321,-17050.41000000015,-599506.6199999992,503986.02,884,10.0
69.25,6.5,10000,393,170.45583927290673,23.85496183206107,339,1917,69.34532942538203,74.9793339106554,0.0953294253820331,0.0013765982004625,1380395.7666578498,4071778.1272057,3432785.0405374267,0.3390154678209739,0.4039,-37995.88908399994,442422.2120061074,-0.166426798831959,-17050.41000000015,-576470.6399999997,512521.5800000001,878,10.0
69.5,3.5,10000,17,148.82659167226302,15.2031135976648,269,1917,68.90197977467633,73.68810338909643,0.5980202253236655,0.0086046075586138,1126983.7862440322,4259135.0536141815,3635461.467183017,0.2646039094927749,0.4121,12403.424200000018,436183.3410368977,-0.0894959245249874,12409.470000000205,-513835.6199999992,585423.0220000006,865,10.0
69.5,3.75,10000,21,154.90521078403597,16.844091092844632,289,1917,68.96830010524556,73.77899970811205,0.5316998947544391,0.0076503581979055,1084236.9329947787,4203016.960209757,3590631.421734557,0.2579663473308155,0.4239,-2365.325028999981,439574.9422125464,-0.1006773764365021,7566.750000000233,-532502.5499999993,580612.0700000003,869,10.0
69.5,4.0,10000,11,159.22497247398448,17.783468487693842,300,1917,69.0163314282751,73.87990091229636,0.4836685717249054,0.0069592600248187,1125085.2744727498,4154475.0667156735,3541277.3745032605,0.2708128599655281,0.4128,-3062.179345999978,428895.49224625103,-0.0635777015684007,3732.930000000168,-524496.8999999996,573046.46,877,10.0
69.5,4.25,10000,12,164.2516242122532,18.272182429469375,309,1917,69.02898441845375,73.93526390853687,0.4710155815462542,0.0067772026121763,1076639.931327005,4223196.732124643,3648071.5672397846,0.2549348277188497,0.4233,-3462.87365199998,436723.9364311216,-0.0670775849075343,3934.710000000196,-522593.0999999999,576163.2959999997,884,10.0
69.5,4.5,10000,8,168.53749550498216,17.78599886169608,316,1917,69.08182189706713,74.04508183868664,0.4181781029328704,0.0060169511213362,1037823.727350788,4225476.693744046,3606616.210679964,0.2456110404980625,0.4215,-2875.585361999978,440789.1211178944,-0.0726945239500155,3732.929999999702,-546009.8399999994,576280.2599999988,889,10.0
69.5,4.75,10000,23,174.81426595734607,17.780938833570417,327,1917,69.10780044064863,74.14585837663574,0.3921995593513685,0.0056431591273578,1104245.8362957416,4207881.326977222,3577412.1537691317,0.2624232364197849,0.42,-4926.070605999969,444206.5292864844,-0.0674788764805251,4812.510000000242,-550064.6490000001,576150.2999999998,890,10.0
69.5,5.0,10000,52,180.453642489575,18.56803327391563,335,1917,69.1793790516721,74.31049716127347,0.3206209483278996,0.0046132510550776,1186067.0018453205,4284366.449049902,3593120.191570899,0.27683603070609,0.4129,-14906.372992999972,444383.1981801228,-0.0401065762908901,-5330.639999999665,-558955.6799999997,557519.6980000001,892,10.0
69.5,5.25,10000,54,186.2307648464655,21.70138888888889,348,1917,69.23199035368525,74.45422819249961,0.2680096463147521,0.0038562539038093,1271800.555859043,4241896.0476271175,3535175.672544995,0.29981888796414,0.4098,-11559.455105999969,446258.6558030935,-0.0184508043039128,-4842.719999999739,-549817.44,571140.0,895,10.0
69.5,5.5,10000,103,184.46799980681212,23.126734505087885,349,1917,69.2856693970129,74.60462387828045,0.2143306029871041,0.0030838935681597,1281716.2433834744,4152784.491098293,3467006.749503131,0.3086402018045721,0.4154,-23092.266739999966,454721.5586030759,-0.0814945193236768,-12409.469999999972,-569864.4540000003,570188.0999999996,895,10.0
69.5,5.75,10000,138,184.88791342526537,20.66798941798943,354,1917,69.34929577872164,74.75934858021375,0.1507042212783602,0.0021684060615591,1353113.950522054,4214899.167759937,3489549.4020796767,0.3210311555901784,0.4095,-16053.81717399995,450815.49921277456,-0.0231485865535799,-5448.060000000056,-562763.2799999991,557432.6399999997,893,10.0
69.5,6.0,10000,196,181.864644477142,23.37759491303536,355,1917,69.44905437735078,74.93789211561136,0.0509456226492233,0.0007330305417154,1368710.3503062862,4111492.0919552175,3448586.394608292,0.3328986946087975,0.4126,-34480.84230599995,451200.18263543776,-0.1082291371134789,-14830.830000000076,-576280.2600000007,534248.459999999,890,10.0
69.5,6.25,10000,263,177.79028264686946,25.56237218813907,352,1917,69.5336776682329,75.09055454880111,0.0336776682328974,0.0004845707659409,1453181.4434477994,4067907.1764543066,3399293.678974285,0.3572307283359474,0.4003,-27917.060752999943,436010.5554198893,-0.0571933931679849,-16116.749999999622,-562572.9000000001,526488.8600000003,884,10.0
69.5,6.5,10000,436,169.5558426812674,25.57806425209741,342,1917,69.67721102454509,75.32550829391974,0.1772110245450875,0.0025497989143178,1511961.1336369447,3990619.3337322655,3334143.3638237305,0.378878817344592,0.4012,-24306.67415999995,439537.7617591475,-0.0995870459517165,-13707.359999999404,-552289.5299999996,555338.459999999,873,10.0
69.75,3.5,10000,0,145.55974751217906,13.856556922735836,281,1917,69.20207211026607,73.94549903934535,0.547927889733927,0.0078555969854326,1067746.0446580884,4222176.05627572,3647640.3642399134,0.2528899862124464,0.4326,12556.542293000017,435565.855840372,-0.1356484525865869,13773.29000000027,-498414.8399999999,586819.7499999993,858,10.0
69.75,3.75,10000,0,150.10486300229238,15.72129291912967,293,1917,69.228407150259,74.00543911081911,0.5215928497409976,0.0074780336880429,1017035.2453614414,4163859.756025774,3583707.9279315225,0.2442530020108453,0.4347,12816.353765000018,447166.74542138487,-0.1415241543206766,13773.290000000095,-521663.9999999994,604860.8199999998,866,10.0
69.75,4.0,10000,0,154.85198418008378,17.137373183438445,302,1917,69.24358844865687,74.05882513727666,0.5064115513431346,0.0072603806644177,1044186.9502167732,4230344.274174071,3624582.2647381,0.2468326175227522,0.4359,8938.911551000023,438218.4588846689,-0.1583179686300752,13773.289999999834,-521663.9999999994,586819.7499999993,874,10.0
69.75,4.25,10000,0,158.9811566856196,17.234247897421756,310,1917,69.30613832667085,74.16936260498963,0.4438616733291525,0.0063636082197727,1006336.9677175065,4277155.936813623,3655209.1198386345,0.2352818046814545,0.4331,19338.679522000017,446148.87094434974,-0.0663761935081649,13773.290000000095,-517953.29999999935,605054.81,879,10.0
69.75,4.5,10000,17,166.85270148904,17.458100558659222,325,1917,69.35251824215622,74.28362220019355,0.3974817578437779,0.0056986631948928,1089199.3217297932,4198502.057796968,3587375.0227165194,0.2594256967689367,0.4228,8751.658989000007,443824.5903265768,-0.0996566056781116,10896.120000000112,-517995.0999999997,586819.7499999993,881,10.0
69.75,4.75,10000,19,172.9596906171578,19.397889509621358,335,1917,69.42625346617368,74.44200200581174,0.3237465338263234,0.0046415273666856,1155589.0569358247,4282710.945726076,3587111.079506719,0.2698265354772641,0.4223,14182.790388000012,445875.5796092724,-0.0950878269129173,16817.089999999735,-501651.2999999998,590117.5800000001,883,10.0
69.75,5.0,10000,28,179.54148148875026,20.58290795323564,348,1917,69.47139586944387,74.5770267594111,0.2786041305561326,0.0039943244524176,1255183.039959057,4185490.2387497216,3545561.3752746982,0.2998891332581394,0.4174,-72.49993399997427,450338.031539893,-0.0971430429525667,7062.299999999814,-522593.0999999995,582182.0399999991,886,10.0
69.75,5.25,10000,63,179.8229273912369,19.0287715025118,351,1917,69.52132436745046,74.72885258472706,0.2286756325495389,0.0032785036924665,1337773.6879564747,4205660.549831807,3557540.966550871,0.3180888405294562,0.4183,2653.6665780000358,438841.9424292207,-0.0475040963817566,6298.499999999942,-517953.2999999996,566062.8200000008,888,10.0
69.75,5.5,10000,97,182.065315376588,22.178850248403133,358,1917,69.58797618551756,74.89566800878893,0.1620238144824384,0.0023229220714328,1427501.1088963076,4183212.175815528,3512621.413312981,0.3412452079646217,0.4133,-12246.365430999964,458686.3472932314,-0.0713736822928127,-1412.460000000312,-549817.4399999997,576280.2599999988,887,10.0
69.75,5.75,10000,106,180.757271216263,18.899304505594195,362,1917,69.65435131949471,75.0476283278623,0.0956486805052918,0.0013713072473876,1391486.1425886643,4166784.614296761,3495889.4921057024,0.333947221033288,0.4119,-19581.58910699996,454478.8057444721,-0.158473371692448,-1412.4599999999627,-562571.0,560825.0900000003,885,10.0
69.75,6.0,10000,173,177.3422624370345,25.09032517061421,360,1917,69.73260614409355,75.20083225369663,0.0173938559064481,0.0002493742782286,1564119.8711687922,3962458.0564848864,3358118.510718884,0.3947347451688434,0.3917,-17600.40850999995,434361.2249759437,-0.1179874041937428,-11299.680000000168,-529010.7300000014,553796.3819999989,881,10.0
69.75,6.25,10000,270,170.5510333455378,24.732884843688183,352,1917,69.82608225171387,75.39333779343076,0.0760822517138706,0.0010907849708081,1465480.016612298,3962031.321519704,3411372.295156707,0.3698809771272047,0.4081,-30770.746030999948,448767.4171154485,-0.1642910821826406,-12409.469999999972,-570378.48,526488.8600000003,873,10.0
69.75,6.5,10000,442,158.4539883925278,23.877745940783196,336,1917,70.08668089808583,75.72036113422166,0.3366808980858309,0.0048269662808004,1672512.8452337692,3841554.760829655,3294147.8608050523,0.4353739434583926,0.3805,-29682.988905999933,418432.6778333029,-0.1519204228604372,-12409.469999999972,-528685.2599999998,482957.1999999984,873,10.0
70.0,3.5,10000,0,143.78641961802705,14.173942623880254,288,1917,69.41490658409634,74.13522218340492,0.5850934159036569,0.0083584773700522,1052144.384456493,4193252.0924149742,3614264.874791816,0.2509136968797272,0.4357,3141.975850000022,422435.5189869604,-0.2245201086848572,10139.445000000123,-515180.2499999998,576280.2599999988,852,10.0
70.0,3.75,10000,0,149.1367267053606,15.456906145665876,298,1917,69.45494365386463,74.20408495112646,0.5450563461353681,0.0077865192305052,990428.2206546932,4282434.409305072,3655417.0509471153,0.2312769154158309,0.4366,292.42654900003004,424660.21181080665,-0.2292638967057478,8373.870000000112,-512031.00000000047,576150.2999999998,860,10.0
70.0,4.0,10000,0,153.75303238690418,16.19590567504535,307,1917,69.49129645967624,74.27342724476763,0.508703540323765,0.0072671934331966,1060634.257856709,4234081.792858344,3639380.853984122,0.2504992368465079,0.4284,9797.994841000029,425288.7187668255,-0.1807246946033011,13773.290000000095,-478615.31999999983,576280.2599999988,866,10.0
70.0,4.25,10000,12,161.4893704126248,16.41928280572705,324,1917,69.53532056533876,74.37443621971993,0.4646794346612353,0.0066382776380176,1058928.9736907445,4251516.385582753,3664514.2967827735,0.2490708908665296,0.4385,14002.70783700003,425770.8517235396,-0.1981021030052501,13773.290000000154,-487884.8499999999,582182.0399999991,868,10.0
70.0,4.5,10000,25,168.1846439514405,16.382699868938403,335,1917,69.60606225429403,74.52684451624883,0.3939377457059692,0.0056276820815138,1164968.027579114,4248637.826513015,3600440.678875837,0.2741980077259818,0.4196,843.9991900000315,426927.92665539694,-0.1916086527643521,8470.484999999986,-507996.59699999937,558881.5230000024,871,10.0
70.0,4.75,10000,13,176.0379184081164,18.628912071535023,349,1917,69.65382808036006,74.65692534060581,0.3461719196399428,0.0049453131377134,1202841.1672517743,4191865.6603277046,3529300.063041461,0.2869464970300934,0.4226,-553.441214999976,428451.5355647643,-0.1580241386100889,454.0050000001211,-505839.66000000015,581388.0300000003,874,10.0
70.0,5.0,10000,28,176.9743702981823,19.06359615677902,352,1917,69.70012860428139,74.8078604451346,0.2998713957186112,0.0042838770816944,1272574.579785565,4181376.2366954335,3486765.8507314376,0.3043434763457899,0.4203,-6318.23773199996,440620.1253533886,-0.2163562738982743,11703.239999999758,-532502.5499999996,571140.0,877,10.0
70.0,5.25,10000,70,180.4115362744828,20.89602139752592,360,1917,69.75733724749885,74.97073151829017,0.2426627525011468,0.0034666107500163,1386780.5113233246,4111599.654976923,3441967.1429745588,0.3372849079906609,0.4046,-18116.83312699996,431735.8720553704,-0.1244729766731924,-5448.060000000056,-526333.668,532890.53,878,10.0
70.0,5.5,10000,93,182.8097781367788,23.14814814814816,370,1917,69.80665127560633,75.11495705222983,0.1933487243936724,0.0027621246341953,1426473.074890935,4075053.06952699,3418357.158926742,0.3500501835320914,0.405,-10283.223224999956,436456.1947304228,-0.1983609870978351,3297.830000000424,-529010.7300000004,557432.6399999997,878,10.0
70.0,5.75,10000,114,180.30048204875416,24.43792766373412,370,1917,69.86617422615636,75.26094948451536,0.1338257738436397,0.0019117967691948,1523116.094355621,4025410.4297229135,3391644.3411076707,0.3783753535066146,0.3959,-3433.7938289999543,430323.9597698504,-0.1320359551636477,3732.929999999702,-522593.0999999995,576163.2959999997,874,10.0
70.0,6.0,10000,213,173.29572898290013,24.831148192292424,364,1917,69.96352199659952,75.46490571613754,0.0364780034004752,0.0005211143342925,1538974.667655183,3996662.990681818,3344455.9718345194,0.3850649082104965,0.3994,-11598.90400799994,439031.3321028991,-0.1425489065648185,-1412.4599999999627,-535412.4000000004,557432.6399999997,866,10.0
70.0,6.25,10000,319,162.6461539487315,25.1559669953713,351,1917,70.20670444038606,75.79056949855168,0.206704440386062,0.0029529205769437,1674273.8846248975,3862142.940998604,3269705.528495599,0.4335090415353695,0.3879,-19445.088983999933,423489.72858020506,-0.2750957890704561,-555.7499999990687,-529010.7299999995,501464.1500000004,866,10.0
70.0,6.5,10000,386,163.7522252673887,25.635767022149302,352,1917,70.23508353199894,75.86980307267837,0.2350835319989386,0.0033583361714134,1653148.1527695097,3942394.0245413296,3381270.000760673,0.4193259584097106,0.3934,-21924.735834999923,430436.5400929633,-0.1920777419024421,-1412.4600000004284,-532502.5499999998,516789.3599999999,859,10.0
70.25,3.5,10000,0,134.7388203381003,14.284081819220658,283,1917,69.74508479947424,74.40275742178058,0.5049152005257582,0.0071874049896905,1111012.7194058793,4363170.529820664,3684235.0033979258,0.25463426465056,0.4183,16211.198487000032,409875.5890130973,-0.158803240877171,13773.290000000035,-462939.7499999998,576258.4860000001,848,10.0
70.25,3.75,10000,0,138.81151179242778,14.087681731094328,292,1917,69.7858939003224,74.47107972027119,0.4641060996775934,0.0066064925221009,1100484.8844409704,4399180.015596296,3723776.933232668,0.2501568202572867,0.4177,25962.790464000027,408042.2418707356,-0.131152715697419,19399.0,-442473.88099999976,577239.0,855,10.0
70.25,4.0,10000,19,147.08894336845307,13.961800513794255,311,1917,69.86644124239128,74.59909265886036,0.3835587576087249,0.0054599111403377,1153375.2072978043,4204709.092297987,3625982.4183438,0.2743055897518593,0.4071,22018.84038400003,401438.5580843375,-0.1182326227636086,13773.290000000185,-432924.1199999999,573046.46,858,10.0
70.25,4.25,10000,18,154.27586301321077,15.411170016027611,324,1917,69.91849688834785,74.71395272289143,0.3315031116521538,0.0047189055039452,1237871.8248375475,4301303.071265484,3644102.269662092,0.2877899567475384,0.4006,20952.088994000027,405012.6254077413,-0.1167413869801228,11833.389999999665,-431239.77,577239.0,861,10.0
70.25,4.5,10000,30,162.5592158647681,15.848865221250152,339,1917,69.97194754634339,74.84304256652716,0.2780524536566133,0.0039580420449339,1268275.2283804847,4223874.953895337,3599335.480988605,0.3002634410876338,0.3983,13218.07906800004,410585.322199192,-0.125024744807058,8567.099999999627,-460383.30000000034,538685.2260000017,868,10.0
70.25,4.75,10000,20,164.44467537290384,16.626762436818304,342,1917,70.0388660201927,75.00902128579396,0.2111339798073004,0.0030054659047302,1315356.0083648358,4199388.122555263,3578925.901166088,0.3132256343013281,0.4003,8020.292331000039,407589.2610482481,-0.0886082502804786,4378.740000000224,-462939.75,531731.3399999982,873,10.0
70.25,5.0,10000,52,169.13720526572615,18.90788080471941,351,1917,70.10247496766739,75.17805098565019,0.1475250323326093,0.0021000004602506,1395898.684509165,4165152.592073782,3473037.477773021,0.335137465831513,0.3939,3622.826482000038,419352.3087146369,-0.0565160841569826,3732.930000000168,-478615.3199999996,538394.6400000004,874,10.0
70.25,5.25,10000,60,172.768621817016,20.40816326530613,362,1917,70.15500151725871,75.33401015069688,0.094998482741289,0.001352291569271,1498965.5445444442,4129205.67017764,3470124.1438080533,0.3630154718062174,0.3859,6071.963969000046,425016.5615277213,-0.0210393779797049,8470.48499999987,-478615.31999999983,576150.2999999998,875,10.0
70.25,5.5,10000,111,175.26239057299645,22.17098261794964,366,1917,70.2151864828174,75.49224288205058,0.0348135171825987,0.000495566080891,1473636.778469436,4184030.369245379,3518111.0711837425,0.3522050865838283,0.3947,4648.870448000042,417866.5519455213,-0.0615608949441284,9382.770000000137,-478615.31999999983,538394.6400000006,872,10.0
70.25,5.75,10000,150,169.71946980095782,22.08090443384561,362,1917,70.2922883821449,75.68847012953977,0.0422883821449033,0.0006019698525964,1519750.1244102968,4046850.462207417,3434388.351018754,0.3755389873193698,0.3956,-577.0549849999487,428551.48786565394,-0.092957567856563,2110.4249999998137,-501651.3000000003,560825.0900000003,865,10.0
70.25,6.0,10000,193,161.83894422213726,24.54831107619797,354,1917,70.43862427368015,75.93775810883804,0.1886242736801477,0.0026850430417102,1643657.5950816297,3944905.3232015655,3354006.9292647564,0.4166532427063894,0.3816,-23465.08568999993,427258.5369299933,-0.1985192011049878,-5448.060000000056,-532502.5499999993,500882.18000000063,866,10.0
70.25,6.25,10000,307,163.3040410520285,24.674299249901317,356,1917,70.46609792688749,76.02687984872475,0.2160979268874854,0.0030761270731314,1626486.354887989,3863716.729072608,3355346.88886367,0.4209641826610792,0.3862,-17521.404039999925,424101.4941133256,-0.2687049395144464,-1412.4600000004284,-521663.9999999994,501464.1500000004,860,10.0
70.25,6.5,10000,519,163.80560829556097,24.121960632960253,354,1917,70.53250372901424,76.1811187924787,0.2825037290142376,0.0040214053952204,1720173.2173611403,3903516.126528224,3381216.717186817,0.4406727579965341,0.3872,-15562.377024999923,423058.7484869528,-0.209672455682984,-479.6549999995623,-522593.0999999995,499745.3910000013,856,10.0
70.5,3.5,10000,0,134.26967174615658,13.289389751222622,287,1917,69.86022292028674,74.5120623853959,0.6397770797132551,0.0090748521945142,1184943.606325571,4256235.007491915,3646136.570088168,0.2784018279629316,0.4067,19948.499760000028,400184.31780821545,-0.1267276646338975,18429.050000000192,-438064.37999999966,535691.2440000009,849,10.0
70.5,3.75,10000,13,144.06578259183954,13.916722333555995,309,1917,70.01109054308706,74.6920409703525,0.4889094569129355,0.0069348859136586,1077788.179750794,4218495.068813135,3642075.856177992,0.2554911555352434,0.4161,19730.16895500004,389689.57836436783,-0.154208095119167,13773.29000000024,-415138.6000000001,512521.5800000001,853,10.0
70.5,4.0,10000,20,150.4880194268121,15.04573904670197,322,1917,70.06193578871236,74.79407784058994,0.4380642112876387,0.006213676755853,1230277.2780693732,4174210.8153991415,3622621.391944871,0.2947329046081572,0.4015,6173.364252000032,403421.5926357136,-0.1392795361598504,7062.299999999814,-455682.5099999991,513685.5199999996,857,10.0
70.5,4.25,10000,24,158.3458045224471,14.597687726264152,337,1917,70.11238379572008,74.90915911243272,0.3876162042799222,0.0054981021883676,1286931.531894256,4100106.658017894,3583220.2828075886,0.3138775742278848,0.3973,9222.172937000034,395142.4968711429,-0.1011335562101904,6298.5,-432403.7099999995,512521.5800000001,864,10.0
70.5,4.5,10000,23,160.5915055353272,15.277438279149353,343,1917,70.19016543302729,75.0728930869706,0.3098345669727109,0.0043948165528044,1304726.47188223,4116319.6083048857,3538996.098824784,0.3169643263972694,0.3984,8937.865107000038,406299.06332733337,-0.1360868939239417,3732.929999999702,-453548.6200000001,531847.2589999993,870,10.0
70.5,4.75,10000,35,166.6453951512613,18.34458467860288,353,1917,70.2613530149071,75.23756353769485,0.2386469850928989,0.0033850636183389,1404904.814993163,4037733.86878477,3536574.049540585,0.3479438865087944,0.3971,7488.8507980000495,408413.8617665983,-0.0498364404296821,9382.770000000137,-462939.7500000001,532890.5300000004,871,10.0
70.5,5.0,10000,41,171.85690461180354,19.1717791411043,365,1917,70.29326284831717,75.36515463336944,0.2067371516828302,0.0029324418678415,1444335.2545622082,3981388.209155328,3408988.224281571,0.3627717717254785,0.3897,360.372221000061,418018.5189276282,-0.0975019450310309,3297.83000000054,-475081.5099999993,532890.53,872,10.0
70.5,5.25,10000,69,176.18176913480343,23.33831217326364,372,1917,70.35779477607713,75.5338923582295,0.1422052239228719,0.0020170953747925,1497260.87011475,3935856.127129395,3387731.935315628,0.3804155491849171,0.3916,4507.57740400005,412113.3522390003,-0.0353289019150989,3732.930000000168,-464792.2500000004,534248.459999999,869,10.0
70.5,5.5,10000,72,174.11387399699947,23.714665148928106,374,1917,70.48618861289087,75.79461199018469,0.0138113871091292,0.0001959062001294,1495221.123603587,3911789.6621010425,3349441.7934164084,0.3822345403920557,0.3952,-3275.999607999944,424459.4550887322,-0.1150127708051399,8567.099999999627,-487884.8499999996,522593.0999999991,864,10.0
70.5,5.75,10000,159,168.7308050553527,23.45655845374367,369,1917,70.59639353088504,76.01500731354972,0.0963935308850381,0.0013672841260289,1531192.1446072937,3933761.081496165,3365195.2710138992,0.3892438083771271,0.3981,-14823.774026999932,427290.9263941208,-0.214147081233116,-555.7499999990687,-517953.29999999935,500882.1800000008,866,10.0
70.5,6.0,10000,213,169.0090987081942,24.742676167854327,371,1917,70.61696166749635,76.11380800313114,0.1169616674963549,0.0016590307446291,1592239.2406067564,3854080.599251127,3299528.380530358,0.4131307583230457,0.3934,-9720.563741999931,429658.5530194469,-0.2093523390993612,8567.099999999627,-517953.2999999991,513719.5679999997,862,10.0
70.5,6.25,10000,417,170.14625481016506,25.826446280991743,369,1917,70.67734729252653,76.26102090142005,0.1773472925265338,0.0025155644330004,1550319.7167470695,3913430.926849945,3336950.6259793025,0.3961535914970078,0.4033,-5597.528971999944,432088.97288431897,-0.2615775044890721,12409.46999999974,-525854.2980000011,526488.8600000003,861,10.0
70.5,6.5,10000,580,168.42701630640565,23.48741074783916,366,1917,70.71780062514917,76.39084761840256,0.2178006251491666,0.0030893705694917,1583689.6917278988,3936530.4769817153,3385030.275933192,0.4023059648561828,0.3996,-13191.464171999936,432753.383097544,-0.2194487313004889,4378.740000000224,-529010.7300000004,516789.3599999999,853,10.0
70.75,3.5,10000,18,143.05377526865664,14.602803738317752,308,1917,70.19391505038563,74.82624249435864,0.5560849496143732,0.0078598579450794,1072139.0793245195,4258614.464520522,3684720.6733761295,0.2517577226717168,0.4191,23223.85234200004,395119.4819551002,-0.1749915036759431,18160.200000000183,-431317.36600000015,577232.1599999995,848,10.0
70.75,3.75,10000,26,148.9529258046028,15.307372030369828,321,1917,70.23980511338037,74.91711666759421,0.5101948866196295,0.0072112351465672,1163827.3816404084,4223718.180475833,3620429.1909024687,0.2755456997628792,0.4037,12922.50667000005,392287.2380718244,-0.1824206448164672,14161.269999999551,-433149.1940000001,516401.38000000006,852,10.0
70.75,4.0,10000,15,155.96016620483516,15.258789062499998,336,1917,70.2843170007583,75.01445062554157,0.4656829992416931,0.0065820918620734,1179565.8284621255,4154686.905342757,3593773.255124542,0.2839120865991736,0.4149,15563.892921000048,401968.4729678589,-0.166333973968714,13773.290000000154,-445013.0600000003,538445.4840000011,861,10.0
70.75,4.25,10000,22,158.03943216412767,15.99078930536011,342,1917,70.36615222465034,75.1724853046253,0.3838477753496647,0.005425410252292,1224171.020187836,4115386.133271265,3555983.761569133,0.2974620073414008,0.4124,11428.999491000057,412278.1023485588,-0.2704945155256786,17847.079999999143,-462939.75,548340.0,868,10.0
70.75,4.5,10000,47,165.54646165243045,19.10730663405686,355,1917,70.40355348610932,75.28814235923078,0.3464465138906831,0.0048967705143559,1375134.8975848483,4144421.0003959807,3544957.7898826054,0.3318038629409175,0.4002,4616.842547000064,399533.8543441994,-0.1525140654275167,9382.770000000137,-462939.7499999998,506396.09400000033,869,10.0
70.75,4.75,10000,30,170.7770635973886,18.24817518248176,367,1917,70.42487752627208,75.38915163687139,0.3251224737279159,0.0045953706533981,1380269.7823843216,4177632.157844087,3512802.7276460514,0.3303952407089439,0.3994,1059.7365330000632,410358.71658416616,-0.1610619710809761,3732.930000000168,-464800.0399999996,541300.5,870,10.0
70.75,5.0,10000,44,176.82360909013548,22.135647246325487,376,1917,70.4825314721068,75.5505711440187,0.2674685278932003,0.0037804738924833,1367196.797959885,4007397.941812811,3460559.987731166,0.3411682138413765,0.4084,8281.710785000054,417105.25258225127,-0.1759372948379158,13773.28999999992,-475081.5099999993,576150.2999999998,867,10.0
70.75,5.25,10000,75,176.75212703562406,24.64511041009464,381,1917,70.59431620712735,75.79837108027662,0.1556837928726508,0.0022004776377759,1447551.967994765,4023215.477239189,3451125.832498424,0.3597997612069497,0.3995,-2178.927656999939,419768.6547885526,-0.2110798115890406,13773.28999999992,-489630.7600000007,526488.8600000003,864,10.0
70.75,5.5,10000,101,173.18364829864893,26.19995808006707,378,1917,70.68385022684278,76.00472226505384,0.0661497731572211,0.0009349791258971,1456931.1640270597,4006172.300583319,3382503.7547212997,0.3636716183712126,0.4018,2007.4432330000604,423837.7178802304,-0.1101590973594269,5338.620000000054,-478615.31999999983,530756.6400000001,868,10.0
70.75,5.75,10000,153,173.41990205761007,26.68659265584971,381,1917,70.69437643570267,76.10164204344036,0.0556235642973348,0.0007861987886549,1488242.2224859963,3965008.98984733,3350816.329367221,0.3753439718035293,0.4086,-11854.337879999934,427888.60536685446,-0.187344494633776,-555.7499999990687,-507671.8299999992,519811.4999999993,866,10.0
70.75,6.0,10000,325,173.38274939574768,27.68549280177188,380,1917,70.74369070636999,76.24923595677528,0.0063092936300108,8.917729512382856e-05,1544592.717367279,3972473.282435389,3382951.1532596955,0.3888239410436869,0.3959,2510.859918000081,428954.3653810805,-0.2204543933715442,13773.290000000185,-491303.8620000005,522783.65100000106,865,10.0
70.75,6.25,10000,468,172.20351521903433,27.388255915863287,378,1917,70.77990211755929,76.37880530709766,0.0299021175592884,0.000422644771156,1513650.3994178325,3958971.6479737824,3397749.634728093,0.3823342357585523,0.4071,-8766.28765899993,434348.5730367319,-0.20003809094438,3297.83000000054,-529010.7299999995,533666.4899999988,858,10.0
70.75,6.5,10000,579,168.58789694521803,28.29334540516071,372,1917,70.84254177112545,76.51521230848424,0.0925417711254539,0.0013080108992997,1492371.9063140922,3991223.771682764,3442741.748708323,0.3739133638415077,0.4194,5669.705355000079,442833.07143724704,-0.2375053106345785,17847.080000000075,-526333.668,566062.8200000008,856,10.0
71.0,3.5,10000,25,143.5571434684082,14.450867052023115,316,1917,70.44185557056501,75.05104296598999,0.5581444294349893,0.0078611891469716,1143272.724899192,4253442.409750119,3645384.268109328,0.2687876347587264,0.407,11986.458731000048,397128.2640529557,-0.185700460794514,12609.350000001255,-454825.8,522593.0999999992,840,10.0
71.0,3.75,10000,29,150.24624143033867,13.160665403242788,331,1917,70.47961408038337,75.1402107363793,0.5203859196166292,0.0073293791495299,1234208.0782111438,4219501.745304581,3588627.6677985187,0.2925009047773373,0.3982,14533.95101000005,398504.158053256,-0.2314621767360662,17252.190000000002,-455682.5099999993,535691.2440000009,851,10.0
71.0,4.0,10000,36,152.61969376180494,13.004577611319185,338,1917,70.54029170190772,75.26043997880694,0.4597082980922806,0.0064747647618631,1162358.1851452528,4223449.316783192,3632862.667299089,0.2752153744396222,0.4118,16528.323934000055,402775.7528308468,-0.1640744518637442,13773.290000000154,-461510.83599999984,568332.5030000014,859,10.0
71.0,4.25,10000,41,159.5449113224776,16.058581706063723,351,1917,70.57282984274227,75.36097509508414,0.4271701572577342,0.0060164810881371,1253885.988526895,4241981.124625632,3584493.9002692658,0.2955897142605872,0.4086,19407.40313000005,405789.0274788996,-0.1365645140442678,15637.94999999972,-457467.21800000005,573046.46,860,10.0
71.0,4.5,10000,30,165.7679743633427,15.238327441180056,364,1917,70.58210808108223,75.44355184159687,0.4178919189177748,0.0058858016748982,1312805.01192468,4168293.391580912,3525113.088754661,0.31495024188467,0.401,14707.201750000057,405428.9476372989,-0.1504018815821111,13773.290000000095,-462939.75,577239.0,863,10.0
71.0,4.75,10000,44,172.1246265548931,17.657861279841786,374,1917,70.63763565544019,75.58986466877015,0.3623643445598077,0.0051037231628141,1331766.6053737402,4087291.1340029207,3522025.760145007,0.3258311095812409,0.4139,16160.309571000054,411361.27407349873,-0.121630174263672,13773.290000000035,-462939.7500000001,577232.1599999996,862,10.0
71.0,5.0,10000,62,173.9342510475278,22.049744222967018,381,1917,70.75709513453059,75.84582264382645,0.2429048654694128,0.0034211952883015,1373457.5209989806,4062324.7287530536,3486591.593176751,0.3380964380512655,0.4028,13145.746543000056,419343.1497113293,-0.1573601485959438,16808.54000000027,-478615.3199999996,560825.0900000003,862,10.0
71.0,5.25,10000,79,171.89504893634555,23.964723926380376,379,1917,70.82980339779449,76.03963988632908,0.1701966022055074,0.002397135242331,1535180.59837612,3997167.1167615023,3402022.933930967,0.3840671539447469,0.3914,13952.993197000056,416636.7942757196,-0.1077313610797369,17252.19000000006,-475081.50999999954,558303.2200000002,868,10.0
71.0,5.5,10000,99,173.11043193505432,25.334414268342115,383,1917,70.81822418430167,76.12422875600508,0.1817758156983302,0.0025602227563145,1502490.4477971238,4002063.845828613,3426655.3672180814,0.3754289051043458,0.396,10631.409245000068,418942.1997355191,-0.1446934874308925,13773.290000000154,-478615.3199999997,560825.0900000003,867,10.0
71.0,5.75,10000,215,173.87244252729838,24.703557312252972,384,1917,70.83826544449437,76.25091294245257,0.1617345555056317,0.0022779514859948,1582125.384375967,3946115.073654692,3407882.20616918,0.4009323992953614,0.3871,10153.89733100006,422819.350456494,-0.1683900209066072,18197.62999999989,-478615.31999999937,543338.25,868,10.0
71.0,6.0,10000,346,172.0089801304416,27.126736111111114,383,1917,70.87118703594481,76.39140852875852,0.1288129640551858,0.0018142670993688,1603835.8951350667,3925375.097553957,3367510.8455941905,0.4085815636152771,0.39,10949.578267000055,424815.5992747649,-0.1960991443661018,20007.0,-485168.9900000002,541856.25,863,10.0
71.0,6.25,10000,459,169.36562799376222,25.39102173471461,377,1917,70.93522659236334,76.53498298873099,0.0647734076366646,0.0009123015160093,1592451.1679494614,3930589.0411655945,3374516.1371377143,0.4051431353599939,0.3991,11191.49470300007,424407.6639564917,-0.1552514403085371,20042.055000000168,-506895.8700000001,532890.5300000003,861,10.0
71.0,6.5,10000,607,165.61262410875668,25.8585022755482,372,1917,70.9820298361424,76.67488278554775,0.0179701638575977,0.0002531008994027,1628217.1737207295,3951930.5836220616,3391405.3987131054,0.4120055095270474,0.4019,1327.6249050000724,439009.2905863596,-0.2082543691515608,17847.079999999143,-522930.8439999999,559925.4590000004,861,10.0
71.25,3.5,10000,21,143.46721078597105,16.187516187516188,325,1917,70.75313357261616,75.3671398542344,0.4968664273838357,0.0069735638931064,1038868.0256869092,4292181.367587563,3663660.3900831738,0.2420373084725469,0.4312,16797.062119000053,416518.2836808982,-0.2283215555643566,18160.19999999972,-462939.7500000002,580612.0700000003,843,10.0
71.25,3.75,10000,34,147.21226556614425,15.14417252241337,334,1917,70.75722109015167,75.40589381904871,0.4927789098483259,0.0069161952259414,1029125.7528607018,4203666.354959202,3644212.518662465,0.2448162308710844,0.4337,19625.13060900005,423845.2741177967,-0.1994278804919729,17252.189999999944,-462939.7500000001,600580.5000000005,853,10.0
71.25,4.0,10000,57,153.74997581916367,15.852885225110963,348,1917,70.78498820495936,75.49261116992416,0.4650117950406383,0.0065264813339036,1199019.741018635,4148968.4952219366,3545113.940261981,0.2889922500976949,0.4188,16437.367970000058,422290.5458837717,-0.2576552304957599,13773.290000000212,-475081.5099999993,586819.7499999993,855,10.0
71.25,4.25,10000,40,162.36133373926378,16.139444803098772,364,1917,70.86822641406494,75.63038845828653,0.3817735859350648,0.0053582257675096,1138894.8741091187,4291126.426172392,3641058.563875949,0.2654069726687108,0.424,18678.43866100005,420708.1542145824,-0.1852541467132591,14193.380000000703,-467385.75,600580.5000000005,859,10.0
71.25,4.5,10000,37,168.79882263775514,18.612269207861825,374,1917,70.9178036395793,75.75817569922096,0.3321963604206956,0.004662405058536,1156415.7325958258,4217780.397008831,3562114.716487549,0.2741763732924392,0.4206,20676.992706000052,422456.19651388825,-0.1374853520892716,12997.330000000771,-467941.5,590117.5800000001,858,10.0
71.25,4.75,10000,43,173.04829871090018,18.055756175068613,383,1917,71.03102889267998,75.99243199471,0.2189711073200158,0.0030732786992282,1227945.201354687,4148664.197402112,3531220.5659965808,0.2959856818789105,0.4231,14727.473781000048,422904.2738819149,-0.2260717608635762,13773.290000000035,-473684.25,576150.2999999998,858,10.0
71.25,5.0,10000,60,174.5539602503075,19.58020050125313,384,1917,71.05779023730823,76.13070910572002,0.1922097626917747,0.0026976808798845,1348169.3152774647,4080804.3980238726,3470699.456761665,0.3303685214440356,0.4159,10064.847238000057,420826.24668854254,-0.1758746645041976,13773.290000000154,-475081.5099999998,560825.0900000003,864,10.0
71.25,5.25,10000,58,177.8685626352967,24.37597503900157,389,1917,71.06039406761963,76.23463981936703,0.189605932380374,0.0026611358930578,1337457.0415224205,4115941.540393287,3480476.052120536,0.32494558739399,0.415,7361.033257000055,421287.716794411,-0.1264683716862791,11833.389999999665,-489630.7600000002,550252.1410000008,864,10.0
71.25,5.5,10000,159,180.2248519094589,23.768777334093944,392,1917,71.07749900610855,76.36286364593212,0.1725009938914468,0.0024210665809325,1311302.6450325353,4065858.738614196,3435945.2885015663,0.3225155445217161,0.4122,2428.672568000052,426181.3366793663,-0.1171385718495626,3297.830000000424,-478615.3199999997,560825.0900000003,867,10.0
71.25,5.75,10000,214,178.02235134999196,25.853154084798344,393,1917,71.10937093929076,76.51021300038076,0.1406290607092444,0.0019737412029367,1375291.352669502,4095344.895415581,3427129.668023663,0.3358182003691638,0.4178,6764.743527000052,432082.7023065077,-0.1556086617720458,6298.5,-490464.9169999994,576150.2999999998,864,10.0
71.25,6.0,10000,364,176.84452854604862,25.92823065753993,391,1917,71.15308920142773,76.64827635627054,0.0969107985722672,0.001360151558909,1337793.8304903186,4078847.294943522,3513304.446868603,0.3279833084579457,0.4251,4594.830705000059,441296.91380872426,-0.1341444035557867,13773.289999999864,-522593.0999999997,576150.2999999998,863,10.0
71.25,6.25,10000,472,173.67763903994182,26.98618307426599,386,1917,71.19986478810051,76.79480074170522,0.0501352118994873,0.0007036520968349,1427147.913641296,4086208.356266633,3504994.3083483097,0.3492597022010915,0.4089,-7352.595470999944,436030.3758848928,-0.1247895446805703,-4842.719999999739,-522593.0999999995,560825.0900000003,863,10.0
71.25,6.5,10000,617,168.2583194199196,25.2882864657091,380,1917,71.28705541612871,76.96791538564216,0.0370554161287088,0.0005200760158415,1356362.0897573652,4024204.147174645,3447605.8249983643,0.3370510143501675,0.426,-1127.1801299999456,444816.0388593449,-0.1370571556452268,-7768.529999999795,-522593.0999999996,576150.2999999998,863,10.0
71.5,3.5,10000,30,144.9311732935404,14.770176060498638,334,1917,71.03258526237026,75.5830363765764,0.4674147376297384,0.0065372690577585,970008.483069796,4298070.965010145,3677005.433111375,0.225684613159361,0.446,28843.61914200005,436264.0390946356,-0.2253009023953306,24011.820000000294,-475081.5099999993,606138.0,850,10.0
71.5,3.75,10000,46,151.2981609648211,14.822720265623149,348,1917,71.04879668093822,75.65837509162003,0.4512033190617757,0.0063105359309339,1122559.2430492486,4194918.626412276,3551044.5541762486,0.2675997660553722,0.4185,13184.194468000062,431119.2524576338,-0.1827816697166621,13773.290000000008,-494480.5099999998,598728.0,852,10.0
71.5,4.0,10000,52,159.3130606743779,16.322799686602252,364,1917,71.11950718298205,75.77821855929515,0.3804928170179522,0.0053215778603909,1097397.385808387,4322482.361259594,3614666.4466788126,0.2538812872075202,0.4323,27971.232242000056,427804.1473335744,-0.1377616125513501,18041.070000000294,-462939.75000000006,605054.81,856,10.0
71.5,4.25,10000,36,166.06892083063047,16.53439153439154,375,1917,71.13210486412409,75.85437085474948,0.3678951358759121,0.005145386515747,1086900.8770963885,4196507.756227726,3616966.909287075,0.2590012792144609,0.4377,27106.926460000057,426836.9242201256,-0.1556477464980515,17847.080000000075,-463227.94199999934,606138.0000000001,855,10.0
71.5,4.5,10000,41,171.00728619005324,17.361111111111114,385,1917,71.2169845629953,76.04336796677572,0.2830154370047069,0.0039582578602056,1121643.874872835,4216218.266020543,3545874.623420368,0.2660307897037534,0.4342,23376.043805000056,422094.3239513029,-0.1601369796631911,14225.48999999999,-462939.7500000002,586819.7499999993,855,10.0
71.5,4.75,10000,48,173.08042325274425,16.907885837954826,386,1917,71.23951980237484,76.17096563830104,0.2604801976251565,0.0036430796870651,1202123.253962546,4198546.826179462,3512126.1803904367,0.2863188869222255,0.4251,12203.573612000053,429054.9931372879,-0.2310063031752066,14937.229999999749,-478615.31999999983,577324.1200000002,861,10.0
71.5,5.0,10000,64,178.33710548334906,20.719376761147032,393,1917,71.24118376674315,76.27664322790521,0.2588162332568515,0.0036198074581377,1300866.756617778,4122245.82564588,3473216.843231224,0.3155723388752431,0.4085,14854.232680000045,422532.7588796772,-0.1256731698125642,13773.29000000027,-475081.5100000002,573046.46,862,10.0
71.5,5.25,10000,123,182.31897731103044,19.70365699873897,397,1917,71.23747733482018,76.38652106647096,0.2625226651798158,0.0036716456668505,1285473.9789587243,4135068.568574291,3457074.128151,0.3108712606915575,0.418,6728.42512200006,426175.51300252887,-0.2046354570786089,13773.290000000035,-489630.76,542004.450000001,865,10.0
71.5,5.5,10000,180,180.9442469250681,23.918867202449302,398,1917,71.26718898662344,76.53398268967842,0.2328110133765619,0.0032560980891826,1308883.9780872082,4077475.5627440754,3440810.0273352703,0.3210035125768725,0.422,3793.664469000054,432454.60167658137,-0.1669591805680403,3934.7099999999623,-500609.9100000001,573046.46,863,10.0
71.5,5.75,10000,244,179.7472978037209,28.762080073630937,398,1917,71.33187429354746,76.71154412035327,0.1681257064525425,0.0023514084818537,1385458.0020479583,4037698.162925396,3419787.6332373084,0.3431306517087858,0.4146,2659.020151000053,438232.3710686319,-0.1907436463851862,9382.770000000137,-505839.6600000002,560825.0900000003,862,10.0
71.5,6.0,10000,382,176.23551459600992,26.65245202558637,393,1917,71.37697820580748,76.8700681733708,0.1230217941925246,0.0017205845341611,1407218.239508069,4007039.3200514927,3419937.001864303,0.3511865312791553,0.4203,6535.317748000061,440323.1418728866,-0.1740630357933711,13191.320000000473,-507671.8299999992,576150.2999999998,866,10.0
71.5,6.25,10000,531,172.42988483832718,26.44383329807489,388,1917,71.49769178098354,77.09050151019927,0.0023082190164558,3.228278344693478e-05,1337895.1783199124,4035243.423235153,3404688.5717151607,0.3315525330185134,0.4195,5086.765348000046,437558.0207221153,-0.1511123169465236,13191.320000000123,-515180.2499999999,573046.46,867,10.0
71.5,6.5,10000,597,169.21253422477574,25.360113613308982,382,1917,71.51627808212547,77.1880615596119,0.0162780821254671,0.0002276654842722,1280527.4905048702,4083255.410308719,3429146.599397344,0.3136045536784226,0.4304,3995.2838810000544,447096.0503736901,-0.1160318823710408,2474.9399999994785,-521663.99999999953,580418.0800000001,867,10.0
71.75,3.5,10000,43,144.60603494322254,13.944667559125389,341,1917,71.23437264394222,75.782743498124,0.5156273560577773,0.0071864439868679,958454.8076444364,4320055.4093333455,3672923.598114251,0.2218616931564638,0.4451,23035.25154000007,437474.4974815544,-0.2191091567957705,29874.46000000089,-489630.7600000002,606137.9999999999,846,10.0
71.75,3.75,10000,43,152.44459391060872,14.879181049875012,357,1917,71.30391014679373,75.89865453773814,0.4460898532062742,0.0062172801840595,924298.541561211,4403082.249527815,3699565.193773266,0.2099207984725546,0.4454,28470.692082000063,430681.0941420013,-0.1593793343832198,21920.87000000011,-462939.7500000002,608158.6499999999,851,10.0
71.75,4.0,10000,41,159.75558637551384,15.758951084215832,370,1917,71.34402921763775,75.98966163606607,0.405970782362246,0.0056581293709023,888573.3503403717,4426815.735883173,3713394.303574243,0.2007251720774632,0.4509,32824.10044600007,434405.2973049387,-0.1541520445522942,26231.39999999944,-464800.0399999991,609904.56,852,10.0
71.75,4.25,10000,37,166.75128294467012,16.633399866932802,383,1917,71.47225454101225,76.19467558634118,0.2777454589877521,0.0038710168500035,968814.150442169,4304717.368793896,3589170.889936421,0.2250587129053755,0.4462,16405.67522900006,431935.7133012438,-0.1412307491344503,16545.959999999963,-485440.5759999999,598728.0,852,10.0
71.75,4.5,10000,35,169.9870888467495,17.50455118330766,386,1917,71.47591255620408,76.28556703375102,0.2740874437959206,0.0038200340598734,950259.2435633256,4247246.644859511,3592988.614498872,0.2237353568136747,0.4519,17765.209380000062,433371.12365577975,-0.1328852116676424,17847.080000000075,-478615.31999999983,590117.5800000001,859,10.0
71.75,4.75,10000,47,176.75745349162014,18.85938442969222,394,1917,71.48785927612175,76.39182673503248,0.2621407238782467,0.0036535292526584,1000379.6399059454,4259186.726173903,3514288.5631098133,0.2348757413612159,0.4491,15573.146548000052,428962.3609455518,-0.1187344460918626,13773.290000000212,-475081.5100000002,586819.7499999992,862,10.0
71.75,5.0,10000,87,181.64070402338,21.55544059320573,400,1917,71.47887479936702,76.49278825942575,0.27112520063298,0.0037787484408777,1043298.0779632982,4181418.4717578776,3485567.130209305,0.2495081716910035,0.4477,138.464362000053,429544.2263773858,-0.1057981898468049,-4842.719999999739,-489630.7600000002,576189.0980000001,867,10.0
71.75,5.25,10000,140,183.02996016284857,21.179261267367004,403,1917,71.52798144240097,76.65980666162524,0.2220185575990285,0.0030943352975474,1058796.7707114697,4147920.311843824,3498459.262754762,0.2552596701745255,0.4521,2583.4631550000536,432216.6568229666,-0.1131247262804223,3732.930000000168,-502796.9429999997,576607.6680000012,866,10.0
71.75,5.5,10000,158,183.45196344335457,21.991555242786777,404,1917,71.57496893788988,76.8209752335149,0.1750310621101221,0.0024394573116393,1130236.3482586518,4163663.362538594,3497241.959379579,0.2714523845581849,0.4481,2936.1839430000496,436436.1217196599,-0.1754505934842763,11869.204999999842,-506895.87000000034,576150.2999999998,865,10.0
71.75,5.75,10000,259,179.83133094479055,26.76086491115393,399,1917,71.62088177772013,76.98714272171053,0.129118222279871,0.0017995571049459,1166055.8586746708,4159323.213007773,3501108.682825595,0.2803474986093829,0.4464,299.86107800005453,446023.5030813857,-0.1184760600259798,761.5200000000186,-521663.9999999994,580612.0700000003,869,10.0
71.75,6.0,10000,337,177.04927238060134,26.34351949420443,396,1917,71.70063114738136,77.18282508341365,0.0493688526186417,0.0006880676323155,1109777.8288473089,4048482.254262549,3370604.6872599283,0.2741219447556798,0.4417,-11113.270258999954,439511.3228914637,-0.0749337010037665,-19786.9799999994,-522593.0999999994,576150.2999999998,870,10.0
71.75,6.25,10000,503,174.27861216666383,24.77209671026556,390,1917,71.71608301196116,77.28645747330343,0.0339169880388396,0.0004727106346876,1066275.46967663,4109386.692292384,3417919.446343662,0.2594731402806529,0.4547,1334.6428780000433,448867.4660685157,-0.1394261524060262,-387.98000000044703,-529010.7299999995,580418.0800000003,870,10.0
71.75,6.5,10000,666,169.29900250194436,27.551245316288306,378,1917,71.80672487383292,77.45527085995222,0.0567248738329198,0.0007905905760685,1025160.3117848744,4082006.716898248,3389879.5476470524,0.251141260385738,0.4537,-1668.8960839999586,449090.9981515622,-0.1400870293160775,-4842.719999999739,-529010.7299999995,577232.1599999997,865,10.0
72.0,3.5,10000,53,148.86375947734325,16.402046975462543,354,1917,71.61474960863019,76.12211621205672,0.3852503913698086,0.0053506998801362,711900.618459976,4640999.993805363,3955220.9860367193,0.1533937986231835,0.4722,28386.882113000054,427904.1560907399,-0.1591277078011725,22696.83000000054,-462939.75,608158.6499999999,844,10.0
72.0,3.75,10000,53,156.5168107424554,17.6728403789057,369,1917,71.67145641150573,76.21740930026307,0.32854358849427,0.0045631053957537,676366.8377615581,4525330.41756328,3841577.8211264894,0.1494624204978508,0.4754,33646.971579000055,426563.9685452414,-0.2253441336232059,29874.46000000089,-462939.75000000006,608158.6499999999,847,10.0
72.0,4.0,10000,32,165.14493885250232,16.48424106554134,384,1917,71.78928163115,76.39361478302644,0.2107183688499958,0.0029266440118054,744576.1539557907,4578216.071129393,3826530.371633703,0.1626345594851123,0.4687,24982.689714000047,424738.2218770897,-0.1670060245258608,18429.050000000425,-467385.74999999977,589555.009,848,10.0
72.0,4.25,10000,38,168.71777190077356,17.846944603083955,388,1917,71.7883155874908,76.45994247936149,0.2116844125092001,0.00294006128485,761133.9883800963,4512427.462635039,3726143.641129404,0.1686750634071424,0.4669,17000.206129000057,419446.57158341503,-0.1362452922713542,13773.290000000035,-464792.25000000047,581388.0300000003,855,10.0
72.0,4.5,10000,40,175.74768766087396,19.29310078715852,396,1917,71.79088709119613,76.54423910325517,0.2091129088038741,0.0029043459556093,769151.4088061035,4485190.483430657,3679755.6090264353,0.1714868993072933,0.4738,26433.23487200005,427463.1424605778,-0.1641341331540423,22890.820000000294,-462939.75000000006,589729.6000000001,859,10.0
72.0,4.75,10000,57,181.24239710281904,19.67884130982368,402,1917,71.7701386946342,76.62404478416418,0.2298613053658016,0.0031925181300805,795267.1413009514,4535269.562443611,3642921.562939527,0.1753516809423032,0.4704,20016.549495000047,427886.47020622576,-0.0855963323207245,17944.075000000186,-467385.74999999977,586819.7499999993,866,10.0
72.0,5.0,10000,106,183.35333060854504,20.073871848402124,406,1917,71.80956679279205,76.77818201479666,0.1904332072079455,0.0026449056556659,887268.1235455505,4371730.233066722,3640129.9523686,0.2029558266963653,0.4646,11989.178676000052,428882.62976023566,-0.1372466064932961,12257.185000000289,-483811.0600000005,578090.1999999993,867,10.0
72.0,5.25,10000,122,188.6553077203345,24.75247524752476,412,1917,71.85106523914703,76.93946140401206,0.1489347608529669,0.00206853834518,901686.4209947592,4516839.85373231,3627471.586583431,0.1996277154368638,0.473,26053.71331100004,437966.3405641235,-0.1331111020829761,14937.22999999998,-475081.5099999998,598728.0,866,10.0
72.0,5.5,10000,179,185.95494292184492,24.34748733930659,407,1917,71.89719365683764,77.10876037622728,0.1028063431623564,0.0014278658772549,875893.6138459125,4505368.51793477,3629564.1389222937,0.1944110920914003,0.4773,10148.753385000053,438813.5223528747,-0.090605647159471,1745.910000000149,-489630.7600000002,580612.0700000003,870,10.0
72.0,5.75,10000,269,184.19955171719832,28.85503231763621,405,1917,71.94715473654736,77.28395464284543,0.0528452634526388,0.0007339619923977,946887.8916009004,4351379.664935789,3487504.0644121896,0.2176063603990007,0.4675,9006.793839000055,444766.755799396,-0.110252896227195,3297.830000000308,-502628.0899999999,586819.7499999993,871,10.0
72.0,6.0,10000,384,181.09024851171864,25.86385267949515,399,1917,71.95419806738602,77.39255886544895,0.0458019326139833,0.0006361379529719,888913.9272645093,4437705.749538118,3535179.292963086,0.2003093439345383,0.4793,14761.541541000044,451132.4040244254,-0.1272785651661051,7170.409999999916,-507903.9719999992,590117.5800000001,871,10.0
72.0,6.25,10000,534,176.7881919415363,29.322073657049025,387,1917,72.04488444727394,77.5663070494391,0.0448844472739438,0.0006233951010269,836100.3945055918,4380648.936890194,3548179.8788814144,0.1908622230520796,0.4773,28033.72812500005,440383.9038992815,-0.1161657161181904,14161.270000001416,-475081.5099999998,600580.5000000005,866,10.0
72.0,6.5,10000,629,172.34209503173545,28.197608842770148,379,1917,72.1634725146433,77.73196283506773,0.1634725146433027,0.002270451592268,780843.4663755788,4377311.659633477,3511510.238742546,0.1783842520459145,0.4788,31046.83723500004,445847.7334394,-0.0864921218695689,14743.239999999874,-463125.00000000006,603308.899999999,863,10.0
72.25,3.5,10000,46,150.2600687522766,15.687751004016066,360,1917,71.87264951807352,76.36528295066621,0.3773504819264843,0.0052228440405049,616641.7605135994,4641191.520069939,3896451.765120132,0.1328628128891149,0.4716,25460.107084000047,433240.7785595355,-0.2668068848452854,27584.199999999957,-469286.7000000002,608158.6499999999,836,10.0
72.25,3.75,10000,53,158.77387584535572,15.9846547314578,377,1917,71.96967041622565,76.49967619275807,0.2803295837743462,0.0038799942390912,558425.7748809046,4677031.266821304,3910591.1968657,0.1193974859313764,0.4848,35554.579635000046,440268.3613038285,-0.2147525197951484,31780.350000000093,-473313.74999999936,609904.56,840,10.0
72.25,4.0,10000,45,161.70470540927846,16.726883447076144,381,1917,71.98220874577451,76.56507337198516,0.2677912542254859,0.0037064533456814,622680.6021206245,4545735.422173514,3775490.9670358174,0.1369812679997319,0.4819,28134.251786000048,428134.27759149385,-0.1398372438284821,21920.87000000011,-467385.75,606360.2999999997,848,10.0
72.25,4.25,10000,41,168.17149851036845,18.515775440675466,390,1917,71.99352214088533,76.64075861433824,0.2564778591146677,0.0035498665621407,682738.603047883,4507707.43826078,3723944.439209948,0.1514602738529335,0.4751,17951.02542800005,429511.67408070137,-0.1940300546712582,18041.070000000294,-485168.9900000002,589729.6000000001,854,10.0
72.25,4.5,10000,50,174.63178495397298,20.308692120227462,397,1917,72.00558327732884,76.73896883036109,0.2444167226711613,0.0033829304175939,704633.7329444891,4496007.825851754,3688745.396319545,0.1567243119313295,0.4703,21354.59348700005,431140.9974261196,-0.1181471259934916,17847.079999999143,-473313.7499999993,590293.1970000007,861,10.0
72.25,4.75,10000,76,179.61642607831425,22.59580621836588,405,1917,72.04324262128435,76.8793476220218,0.2067573787156504,0.0028616938230539,675079.9358917873,4509251.49804136,3683171.860593542,0.149709976519388,0.478,18588.78471000004,435519.308558401,-0.2310830480620174,17847.080000000075,-474154.8609999985,595355.3100000005,864,10.0
72.25,5.0,10000,100,186.04585390921525,24.215420379697797,411,1917,72.08092067567914,77.03649697832475,0.1690793243208617,0.0023401982604963,702132.4995779813,4554686.283766753,3656551.743147389,0.1541560616546599,0.4754,22679.749893000044,435638.3477254074,-0.1683162481569119,17847.079999999143,-467127.92000000086,590117.5800000001,864,10.0
72.25,5.25,10000,158,184.1609835660733,22.353361945636628,406,1917,72.13488976232608,77.21672569842576,0.1151102376739174,0.0015932212826839,741967.7931572613,4530099.32510429,3648637.6835255576,0.1637862086258296,0.4784,21618.631186000053,440239.3017853359,-0.0949206368603765,14161.269999999551,-485168.9900000002,606138.0000000001,868,10.0
72.25,5.5,10000,240,184.66512975225007,27.38225629791896,405,1917,72.1591144643123,77.37060190202702,0.090885535687704,0.0012579312897952,839789.5227997585,4523148.429958965,3551012.568778351,0.185664816400327,0.4722,14438.334593000049,443913.1540562371,-0.0993207455980629,4073.790000000503,-487884.8499999994,600853.3400000014,870,10.0
72.25,5.75,10000,280,181.52013866381756,28.57796067672612,399,1917,72.16366400803567,77.48728510578552,0.0863359919643329,0.0011949618264959,816887.6687530878,4349157.708368176,3504686.132453667,0.1878266375995796,0.472,12033.629632000037,445959.3818451876,-0.1259232414202169,2474.939999999595,-501651.3000000001,593027.4299999999,870,10.0
72.25,6.0,10000,411,178.5521327274188,30.99429704934293,390,1917,72.26523136988695,77.68630095726309,0.0152313698869477,0.0002108148081238,771241.83339001,4375308.338385715,3520918.0332437363,0.1762714244899509,0.4685,20543.26665900004,446956.7356118084,-0.1152897671832285,3297.8300000000745,-489630.76,609395.6450000015,866,10.0
72.25,6.25,10000,534,176.8251144034607,28.69605142332416,385,1917,72.28178867687659,77.77225479627737,0.0317886768765873,0.0004399816868731,672747.0072778104,4591678.161524332,3647749.182857541,0.1465144079380497,0.4876,35439.693988000035,449380.2652595809,-0.1395192889330764,21920.87000000011,-478615.3199999997,618440.1200000003,866,10.0
72.25,6.5,10000,740,173.7045922010587,28.12148481439821,378,1917,72.31524795412119,77.89492851908199,0.0652479541211903,0.0009030858701894,745747.5476940878,4549245.084343146,3597222.871271788,0.1639277580934649,0.4843,32615.66769100003,453497.036530071,-0.1911399867633212,21920.87000000011,-478615.32000000007,618440.1199999999,865,10.0
72.5,3.5,10000,48,150.83887091355518,17.378006395106357,364,1917,72.23257304480522,76.68889035962093,0.2674269551947787,0.003688647657859,528404.4817812082,4602311.785014626,3901782.0577459647,0.1148128389523112,0.4832,31616.52479900005,440186.5868378804,-0.1949079343976635,29128.13999999996,-475081.5100000002,616112.2400000002,833,10.0
72.5,3.75,10000,52,153.56616473349558,17.341842397336297,369,1917,72.22483267659914,76.71028669038392,0.2751673234008649,0.0037954113572533,539640.2061123879,4679899.656791372,3953927.007678043,0.1153102086984436,0.4826,40816.543470000055,434546.0573101608,-0.2152341584847842,38136.42000000039,-473313.7499999994,612586.2960000013,842,10.0
72.5,4.0,10000,55,159.75348717762927,18.42570754716981,378,1917,72.23819950208122,76.78055565417222,0.2618004979187844,0.0036110413506039,506341.4365220446,4631232.94301826,3901215.6587023647,0.1093318869406842,0.4928,33007.00077300004,427668.613383259,-0.1654915182054992,33900.75000000023,-473313.74999999953,607770.6700000004,848,10.0
72.5,4.25,10000,67,165.6842235093026,19.034566773260245,385,1917,72.25502840808494,76.86926672422081,0.2449715919150605,0.0033789185091732,598665.2113440208,4631813.567963568,3802394.5637164433,0.1292507141230278,0.4829,27726.31015800005,434789.3006275624,-0.1722282069648394,26231.39999999944,-473721.015,607770.6700000004,856,10.0
72.5,4.5,10000,55,171.9247983696892,18.82530120481928,395,1917,72.28232613968987,76.9804071443154,0.2176738603101284,0.0030023980732431,560304.1112523637,4627561.066099753,3819052.4622481344,0.1210797876568282,0.4878,31581.894164000045,432166.0659776869,-0.1723849239844849,22890.820000000647,-467385.75,612760.8870000019,860,10.0
72.5,4.75,10000,79,178.91995361787113,21.525744790769764,402,1917,72.31758159453643,77.12804707835596,0.1824184054635651,0.0025161159374284,563751.6498785616,4696582.1234195,3740749.1770732026,0.12003444953457,0.4913,37618.86281200004,438680.2663250231,-0.0904851472749963,22696.83000000054,-462939.75,632019.4199999999,861,10.0
72.5,5.0,10000,113,179.39451495871992,21.92213258505788,399,1917,72.37438147042165,77.30636820070448,0.1256185295783467,0.0017326693734944,622541.6355559641,4746332.428021354,3764375.0828995775,0.131162670334806,0.4984,28476.475017000044,443739.8511214039,-0.1368139997261802,20007.0,-475081.5099999998,618440.1200000001,865,10.0
72.5,5.25,10000,146,179.70832821424665,20.836806134355736,398,1917,72.39658479263446,77.46700935621776,0.1034152073655434,0.0014264166533178,739044.1429841776,4722342.744718384,3688616.354222691,0.1564994713292989,0.4716,28775.264913000035,439265.1879706084,-0.0854560312187448,14161.270000001416,-462939.7500000002,618853.8450000011,868,10.0
72.5,5.5,10000,204,177.88843734238617,24.159257827599543,392,1917,72.41017876705044,77.59415378088833,0.0898212329495606,0.0012389135579249,640603.4804936983,4555121.841673024,3640249.6395601463,0.1406336653024444,0.4869,26504.81507300004,451773.9288070611,-0.0843603442673422,3297.8300000000745,-485168.9900000002,635123.26,869,10.0
72.5,5.75,10000,282,176.82354921968596,25.998336106489187,387,1917,72.42460900576094,77.71743447672742,0.0753909942390578,0.0010398757826076,718981.5124989756,4640723.25447057,3665621.801200104,0.1549287628402223,0.4778,29910.52441300003,451044.0049936447,-0.0649549502879443,9382.770000000137,-478615.31999999983,629294.25,866,10.0
72.5,6.0,10000,400,174.82710842935995,25.50499897980005,383,1917,72.43781009160888,77.81235083235671,0.0621899083911188,0.0008577918398775,736081.3444068898,4529459.264977764,3630683.167211031,0.1625097613965412,0.48,40589.66291200004,446870.888541171,-0.1141111725650675,18623.03999999957,-469286.70000000007,635123.2599999999,866,10.0
72.5,6.25,10000,591,173.1503360112913,27.203482045701865,377,1917,72.44173389542065,77.91001879427027,0.0582661045793457,0.0008036704079909,704682.2864361255,4615927.515079638,3651910.79655176,0.1526632045529354,0.4869,42323.21360200005,451171.7264871462,-0.1505137217713221,23156.24999999953,-467385.75,635407.5000000001,865,10.0
72.5,6.5,10000,842,167.86776238637373,24.865725084543477,363,1917,72.51336913637239,78.10415905430631,0.0133691363723897,0.0001844018809984,749880.0574310868,4552603.232824337,3599608.295856705,0.1647145641914148,0.4801,36368.49984900002,454981.81228428415,-0.0776311767195281,14743.240000000107,-478615.31999999983,635123.26,857,10.0
72.75,3.5,10000,48,148.06835457361598,16.87365010799136,361,1917,72.3978971495511,76.85313528814724,0.352102850448901,0.0048399017243835,386774.8629283454,4740579.560157147,4008558.0478764153,0.0815880965650377,0.5085,35759.51762500005,443814.2678384468,-0.1993537841786897,33900.75000000035,-479982.75,632019.4199999999,836,10.0
72.75,3.75,10000,27,153.2085178391808,18.922191946715117,370,1917,72.4171423307887,76.91524354096742,0.3328576692112932,0.0045753631506706,374414.3394843404,4742256.965346291,3971339.785096287,0.0789527733778129,0.505,39997.52667700005,446171.257217594,-0.1672982469302727,33900.750000000524,-473313.74999999953,632019.4199999999,842,10.0
72.75,4.0,10000,60,159.08748652032142,18.40942562592048,378,1917,72.43101636663414,76.98727215171662,0.3189836333658604,0.0043846547541699,417560.39936114015,4661729.798144237,3932830.7890679743,0.0895719866748528,0.5011,24409.60992800005,433365.8230568895,-0.1045935519514314,18160.200000000183,-478615.3199999996,609904.56,850,10.0
72.75,4.25,10000,66,166.4936239695099,20.819453697534986,390,1917,72.46342838198615,77.0818704368452,0.286571618013852,0.0039391287699498,438203.0633323636,4741414.762006148,3915584.4653367135,0.0924203186871073,0.5051,41131.16808000003,440158.2502456785,-0.1768119422888873,32259.149999999907,-462939.75,635123.2599999998,854,10.0
72.75,4.5,10000,67,173.29856334596514,21.64127423822715,397,1917,72.4996434424206,77.21593972800471,0.2503565575793942,0.0034413272519504,448006.9055028612,4793727.503204204,3952773.093608876,0.0934568986667277,0.5002,45706.03324300004,435625.8334800984,-0.1412862861329119,32233.5,-459386.9400000003,632019.4199999999,855,10.0
72.75,4.75,10000,81,176.91413514018072,21.66002425922717,397,1917,72.52756210113444,77.34785617108432,0.2224378988655644,0.0030575656201452,495226.95169365866,4700488.973259494,3837192.150930464,0.1053564755732742,0.5028,36678.32777600004,441656.0787613543,-0.1524163298291171,32233.49999999953,-473313.7499999993,632019.4199999999,859,10.0
72.75,5.0,10000,104,179.3643898910513,21.34927412467976,397,1917,72.57004134213666,77.52769316016122,0.1799586578633381,0.0024736585273311,617582.8211553067,4617271.752150124,3648176.398504688,0.1337549215871292,0.4883,33456.49194300002,441993.40083730925,-0.1453932505997817,24054.759999999776,-473313.7499999997,621737.9500000004,863,10.0
72.75,5.25,10000,168,180.23180608773703,23.60271903323263,395,1917,72.61203229519268,77.69081319518408,0.1379677048073233,0.0018964632963205,592055.1751906818,4729788.457385498,3710400.979693153,0.1251758256262383,0.4935,42343.51599500004,446652.5596438551,-0.0675780998539744,31477.679999999706,-463125.0,632290.170000001,864,10.0
72.75,5.5,10000,204,181.1342315953052,25.578064252097413,392,1917,72.62511291546029,77.81670169473367,0.1248870845397078,0.0017166609558722,610493.4127788505,4671528.920617728,3641419.1005588714,0.1306838560036407,0.4842,41321.56350800003,448307.0089782133,-0.1300953753516159,20007.0,-475081.5099999993,630348.1800000004,863,10.0
72.75,5.75,10000,280,179.82197535307847,30.05530175522963,389,1917,72.62605598685562,77.90712930177172,0.1239440131443814,0.0017036977751805,680974.718708471,4650127.248100229,3617074.9860766814,0.1464421686496165,0.4899,45226.79768700004,446138.3965105497,-0.1062972831276839,27324.374999999447,-467135.1780000007,634147.6290000003,865,10.0
72.75,6.0,10000,412,178.21691555308144,24.352230664328857,383,1917,72.62146281323798,78.00414881628288,0.128537186762017,0.0017668341822957,615990.8310533274,4690744.696724303,3639459.264662296,0.1313204769987788,0.4939,48317.04571400003,439693.21672158246,-0.1750465465880445,35888.14999999944,-457816.3999999994,630348.1800000006,865,10.0
72.75,6.25,10000,688,173.6512590736416,28.28054298642535,369,1917,72.68603760248828,78.18917261383324,0.063962397511716,0.0008792082132194,672244.4863570106,4631810.530396494,3608342.184398965,0.1451364389681684,0.4937,48949.492330000015,451122.0578694595,-0.1625650660132002,32233.49999999971,-462939.7500000001,636093.2100000005,857,10.0
72.75,6.5,10000,905,168.53003244408305,26.8067767531632,357,1917,72.77117073795442,78.37017763184771,0.0211707379544208,0.0002910067072772,551149.5455173927,5016013.22339915,3641431.4030967215,0.1098780088828994,0.5081,52772.82070100002,497870.4752049669,1.072329644607906,18041.070000000294,-473313.74999999953,640965.0,855,10.0
73.0,3.5,10000,34,147.29005809600244,16.560678325384213,360,1917,72.68926518978866,77.1131560795347,0.3107348102113434,0.0042566412357718,261816.5751767461,4996490.110117394,4176351.978092382,0.0524000987506397,0.5251,28937.433523000043,460321.6909107696,-0.2525746771055834,38136.419999999925,-528428.7600000007,635123.26,830,10.0
73.0,3.75,10000,55,152.2941983636848,18.859384429692216,369,1917,72.70422783875244,77.17404567813144,0.2957721612475552,0.0040516734417473,288715.13482958364,4785574.217527368,4022416.513897317,0.0603303013820477,0.5262,25999.193723000044,461059.3235180039,-0.217967873916017,33900.75000000058,-521663.99999999953,632019.4199999999,839,10.0
73.0,4.0,10000,52,159.59508056619202,19.26930784646216,382,1917,72.73774286309154,77.26059378915595,0.2622571369084596,0.0035925635192939,328273.4211240947,4833081.914550891,3993978.796354468,0.0679221720070099,0.5207,37725.67220500004,453845.3521253232,-0.208433579687243,37634.05999999959,-489630.7600000002,633163.1250000012,844,10.0
73.0,4.25,10000,43,167.49712699912962,20.55582963328401,392,1917,72.74154857386822,77.343550783047,0.2584514261317849,0.0035404304949559,360781.7967110001,4940332.730305121,3953010.500062197,0.0730278336310999,0.5135,37712.97543600004,457389.6336633206,-0.1996000310920805,37634.06000000052,-489630.7600000005,642688.8700000002,846,10.0
73.0,4.5,10000,59,172.3799254844942,24.17794970986461,394,1917,72.74126846567053,77.43038796977632,0.2587315343294705,0.0035442675935543,457880.9184691158,4889205.620167512,3994760.497962496,0.0936513933020939,0.5173,44386.24416600004,450437.9707782899,-0.1905087700846965,38136.42000000039,-478615.31999999983,632019.4199999999,851,10.0
73.0,4.75,10000,62,175.30681986322003,21.43347050754459,394,1917,72.7840749331456,77.60228609070253,0.2159250668543961,0.0029578776281424,508467.23923370295,4798710.89311671,3752722.550626608,0.1059591316415936,0.5109,43705.34154600003,450007.36570469465,-0.2028546600334786,36470.11999999918,-462939.7500000001,635407.5,855,10.0
73.0,5.0,10000,88,178.6008450156551,23.42578710644678,394,1917,72.80108854374114,77.74123824022693,0.1989114562588554,0.0027248144692993,481588.1220617336,4867962.397886884,3780679.499900915,0.0989301236736718,0.5061,41210.467905000034,450590.8661822888,-0.172352215149243,24529.94999999989,-475857.47,636093.2100000005,858,10.0
73.0,5.25,10000,111,180.3120486178937,24.47620912473077,391,1917,72.80692576231492,77.86381082996033,0.1930742376850815,0.0026448525710285,530284.909827833,4652175.254601185,3631033.954388877,0.1139864430737772,0.4984,45811.98807300002,450737.1995495177,-0.1777539262441167,33900.750000000524,-473684.2499999998,635123.2599999999,857,10.0
73.0,5.5,10000,214,181.1163010900042,24.885526577742382,391,1917,72.77053115608392,77.92243575315086,0.2294688439160808,0.0031434088207682,618564.7446293787,4722770.808742921,3683523.712111868,0.1309749656884206,0.4952,27190.08866200003,455818.0129619117,-0.1969541483807461,17847.080000000075,-489630.7600000002,619992.0399999998,859,10.0
73.0,5.75,10000,252,179.227088319499,26.009155222638377,385,1917,72.75948996244995,78.01916355507014,0.2405100375500524,0.0032946580486308,595925.9570292303,4741976.543213786,3700312.272854134,0.1256703721746697,0.4953,35747.58982400003,450607.1204045944,-0.1475888155594187,18160.200000000183,-476463.0,634140.2000000012,860,10.0
73.0,6.0,10000,469,174.4265597748095,27.852049910873458,371,1917,72.81533562881003,78.19817918181081,0.1846643711899673,0.0025296489204105,640436.9001013979,4719615.079177673,3648660.898188617,0.135696850136555,0.4987,40456.46516000002,457913.8203623421,-0.2064822900722069,30569.67000000004,-478615.31999999983,635123.2600000001,853,10.0
73.0,6.25,10000,681,169.88763237190477,29.460287532406326,359,1917,72.89905945685162,78.37745249325806,0.1009405431483827,0.0013827471664162,602775.5900153697,5141163.379506436,3640348.8040034,0.1172449785233702,0.5019,45023.238964000026,503169.3166138479,0.8588587003282081,17847.080000000075,-494480.5099999998,643693.8180000004,852,10.0
73.0,6.5,10000,768,169.1191659832926,25.42717656631408,357,1917,72.94050427864097,78.52851864169753,0.0594957213590277,0.0008150098816305,492157.8024211108,5648570.458613104,3789408.72115436,0.087129620853123,0.5103,49421.596008000015,524868.0220556231,1.1638223507075314,16622.05500000037,-494480.5099999999,650077.1910000007,851,10.0
73.25,3.5,10000,48,152.22541577903428,16.862268986914877,364,1917,72.91344622390518,77.30222654435009,0.3365537760948172,0.0045945907999292,349524.4313012826,4981298.704580034,4141696.81882201,0.0701673302546409,0.5193,28011.420700000035,458138.25712995295,-0.2858692395291917,38136.42000000039,-512031.00000000064,628368.0,831,10.0
73.25,3.75,10000,47,159.6990555167643,17.778409899018634,379,1917,72.97192603726674,77.3968928138617,0.2780739627332593,0.0037962315731502,347104.0326656264,4931285.742156444,4100218.728414321,0.0703881402974304,0.5184,29968.59918600004,459309.5625631422,-0.2766100598776627,37834.79500000028,-522736.8540000001,632019.4199999999,837,10.0
73.25,4.0,10000,39,166.15794979915938,21.251275076504594,389,1917,72.97927974806251,77.462393159142,0.2707202519374903,0.003695839616894,355083.84467402106,4913930.047840479,4078662.548729784,0.0722606633014789,0.5201,38397.45203200005,457574.698439251,-0.296282774317461,45299.610000000335,-498414.8399999997,632019.4199999999,840,10.0
73.25,4.25,10000,40,171.0053160245926,21.312872975277077,391,1917,72.98201951332645,77.53922712268655,0.2679804866735509,0.0036584366781372,381836.8186478015,4974159.876106283,4071362.726219396,0.0767640824095704,0.5101,39093.92794500003,448417.69023058255,-0.22360457297502,38136.42000000039,-478615.32,632019.4199999999,846,10.0
73.25,4.5,10000,40,174.41777273128696,20.76067098488624,391,1917,73.02947328518124,77.70121594825086,0.2205267148187601,0.0030106036152731,538016.9345273135,4863927.254212177,3815155.5302047487,0.1106136885705658,0.4996,41026.39620900004,452006.0050562632,-0.2082747426673632,49738.77000000048,-479982.75,635407.5,850,10.0
73.25,4.75,10000,47,178.63017160711405,22.686025408348463,392,1917,73.03883726777846,77.82196634325051,0.2111627322215383,0.0028827676753793,572397.9775968512,4827254.017957594,3783560.2667678194,0.1185763118053257,0.4976,34695.928424000034,453356.0919855431,-0.2366341163454495,33948.249999999534,-489630.76,618440.1200000002,854,10.0
73.25,5.0,10000,80,181.5810917975563,24.88552657774239,391,1917,73.06217572934601,77.96340438598007,0.1878242706539907,0.0025641538655834,619011.1435432046,4790193.203009796,3680582.861235718,0.1292246715965996,0.4822,36648.21167400004,452043.4092301372,-0.1332510056920156,22890.820000000647,-485168.9900000002,632019.4199999999,854,10.0
73.25,5.25,10000,116,183.3294974395492,25.52583214212784,391,1917,73.01904917549959,78.01640993127775,0.230950824500411,0.003152912279869,587413.8984972956,4721395.06681594,3660258.841706879,0.1244153243235037,0.4932,33105.939150000035,458308.9016382087,-0.1760734466868279,21920.87000000011,-489630.76,632019.4199999999,857,10.0
73.25,5.5,10000,170,180.937727909805,24.056966897613552,385,1917,72.99918391543494,78.10959339145036,0.2508160845650593,0.0034241103694888,637228.4138713692,4747255.266558023,3740948.591343668,0.1342309140947857,0.4939,35364.17094500003,455484.8292758977,-0.192657061623482,22696.83000000054,-476463.0000000001,632019.4199999999,858,10.0
73.25,5.75,10000,285,176.24668641305956,26.806776753163213,372,1917,73.05010683576155,78.27649955339446,0.1998931642384462,0.002728916917931,670644.9882380713,4606813.61094326,3593682.3118227585,0.1455767575759929,0.4975,41452.20956000003,450734.0287412597,-0.1424432622145143,20007.0,-478615.32,635476.0710000002,854,10.0
73.25,6.0,10000,403,172.27209555214355,27.292576419213987,362,1917,73.11666463205127,78.43867442692238,0.1333353679487317,0.0018202780607335,561241.9267287741,5014043.010900285,3683930.141872614,0.1119340072489728,0.509,55615.94467700002,487380.82126909925,0.4858389114514358,32340.56500000006,-476172.6419999999,650060.4900000007,854,10.0
73.25,6.25,10000,553,172.03596220485323,28.02062317865949,361,1917,73.15699170610117,78.5849927495879,0.0930082938988334,0.0012697378006666,559102.9803716263,5262760.931846318,3741158.0249873456,0.1062375790221346,0.509,53535.48702800001,485923.7232630063,0.4024456419503712,33715.50000000067,-487884.8499999994,667826.2499999991,853,10.0
73.25,6.5,10000,663,168.09156750554132,24.51461070798197,355,1917,73.20532982816776,78.72994344436086,0.0446701718322373,0.0006098316973684,454212.77389308607,5440812.582789106,3736077.525760837,0.083482525262843,0.5145,44550.716108000015,513628.2427759127,0.9950217115170772,14743.240000000107,-499330.2600000003,662652.5880000019,853,10.0
73.5,3.5,10000,53,150.47291946339465,17.58087201125176,367,1917,73.20214901078171,77.54145181569658,0.2978509892182899,0.0040523944111331,292383.8617995994,4971949.422464745,4122308.497422736,0.0588066846534122,0.5191,28576.651814000037,463998.9144820934,-0.2727271632504088,37088.76000000001,-529010.7300000004,634305.3670000009,832,10.0
73.5,3.75,10000,40,155.7714800722326,19.308001235712084,377,1917,73.21751808663194,77.6024922597554,0.2824819133680591,0.0038432913383409,206375.6347076801,5026654.614097224,4144440.628776189,0.0410562591925255,0.5405,39191.07450800003,469913.6915639964,-0.2694538768417659,38136.42000000039,-523887.00000000047,641335.4999999995,835,10.0
73.5,4.0,10000,43,161.97000784633434,18.754688672168044,382,1917,73.30471337866732,77.73776325937567,0.1952866213326842,0.0026569608344582,303554.13217516546,4981743.460807026,4056272.971113681,0.0609333127173896,0.5304,38335.676819000015,464177.37484319415,-0.2410916323478453,38136.42000000039,-509993.2499999997,640965.0,844,10.0
73.5,4.25,10000,43,165.07299086249162,18.7209824771604,383,1917,73.37274526146297,77.90592560458377,0.127254738537033,0.0017313569868984,395553.2393659839,4930523.411782051,3956642.6143312426,0.0802254053638127,0.5083,27805.27556400003,467272.22930503805,-0.2370742594231103,32233.49999999948,-521663.9999999996,636093.2100000004,851,10.0
73.5,4.5,10000,44,169.26995600920154,21.720243266724594,384,1917,73.39821722085615,78.0292930174969,0.1017827791438463,0.0013847997162428,326069.4866274229,5090584.974633047,4025803.428979885,0.0640534414516727,0.5287,34424.072073000025,470165.0029576469,-0.218284534150425,31175.01000000001,-515027.05299999984,639197.0499999998,855,10.0
73.5,4.75,10000,56,174.01489972764588,20.63727918111277,385,1917,73.39605941236407,78.13800257830903,0.1039405876359325,0.0014141576549106,336691.04040858283,4871131.335328888,3784096.800802248,0.0691196802612693,0.5224,37201.01648400003,465047.9564775241,-0.1746879805921689,31477.680000000168,-509993.24999999953,642688.8700000003,857,10.0
73.5,5.0,10000,75,177.65128492456898,22.03419707385864,387,1917,73.33703895795252,78.18023833212123,0.1629610420474847,0.0022171570346596,341431.5166708106,5012247.443867151,3876071.5343162455,0.0681194455171156,0.5231,41425.71936100001,463561.9686643266,-0.203373993528495,24529.94999999984,-489630.7600000005,639197.0499999998,862,10.0
73.5,5.25,10000,122,178.03038986688344,24.385485758876325,383,1917,73.30179454450538,78.26171452521456,0.198205455494616,0.0026966728638723,491276.3995973772,4798053.200586528,3724003.3785615857,0.1023907778966106,0.5058,31286.24403700002,453478.49433975376,-0.1859874274518914,18041.070000000294,-489630.7600000005,634929.2700000005,863,10.0
73.5,5.5,10000,239,175.9215217864925,25.751957148743312,374,1917,73.3365480316301,78.42790880387437,0.1634519683698982,0.0022238363043523,483580.6296004995,4831122.088515992,3669602.273599871,0.1000969589963403,0.5144,52614.46090700002,458236.17725743685,-0.1556665484983292,33715.50000000041,-479982.75,649090.54,859,10.0
73.5,5.75,10000,302,175.01578956033913,26.4606265876376,367,1917,73.32316021047465,78.5214158815118,0.1768397895253457,0.002405983530957,431720.83360475046,4968184.454989784,3654685.04109597,0.0868971024558383,0.5266,47904.85923900001,489929.3039388629,0.3857719213389829,24054.759999999776,-499330.2599999998,650077.1910000006,859,10.0
73.5,6.0,10000,410,174.98692724730694,27.845845399866345,366,1917,73.35109466765977,78.66414504124855,0.1489053323402345,0.0020259228889827,491399.77014944144,5085907.848917129,3684276.202613412,0.0966198729404954,0.5062,38064.33115000002,493375.0621050741,0.6146976457277519,17549.63499999966,-498622.77599999984,636093.2100000004,858,10.0
73.5,6.25,10000,530,172.64194038535234,25.298522566282127,361,1917,73.38205764199117,78.79960396627885,0.1179423580088325,0.0016046579320929,349745.38157406054,5382960.044610285,3791245.864702684,0.0649726876431573,0.5255,46496.820520000016,511860.0467491043,0.7447310441568467,24054.759999999776,-501842.24999999977,644670.0,859,10.0
73.5,6.5,10000,780,172.20279700854212,21.143437077131264,353,1917,73.43849955554467,78.99005023265484,0.0615004444553335,0.0008367407408888,275979.02654914994,6258049.299039904,3925690.353175752,0.044099848588839,0.5246,62296.02266500002,562246.5267653065,1.7359622491287192,20377.49999999953,-502628.0899999999,644762.6250000003,862,10.0
73.75,3.5,10000,67,147.7995721043769,17.05087982539899,363,1917,73.45684713855803,77.81640948611482,0.2931528614419676,0.0039749540534504,235315.14638169316,5136755.594164601,4170534.015098867,0.0458100725385909,0.528,23476.25428900003,474173.6111501947,-0.2712964340848978,32259.149999999907,-543376.9530000001,641335.4999999997,831,10.0
73.75,3.75,10000,51,153.53526992680176,19.936204146730468,369,1917,73.52281733580799,77.90709006918532,0.2271826641920142,0.0030804429042984,306625.2799741087,5039364.069281833,4083973.7401995743,0.0608460265538636,0.5194,28219.19208400002,474972.4869276781,-0.2042156574523868,27751.400000001304,-529010.7300000004,649187.5350000005,840,10.0
73.75,4.0,10000,40,157.93790152759428,19.043266301035963,374,1917,73.53926857343163,77.99192455490629,0.2107314265683726,0.0028573752755033,263510.4738439198,5039247.325529531,4087714.650696709,0.0522916334169468,0.5299,34376.06977000003,462205.7128890504,-0.2125545733049473,32396.330000000075,-521758.5059999997,635407.5,847,10.0
73.75,4.25,10000,34,162.87631760556093,22.59989152052071,376,1917,73.54563153318412,78.07971800275715,0.2043684668158789,0.0027710978551305,330562.2807611421,4923043.882079938,3930841.168379757,0.0671459139262197,0.5223,31727.151178000026,469324.259064593,-0.2368551812798862,24054.759999999776,-521663.9999999994,642688.8700000001,851,10.0
73.75,4.5,10000,56,168.2337029583756,22.135647246325483,378,1917,73.54500359995211,78.17462879285434,0.2049964000478894,0.0027796122040391,322599.0075575732,4988261.414823745,3939559.913772332,0.0646716322041377,0.523,29440.69440800003,465242.6775792788,-0.2585149531356485,24529.949999999808,-510085.8749999997,632019.4199999999,857,10.0
73.75,4.75,10000,64,172.81630977133477,21.86461430820361,381,1917,73.48652733804751,78.2099966786802,0.2634726619524912,0.0035725106705422,383132.247639082,4798126.392515758,3766371.474829268,0.0798503866502353,0.5201,37706.35669100002,466698.1101344405,-0.2033150539615313,22793.825000000183,-501842.25,650060.4900000007,862,10.0
73.75,5.0,10000,120,174.0743303909441,23.003312476996697,377,1917,73.45047242137738,78.29329852251703,0.2995275786226159,0.0040613908965778,398705.10619317513,4916266.69173456,3831973.314818108,0.0810991614558859,0.5178,41730.33836200002,465702.1819733382,-0.1835505912116981,33808.12500000044,-502628.0899999999,643865.1599999997,864,10.0
73.75,5.25,10000,154,174.331347403588,22.108241952599936,371,1917,73.45986763477482,78.43342941746306,0.2901323652251761,0.0039339981725447,480155.5464344424,4837572.754979223,3729465.134376849,0.0992554677219535,0.5167,37822.89818800002,471186.747624705,-0.2125404318729305,21321.325000000128,-512031.00000000064,643865.1599999997,862,10.0
73.75,5.5,10000,231,174.48733146945548,27.12673611111112,365,1917,73.44669757145111,78.53140468306144,0.3033024285488892,0.0041125753023578,523183.46571547625,5028109.207476685,3686501.752155253,0.1040517308051929,0.5112,50290.40038200002,491927.6222508823,0.5987710256671337,22308.85000000033,-489630.7600000005,650060.4900000007,862,10.0
73.75,5.75,10000,330,174.98017387093364,26.57312925170069,365,1917,73.4705191386795,78.68109533153083,0.2794808613204935,0.0037895710009558,481300.0012446517,4912301.03017123,3722662.427407786,0.0979785233617644,0.5157,46434.93092700001,481209.2319879917,0.301527328532272,23305.58999999985,-494480.5099999998,643865.1599999997,861,10.0
73.75,6.0,10000,412,173.87588535445033,27.618205921343364,362,1917,73.50404989460431,78.82979027418516,0.2459501053956927,0.0033349166833314,420504.86540429207,5237716.078086414,3753999.937024895,0.0802840129428937,0.5149,46394.22038700001,494519.7047634041,0.6574965893653482,23156.25,-489630.7600000002,636093.2100000007,862,10.0
73.75,6.25,10000,634,173.85043990270356,25.8157786038827,354,1917,73.54749563141111,79.0074998306604,0.2025043685888903,0.002745821946968,266902.88374401745,5881569.10235243,3934249.81272579,0.0453795371778026,0.5296,55551.899572,546154.1921202812,1.473368253168637,31920.85500000021,-506895.8699999999,640965.0,866,10.0
73.75,6.5,10000,919,167.12797698068488,22.437623406928743,336,1917,73.64893595051353,79.22005178298551,0.1010640494864674,0.0013703599930368,276853.55731139675,6140923.655180671,3963439.008288828,0.045083373911974,0.5276,42434.911467000005,565475.2973595818,1.732829660811351,14743.239999999523,-521663.9999999995,635123.26,864,10.0
74.0,3.5,10000,44,146.87630080198448,14.81042654028436,355,1917,73.78413540919217,78.09175744574196,0.2158645908078256,0.0029170890649706,79730.00312818242,5412840.5488972375,4208646.233585096,0.0147297897301678,0.5445,37044.70576400004,468873.7434783431,-0.2396217026286439,33900.75000000055,-521663.9999999997,643865.1599999997,837,10.0
74.0,3.75,10000,50,151.35326944930966,16.60688189185599,362,1917,73.83450929845517,78.19383914745957,0.1654907015448259,0.0022363608316868,100926.1445351037,5263121.057490395,4182029.4108788376,0.0191761016766785,0.5443,32514.02042700002,462675.6996746424,-0.2169869402134929,32233.49999999965,-525826.9000000004,635407.4999999999,844,10.0
74.0,4.0,10000,55,155.71509160561232,19.598620257133906,365,1917,73.82595246260284,78.23903568248642,0.1740475373971577,0.0023519937486102,116511.65218259806,5181834.217653162,4183938.9843863775,0.0224846352254329,0.5487,35593.99619900003,464480.2351467012,-0.1973883228966962,32233.49999999965,-529010.7300000004,641335.4999999993,848,10.0
74.0,4.25,10000,42,160.8901912264518,20.057766367137365,370,1917,73.83236977302249,78.32256769230244,0.1676302269775078,0.0022652733375338,182976.8137652862,5281023.619195698,4144784.581339637,0.0346479824669206,0.5345,40488.90851500005,467784.113125188,-0.2087494378571798,33924.50000000012,-516291.75,642688.8700000005,855,10.0
74.0,4.5,10000,57,166.9735770647723,17.977851287214158,374,1917,73.80786261294317,78.38270566866748,0.1921373870568317,0.0025964511764436,175237.86122616645,5282329.514841163,4154735.49565238,0.0331743524772206,0.5364,50281.23071600004,461298.61646470486,-0.1807655435767246,33900.75000000038,-501842.25,662305.7999999999,860,10.0
74.0,4.75,10000,69,169.73306033940514,21.937521937521947,372,1917,73.8103472820319,78.49871470449074,0.1896527179681015,0.0025628745671365,248655.79272914637,5047459.086094736,4014268.921258538,0.0492635578590758,0.5323,36400.36486300003,462462.5586580944,-0.2349094581652544,32013.479999999632,-509993.2499999997,634929.2700000005,865,10.0
74.0,5.0,10000,122,172.14153090405424,21.27297481279783,369,1917,73.79530795623081,78.61008168442984,0.2046920437691852,0.0027661086995835,258224.40675539064,5218888.648672573,4016549.774418999,0.0494788113214621,0.5253,54043.72372800002,460411.7262214645,-0.1631705977512227,48830.76000000024,-501842.25,644670.0,864,10.0
74.0,5.25,10000,175,174.34201104831882,24.043085208693984,365,1917,73.75382545181768,78.68346718716158,0.2461745481823243,0.0033266830835449,320279.9763132123,5270289.283434422,3938023.347484072,0.0607708531901496,0.5271,65344.35245500002,478693.424400346,0.4624736573725273,57910.85999999987,-481094.2499999999,667826.2499999991,864,10.0
74.0,5.5,10000,250,175.3726091874197,24.995000999800048,365,1917,73.77209536563066,78.8288660524226,0.227904634369338,0.0030797923563424,357945.2199969824,5211962.819728001,3853656.554024895,0.0686776234554303,0.5166,45311.907294,469007.3706334422,0.3091135548316701,23305.58999999985,-489630.7600000007,635123.26,863,10.0
74.0,5.75,10000,327,175.63506936431546,28.51277372262774,364,1917,73.80604163223357,78.9921709685966,0.1939583677664274,0.0026210590238706,416279.56226888107,5093830.423937046,3690727.436413383,0.0817223047537449,0.5169,55841.45904000001,470653.2710783191,0.4455505170138788,48830.76000000024,-476462.9999999999,635407.5,864,10.0
74.0,6.0,10000,500,176.96336781554592,24.01998462720985,359,1917,73.80592741351605,79.12452578431551,0.1940725864839549,0.0026226025200534,313122.6969115549,5892663.428598529,3958895.6723951097,0.0531377195907531,0.517,69461.060377,515561.3920368566,1.457345257910816,37316.18999999994,-476140.3799999999,642787.4610000009,869,10.0
74.0,6.25,10000,759,171.17439339354212,25.917478747667435,342,1917,73.8852203501477,79.32487639760402,0.114779649852295,0.0015510763493553,328283.6852517849,5781989.693145421,3938054.288804352,0.0567769405817113,0.5267,57733.034554,505064.47661171126,1.353803648995259,32233.49999999994,-485265.985,632019.4199999999,869,10.0
74.0,6.5,10000,973,164.98922447438233,18.598422853742008,325,1917,73.96101251157377,79.49533515552231,0.0389874884262297,0.0005268579517058,282932.7486921961,6779645.773756619,4273892.112323456,0.0417326742626292,0.5199,81878.335045,566081.9256168759,2.1386876174768035,37127.52000000002,-473313.7499999997,636093.2100000003,867,10.0
74.25,3.5,10000,54,146.1449046846449,17.959770114942533,354,1917,73.93253553496669,78.24188309740313,0.3174644650333107,0.0042756156906843,100144.05039229582,5137087.907578645,4185584.7963978974,0.0194943228914878,0.5465,34966.89382700004,471470.0321838137,-0.2347834715563194,32396.330000000075,-529010.7300000014,641335.4999999995,833,10.0
74.25,3.75,10000,38,150.32351603016855,17.482517482517483,358,1917,73.96719389953164,78.31136274959468,0.2828061004683633,0.0038088363699442,21664.78234128938,5464886.415160171,4263024.248010343,0.0039643609574736,0.5514,45887.50414300003,471068.5512170353,-0.2599030201827376,48830.76000000024,-521663.9999999997,643865.1599999997,838,10.0
74.25,4.0,10000,42,155.0488449943043,19.61399654793661,364,1917,73.97860317755551,78.3794966182517,0.2713968224444869,0.0036551760598584,87929.1407742573,5295678.927034026,4196630.7483914085,0.0166039410594524,0.5444,39651.06783300003,460267.0073468632,-0.2127218587357077,32233.49999999953,-502628.0899999999,640965.0,845,10.0
74.25,4.25,10000,34,162.38388665217056,20.15803902596356,370,1917,74.02262320079731,78.49254165835798,0.2273767992026876,0.0030623137939755,188200.5318160356,5223798.802717695,4092434.533667879,0.0360275230581476,0.5331,40630.383864000025,460225.3718416331,-0.1985779400261649,33900.75000000035,-509993.24999999953,634140.2000000004,852,10.0
74.25,4.5,10000,57,167.30610311241898,21.91828862002456,370,1917,74.08150427462245,78.65506656704373,0.1684957253775536,0.0022693026986875,166254.26074322587,5426077.643872121,4154234.312944404,0.0306398602554062,0.5304,42395.42374800002,461998.5824937735,-0.2251960997974781,33900.75000000058,-502628.0899999999,637645.129999999,858,10.0
74.25,4.75,10000,98,170.59177863447508,20.774472328402865,369,1917,74.1074644344052,78.79488238809905,0.1425355655947981,0.0019196709171016,153396.3963500543,5526541.862264978,4164507.875168519,0.0277563076826467,0.5339,60035.10643600002,455265.3070897454,-0.2397727732845511,62058.74999999988,-487884.8499999992,639197.0499999998,858,10.0
74.25,5.0,10000,139,173.55108350200993,24.796667327911145,365,1917,74.0701520616523,78.86793833872788,0.1798479383477058,0.0024221944558613,185065.90584999515,5456797.8782775095,4039553.666733344,0.0339147445036782,0.5328,61230.692684,457665.19982721447,0.0941960128678822,54639.060000000056,-476463.0,635407.5000000001,862,10.0
74.25,5.25,10000,189,176.08383180942246,23.74169040835708,366,1917,74.07695427266307,78.9978994981028,0.1730457273369268,0.0023305821863559,215840.0574986064,5487480.683303114,4085999.603684826,0.0393331785486458,0.5356,62297.854493000006,460914.75646023295,0.0506653833263966,59827.77000000002,-478615.32000000007,643865.1599999997,861,10.0
74.25,5.5,10000,241,176.95973682343737,27.876895628902776,365,1917,74.10873012410315,79.15600339060124,0.1412698758968531,0.0019026245912034,301234.7169949648,5435025.697392186,3962220.446956232,0.0554247088729501,0.5165,53060.228058000015,467664.47616994206,0.2331392901502623,40194.97500000027,-479982.75,636093.2100000003,863,10.0
74.25,5.75,10000,399,177.4491301862417,26.23294858342077,360,1917,74.08695988209945,79.27034197871924,0.1630401179005502,0.0021958265037111,242282.49454428,5839076.598523423,3965558.1867136806,0.0414932892994669,0.5248,52772.879088000016,480811.672046517,0.8581290126004676,24054.759999999776,-478615.3199999997,632019.4199999999,870,10.0
74.25,6.0,10000,578,174.26163628293432,24.90535963339312,346,1917,74.13236721214646,79.43517145344104,0.1176327878535374,0.0015842799710914,279955.31513917184,6094364.772832817,4087844.947701015,0.0459367506827198,0.5193,64445.796361000015,493845.9951652473,1.3654615550768443,39141.89999999944,-473313.7499999994,629399.6430000004,871,10.0
74.25,6.25,10000,730,169.3886228777204,21.4813541845678,332,1917,74.1796815780528,79.59134429225244,0.0703184219472063,0.0009470494538344,180233.9980591658,6581298.422017499,4218191.522721238,0.0273857811182363,0.5328,73962.49952699999,539086.8428694083,1.8018215496091676,41310.7500000007,-467385.75,637645.129999999,871,10.0
74.25,6.5,10000,911,161.56680740309477,17.717930545712267,316,1917,74.26152061346109,79.81331854742996,0.0115206134610872,0.0001551597772537,134759.35120538904,7083523.892439768,4554858.298082443,0.0190243377804114,0.5339,90355.720484,541759.7721957952,1.8427950541391,63540.75000000093,-467385.75,637800.3219999996,864,10.0
74.5,3.5,10000,32,146.00516839758052,17.373175816539266,340,1917,74.1112472112209,78.38783740102188,0.3887527887791009,0.0052181582386456,31481.278185755305,5334415.561221429,4235333.957779572,0.0059015421323019,0.5546,41883.25518800003,472277.48279737873,-0.3067873540147308,41310.75,-529010.7300000014,642688.8700000002,832,10.0
74.5,3.75,10000,42,149.99935603069954,17.083504168375022,347,1917,74.12679400773068,78.44301091480499,0.3732059922693196,0.0050094764062995,117079.26532742791,5280212.812816353,4176791.685820642,0.0221732095803502,0.5475,35293.56844600005,467891.5719168242,-0.2496666403512218,32284.79999999999,-521663.99999999953,636093.2100000007,840,10.0
74.5,4.0,10000,51,156.9934615241138,18.52126240924582,354,1917,74.20911832495983,78.57572494753614,0.2908816750401684,0.0039044520139619,80882.34366225428,5225711.9069533385,4199841.393069867,0.0154777655374824,0.5479,54056.28742100003,467473.960552732,-0.29106249503866,51213.35999999941,-509993.24999999953,640965.0,847,10.0
74.5,4.25,10000,39,162.2871123972348,20.229810648972325,355,1917,74.30827388199548,78.76382021202366,0.1917261180045244,0.002573504939658,78843.44454948488,5426869.896329124,4230755.069793793,0.014528346184016,0.5416,54974.709497000025,463035.24008747545,-0.292084067798985,51384.07499999972,-506895.8700000001,642688.8700000002,853,10.0
74.5,4.5,10000,68,166.1074234353357,19.936204146730468,356,1917,74.33674022792984,78.89067604102134,0.1632597720701625,0.0021914063365122,184837.3131033552,5438422.774899393,4193515.915957481,0.0339873012367587,0.5326,54570.22851000002,464487.5209276672,-0.3101388912792883,59827.77000000002,-501842.25,642688.8700000001,854,10.0
74.5,4.75,10000,91,169.11302384725263,21.24766275709673,353,1917,74.30992002612633,78.96447563320261,0.1900799738736651,0.002551409045284,157236.55217574525,5394560.74419056,4200478.5467021065,0.0291472391603105,0.536,67151.45577400003,461920.4300366215,-0.1384910320447477,62244.0,-483811.0600000005,643865.1599999997,859,10.0
74.5,5.0,10000,130,171.56475345660763,22.698383875068107,355,1917,74.32099478676965,79.09271466701372,0.1790052132303543,0.0024027545400047,210708.26725311932,5539967.148468274,4138419.8148663808,0.038034208796956,0.5256,66656.843575,462436.1835476512,-0.0628531066941471,62244.0,-479982.75,650060.4900000007,859,10.0
74.5,5.25,10000,168,173.4439532037686,24.66942964278667,355,1917,74.34828732042249,79.24259890626276,0.1517126795775141,0.0020364118064095,205180.2378008677,5490791.188026936,4002443.701036541,0.0373680642323965,0.5283,62190.52136500001,473982.62712338654,0.3301928565177127,59094.75000000047,-479982.75000000047,640965.0,861,10.0
74.5,5.5,10000,272,174.3606360838707,22.583559168925028,351,1917,74.32919106521005,79.3498859960287,0.1708089347899459,0.0022927373797308,156016.02703751912,5841106.328720635,4191495.236951153,0.0267100131819875,0.5406,65525.58503800001,472080.51745082205,0.5952904357440876,59094.75000000047,-479982.74999999953,635407.5,868,10.0
74.5,5.75,10000,391,170.98502363006858,24.06159769008662,339,1917,74.35511402316348,79.50033135820092,0.1448859768365196,0.0019447782125707,232082.03519856575,5977798.88522851,4131490.393838382,0.0388239951952973,0.5287,76185.17381000001,486800.5339697205,1.045431165444306,62244.0,-462939.75,636093.2100000004,870,10.0
74.5,6.0,10000,580,167.8910103066478,22.48201438848922,327,1917,74.40283859509663,79.65339569344688,0.0971614049033746,0.0013041799315889,252581.306685434,6327015.924271833,4166141.087509249,0.0399210796540713,0.5292,83983.19593300001,512902.8667360326,1.587474234627985,62244.0,-462939.75,635437.273,870,10.0
74.5,6.25,10000,707,161.12889820045064,19.847570657351543,313,1917,74.51678563010188,79.92047064363278,0.0167856301018787,0.0002253104711661,247426.96719610743,6770557.471347616,4295975.655280478,0.0365445486938403,0.5297,87017.71920200002,535347.9312215312,1.8535585337760323,62058.75,-462939.75,635476.0710000003,863,10.0
74.5,6.5,10000,1029,161.8273972194273,16.611295681063126,308,1917,74.6059568699792,80.17594721159472,0.1059568699791952,0.0014222398654925,90830.3313524934,7372386.461495396,4651575.747675256,0.0123203431923819,0.5419,109301.80199900002,568695.6070041577,2.1339462525041952,66385.62,-457816.3999999994,668101.56,864,10.0
74.75,3.5,10000,42,138.41620212611332,14.74578270614604,322,1917,74.40008169396995,78.63743443657049,0.3499183060300481,0.0046811813515725,-60877.747293789565,5793842.456930255,4378764.157283291,-0.0105073183722783,0.5632,49376.47192000004,468340.08024821646,-0.2861707704992081,41310.75000000047,-518700.5700000003,649090.54,834,10.0
74.75,3.75,10000,29,146.03128182424894,15.788808892257167,331,1917,74.52565177670807,78.79740279948635,0.2243482232919262,0.0030013140239722,-74651.62929457419,5697668.201397026,4337165.401145952,-0.0131021369893512,0.5697,63154.473749000026,467630.5915676318,-0.306382253599471,59461.26000000024,-509993.24999999953,650060.4900000007,841,10.0
74.75,4.0,10000,37,152.41472486490875,16.655562958027982,335,1917,74.6448645216872,78.98470927093133,0.1051354783128033,0.0014064946931478,-40438.77955273953,5859686.9243721245,4389147.442806582,-0.0069011843251459,0.5547,71740.25407400003,467827.6330417223,-0.3319526307766585,66385.62,-506895.87000000017,667826.2499999991,848,10.0
74.75,4.25,10000,55,156.57739479159468,18.21095571095572,338,1917,74.68338370301203,79.10711420900347,0.0666162969879735,0.0008911879195715,-56824.3889018678,5871415.287141308,4368603.42962651,-0.0096781416614007,0.5644,75842.25265200002,465327.9214373122,-0.3318867711739543,76820.04000000004,-502628.0899999999,662083.5,851,10.0
74.75,4.5,10000,68,159.59991968205586,16.97447039652363,337,1917,74.67396766221395,79.18660178160647,0.0760323377860459,0.0010171550205491,34573.639076297055,5990108.368771258,4362516.49189321,0.0057717885800769,0.5573,87415.56065800002,467794.5597750665,-0.2047325929935958,88265.44999999925,-480093.9000000003,675473.1800000003,856,10.0
74.75,4.75,10000,74,162.70968215418597,20.85766727849158,341,1917,74.67371054015054,79.29314881982606,0.0762894598494625,0.0010205947805948,93355.44055531012,5797014.582736774,4319546.442154523,0.0161040548066444,0.5517,81150.54375000003,465981.2733794311,-0.1400365434487687,66385.62,-479982.74999999953,685795.4999999995,857,10.0
74.75,5.0,10000,118,167.28632226955264,18.90788080471941,344,1917,74.68352444594873,79.42512349968584,0.0664755540512658,0.0008893050709199,105698.60470211468,5961662.585672608,4338272.874397817,0.017729719383337,0.5525,76918.88322500003,467764.32729158807,0.0347968191611684,66385.62,-462939.75,662083.5,860,10.0
74.75,5.25,10000,204,169.08694118401132,24.210730195622716,341,1917,74.67078674612956,79.53125159435152,0.0792132538704351,0.0010597090818787,149573.8540438485,5885390.060338505,4185041.5662125046,0.0254144334547718,0.546,80766.43226400002,474739.6031991264,0.2827988396231392,73359.0,-478615.32,643865.1599999997,867,10.0
74.75,5.5,10000,275,169.25187766382615,21.233225751656192,335,1917,74.64153019051489,79.62559950523739,0.1084698094851148,0.0014511011302356,155209.12624890765,6154704.907377134,4319023.5265740575,0.0252179639129199,0.541,82542.67504200003,471772.3337164503,0.5029002259222632,70612.3600000008,-462939.75,639373.8450000014,870,10.0
74.75,5.75,10000,376,167.24451994023374,22.486058643640945,326,1917,74.63739539558952,79.73952698183149,0.1126046044104782,0.0015064161125147,119596.35764565594,6373298.653197714,4325870.117930244,0.0187652209873532,0.5531,93892.93568300002,503044.16731318063,1.3032028553955688,72871.74499999953,-457816.3999999994,643865.1599999997,871,10.0
74.75,6.0,10000,514,162.64970447392184,23.19539803303026,314,1917,74.72933290992081,79.98494559483805,0.0206670900791863,0.0002764828104238,140496.3022647834,6590250.95951082,4438811.496301645,0.0213188091209218,0.5417,90122.59673500004,501580.469847486,1.2532568076690749,67801.5,-462939.75,641002.05,867,10.0
74.75,6.25,10000,798,165.27982418284213,20.857667278491576,311,1917,74.77435046666801,80.19933813945141,0.0243504666680109,0.0003257587514115,64961.29471131749,7093422.074378902,4588353.28232111,0.0091579626913721,0.5448,101567.67607800002,530656.0015280427,1.7295484411243114,66385.62,-455876.5,650060.4900000007,868,10.0
74.75,6.5,10000,1063,163.3752933849704,18.729397662571177,303,1917,74.80165560140688,80.35895499090321,0.0516556014068783,0.0006910448348746,110669.61927324798,7421456.69220413,4680833.513364822,0.0149121154866403,0.5451,108903.1797,556913.7756300397,1.9868313314211377,69869.45999999996,-457382.2499999994,650060.4900000007,866,10.0
75.0,3.5,10000,33,142.8157980805872,16.093729882837646,321,1917,74.72779564291235,78.93808197766356,0.2722043570876451,0.0036293914278352,10787.90042187138,5655866.139945053,4314129.835786332,0.0019073825573205,0.5525,48677.046029000034,464291.5229888878,-0.3290121167427577,57910.85999999987,-528888.7499999995,637645.129999999,835,10.0
75.0,3.75,10000,45,147.9924157222381,16.939964764873295,326,1917,74.85553432302872,79.1144476706641,0.1444656769712793,0.0019262090262837,-61567.883467389394,5818608.116615263,4441225.551618158,-0.0105812046856326,0.5573,75694.00120000003,461255.7931402176,-0.3249680408965793,66385.62,-501842.25,663380.25,842,10.0
75.0,4.0,10000,53,153.15427601870553,16.90102758247702,331,1917,74.93344224359114,79.26112006907587,0.066557756408855,0.000887436752118,21215.63130428744,5912245.310317924,4392912.268462904,0.0035884220276283,0.5422,74470.67879000002,458850.9368292873,-0.2963659677330059,65275.83000000019,-485168.9900000002,667826.2499999991,846,10.0
75.0,4.25,10000,55,157.5086838960104,18.398586988519288,333,1917,74.99085360013551,79.39092610513842,0.0091463998644911,0.0001219519981932,18073.045256626214,5866978.603583595,4325520.529076856,0.0030804689223831,0.556,78071.90035300002,475136.452632433,-0.0177358785592656,69614.1000000001,-502628.0899999999,661912.842,853,10.0
75.0,4.5,10000,52,161.33770911725713,19.688139864545604,338,1917,74.96906599601985,79.46085807643844,0.0309340039801497,0.0004124533864019,58302.41913384285,5779511.581714399,4359534.532576691,0.0100877761571244,0.5468,78310.69913600001,456179.9398872957,-0.2354038850152581,66319.5,-463095.531,644670.0,854,10.0
75.0,4.75,10000,99,165.59327317277769,18.785692816351077,341,1917,74.98492228588523,79.5872600598356,0.0150777141147671,0.0002010361881968,57256.54110751032,6142681.521032847,4438836.321707526,0.0093210987597942,0.547,83066.16140800001,459472.3022302245,-0.0885948709874505,72940.23999999929,-467385.74999999977,662305.799999999,857,10.0
75.0,5.0,10000,150,168.0059269955238,19.00851581508517,339,1917,74.96890291140615,79.68168523758841,0.031097088593853,0.000414627847918,44795.28965438698,6029729.272888059,4411970.77661906,0.0074290714602732,0.5546,71493.17645900001,474566.82455807657,0.5154379446463141,62058.75,-467200.4999999999,640965.0,864,10.0
75.0,5.25,10000,238,169.8382889531898,20.21672327349184,334,1917,74.92495715097662,79.75629442310957,0.0750428490233758,0.0010005713203116,133625.71661717317,6145856.901663715,4365420.113902187,0.0217424061046719,0.5433,70810.15133000002,474739.80264729256,0.623773009607271,57273.31500000024,-457828.5600000003,635123.26,867,10.0
75.0,5.5,10000,299,169.63279833913603,22.640825937330195,326,1917,74.90163234489418,79.84815267521168,0.0983676551058181,0.0013115687347442,145440.3013577872,6023577.325075427,4233114.294382375,0.024145170470766,0.5424,68825.558048,473577.4361795659,0.6698219068557435,48830.76000000024,-462939.7500000002,632019.4199999999,868,10.0
75.0,5.75,10000,401,166.44691647168082,22.51846514141597,317,1917,74.96897212491132,80.06884627843837,0.0310278750886823,0.0004137050011824,139171.94729112324,6598608.805908584,4551638.9166907165,0.0210911044107516,0.5409,80947.777061,489881.49605633033,1.1536693345889302,53877.53999999957,-462939.75,642688.8700000003,866,10.0
75.0,6.0,10000,613,170.14696241183714,23.10963209465706,317,1917,74.97126362970585,80.24193019103255,0.0287363702941547,0.000383151603922,98926.15016637769,6790743.283096173,4526895.44405302,0.0145677941342045,0.5407,78920.779959,500953.0841169373,1.3364603491489584,59827.77000000002,-457816.3999999994,629294.25,867,10.0
75.0,6.25,10000,926,168.9169039274798,20.603263556947425,309,1917,74.9800963815714,80.39011390316422,0.0199036184286001,0.000265381579048,165972.35885503714,6937939.281628251,4603050.057225585,0.0239224288535551,0.5383,92833.271198,528600.7071045957,1.8083880308176328,59827.77000000002,-455876.5,636093.2100000007,866,10.0
75.0,6.5,10000,1039,164.75757202700822,18.26417299824664,300,1917,75.00170089345545,80.53002400362553,0.0017008934554496,2.267857940599545e-05,86508.11071321814,7542463.522346177,4794845.558005467,0.0114694768435961,0.5468,111170.939159,545244.8031875099,1.999300676998908,70912.6549999998,-453548.6199999999,668101.5599999999,857,10.0
75.25,3.5,10000,44,140.9561345000603,13.963360142984806,303,1917,75.13910159011047,79.32066875448395,0.1108984098895291,0.0014737330217877,-88491.89401258864,6265065.329253194,4797429.016891849,-0.0141246562265515,0.5554,71342.66433000001,467670.1477783482,-0.4717463183103617,70612.3600000008,-521663.99999999953,640965.0,833,10.0
75.25,3.75,10000,78,146.8979042664098,14.975440277944172,311,1917,75.18318069583808,79.41300521651787,0.0668193041619247,0.0008879641749092,-89993.93247243951,6118707.018414295,4639794.104007765,-0.0147079983077473,0.564,75693.03864100004,469638.659451781,-0.4198331760508312,71194.32999999961,-521663.99999999953,653932.5,837,10.0
75.25,4.0,10000,58,150.97324439834662,16.204303863106045,315,1917,75.24466007772975,79.52980059362285,0.0053399222702523,7.096242219604482e-05,-90294.23980009342,6242026.275404657,4698207.503847848,-0.0144655334367748,0.5621,87316.022983,474655.53630395554,-0.2030252750289653,82357.59000000003,-502815.9809999997,667826.2499999991,844,10.0
75.25,4.25,10000,59,153.96043264334352,17.39977728285078,321,1917,75.23821239624375,79.59855780528866,0.0117876037562467,0.0001566458970929,20197.62646219836,5959544.129931131,4559590.147067053,0.0033891227284916,0.552,84604.44603900002,459766.7984619967,-0.1841494000614413,73851.48000000045,-481501.7239999998,667826.2499999991,846,10.0
75.25,4.5,10000,77,158.0212867481866,17.36111111111111,325,1917,75.26558187402652,79.72408217179077,0.0155818740265232,0.0002070680933757,-5297.37487290889,6265966.277062727,4665413.448835179,-0.0008454202653947,0.563,83781.87991300001,456036.38576833706,-0.0453618471695781,78371.96000000043,-473313.74999999953,640965.0,849,10.0
75.25,4.75,10000,111,162.2550090838967,20.000000000000004,328,1917,75.21590837069749,79.77079655784443,0.0340916293025088,0.0004530449076745,59729.66478161874,6214066.913351443,4553429.409386525,0.0096120086272783,0.5567,82022.56524200001,464648.36614608247,0.2549482440749848,73686.8450000002,-473313.74999999953,636093.2100000004,857,10.0
75.25,5.0,10000,170,164.27334115100382,19.060689234522723,326,1917,75.17734387391567,79.84329590095531,0.0726561260843254,0.0009655299147418,28422.18130746584,6285428.292023851,4626089.966565945,0.0045219164052087,0.5654,88576.22956100001,469202.65515060246,0.3523942565708411,77208.02000000048,-462939.75000000006,642688.8700000001,861,10.0
75.25,5.25,10000,235,165.05112187739675,20.945040214477213,320,1917,75.15864265132359,79.93574356528214,0.0913573486764107,0.0012140511452014,145730.78774448813,6365377.72394278,4552462.259314762,0.0228942875135807,0.5481,76529.29354500001,480381.0379791262,0.7073233098219209,62058.749999999534,-467385.7500000002,636093.2100000003,863,10.0
75.25,5.5,10000,288,163.48202981454222,21.59267576438073,315,1917,75.20377337545126,80.13322912415751,0.046226624548737,0.0006143073029732,174017.6809566665,6524026.549474044,4545551.11098975,0.0266733557316218,0.5424,72939.48127300001,486699.12785265705,0.8271633368364325,62244.0,-473313.74999999953,636093.2100000004,862,10.0
75.25,5.75,10000,474,167.43693565915297,22.389396381873556,316,1917,75.19744011583266,80.29411625597582,0.0525598841673371,0.0006984702214928,83986.57429261439,6848858.018237824,4778611.727496641,0.0122628581391184,0.5432,81263.558049,495670.6366959629,0.991971004465154,62521.87499999994,-457382.24999999953,641335.4999999995,865,10.0
75.25,6.0,10000,709,167.06784419769784,23.38196782641228,309,1917,75.19548634025608,80.43506770593815,0.0545136597439182,0.0007244340165304,153146.78398359343,7005481.542098015,4741783.064051025,0.0218609931470504,0.5388,98573.707017,507817.2519956389,1.4878452913642162,62799.75,-457386.8669999999,644670.0,865,10.0
75.25,6.25,10000,874,163.65717986931938,19.425019425019432,301,1917,75.20429815731902,80.57515506094722,0.0457018426809838,0.0006073334575546,168428.7152152454,7381008.500011846,4864009.3528926745,0.0228192008199116,0.5392,124138.977733,535218.6752228246,1.9413048118470608,82326.24000000022,-451269.0,676800.9000000004,856,10.0
75.25,6.5,10000,1076,160.05144921822765,15.47412725922257,295,1917,75.22133079940019,80.72391077445135,0.0286692005998077,0.0003809860544824,22770.694369448476,7933651.976353079,5208644.311412301,0.0028701403133536,0.553,114464.921013,582209.3417824145,2.2413808954599297,62058.749999999534,-457567.5,683426.77,846,10.0
75.5,3.5,10000,76,146.51897438615268,13.188436378982905,306,1917,75.36219710155117,79.53507697951957,0.1378028984488253,0.0018252039529645,-102967.26449065872,6901050.421479464,4997453.675166891,-0.0149205205297694,0.5641,80611.86859400001,457573.1201293458,-0.4414424320419886,79417.72000000009,-500915.9999999996,640965.0,828,10.0
75.5,3.75,10000,66,151.88215566371744,15.131340031473185,313,1917,75.423093714556,79.63142165356187,0.0769062854439965,0.0010186262972714,-78274.21506344076,6467767.463325197,4845153.805666063,-0.0121021999487901,0.5677,80042.94680600004,470571.94841813535,-0.3500172543078174,84773.63000000082,-509808.0,643865.1599999997,835,10.0
75.5,4.0,10000,55,154.39027442611018,16.25699050591755,320,1917,75.42715974498563,79.69699465577906,0.0728402550143698,0.0009647715895943,-72961.46926261525,6579594.405579481,4696000.418839391,-0.0110890527234846,0.5649,83751.52253,460424.8596633504,-0.3048789536326221,80267.49499999994,-485168.9900000002,640965.0,838,10.0
75.5,4.25,10000,63,157.48446829950447,16.38484729322323,324,1917,75.46727327688238,79.81426060686105,0.0327267231176193,0.0004334665313591,71529.30798840593,6572741.913554171,4708052.439599587,0.0108827197125905,0.5546,84680.63389200001,444643.00289733167,-0.2687403379127588,82251.76000000024,-462939.75,635407.4999999999,841,10.0
75.5,4.5,10000,98,162.60511843118292,18.20830298616169,329,1917,75.44058936051321,79.87185698407968,0.059410639486785,0.0007868958872421,34632.49524141511,6868477.323637764,4871727.737951925,0.0050422376910567,0.5532,90121.45990800002,450278.6652569464,-0.1355929704661329,94023.39999999944,-462939.75,635476.0710000003,849,10.0
75.5,4.75,10000,147,164.82641086987152,21.193624957612755,327,1917,75.40888323121173,79.94008205360147,0.0911167687882681,0.0012068446197121,94852.19602739632,6547537.591228237,4681463.519101628,0.0144866974348448,0.5491,80905.90691300003,461374.5966467075,0.1746609233823932,77786.18999999948,-473313.7499999994,635123.2599999998,855,10.0
75.5,5.0,10000,180,165.96587329141863,21.247662757096723,324,1917,75.39627913836871,80.03054975262242,0.1037208616312881,0.001373786246772,66455.74078085346,6733371.584593771,4744318.501225177,0.0098696084043403,0.557,88777.74764600002,455083.4241837732,0.3497819841556884,79923.87999999989,-462939.75,636093.2100000002,859,10.0
75.5,5.25,10000,228,165.72887486178416,23.89600458803288,320,1917,75.42556656806082,80.20702161052287,0.0744334319391839,0.0009858732707176,144076.27767239336,6708361.557706645,4655641.890060774,0.0214771187320511,0.546,80373.81451600001,465093.22348798224,0.4660015148348301,66385.62,-462939.75,640965.0,858,10.0
75.5,5.5,10000,407,170.32033810694992,21.054404581438444,321,1917,75.40910173652365,80.34716001176646,0.0908982634763475,0.0012039505096204,88504.26098171166,7156600.179157017,4905939.446761751,0.0123668024992471,0.5474,94608.023787,474257.61098815233,0.7020173972643989,83196.05999999994,-453548.6200000001,644670.0,861,10.0
75.5,5.75,10000,574,170.33559583283844,23.199703043801044,315,1917,75.39570560703037,80.47513505895343,0.1042943929696349,0.0013813826883395,135952.42834939083,7141051.292886098,4850514.746498951,0.0190381531756852,0.5399,93835.573429,482780.1426546177,1.1096918517325896,76820.04000000004,-455294.52999999945,636093.2100000004,863,10.0
75.5,6.0,10000,742,169.06513063601898,22.092612230470134,309,1917,75.38411476501686,80.60568586607475,0.1158852349831391,0.0015349037746111,151408.7322720939,7324365.040690306,4938064.328562208,0.0206719260210198,0.5413,105734.805231,504955.90265849535,1.5244379643448966,78115.65000000002,-451269.0,640965.0,857,10.0
75.5,6.25,10000,871,165.99174668386604,18.72378669862193,303,1917,75.38920121285862,80.75128860742065,0.1107987871413769,0.0014675336045215,138177.59959694897,7768461.400251301,5142631.110019808,0.0177869969969187,0.5422,108566.144039,534369.3704652077,1.8047280106703227,65275.83000000019,-453548.6200000001,662105.7300000001,849,10.0
75.5,6.5,10000,1133,160.70032165462658,15.13867021920794,294,1917,75.45963564029243,80.97072077702138,0.0403643597075671,0.0005346272808949,62642.3978789079,8366144.4105796125,5815348.971321938,0.0074876065729503,0.5482,113715.00256499996,567898.9860985277,2.2625216130606014,72940.23999999929,-457400.7749999997,640965.0,838,10.0
75.75,3.5,10000,70,146.8893882821479,14.293882218410516,301,1917,75.69423774608049,79.82331766885001,0.0557622539195108,0.000736135365274,-272222.9110778,7105742.725140184,5355306.2948300205,-0.0383102684135569,0.5768,81601.17851100003,476830.58265752863,-0.3016005179517919,94107.0,-521663.9999999997,650060.4900000007,819,10.0
75.75,3.75,10000,72,149.11612256762686,14.08292023433979,308,1917,75.70463196469049,79.88864746537658,0.045368035309508,0.0005989179578812,-190456.6419049544,7037552.196698424,5361075.919284498,-0.0270629100263447,0.5691,82298.51472500003,458620.5081653582,-0.381773179894527,96025.0499999998,-498137.24999999953,632019.4199999999,824,10.0
75.75,4.0,10000,56,153.2913506087842,14.31024613623354,315,1917,75.70034342606642,79.93546941123022,0.049656573933575,0.0006555323291561,-235100.2862294662,7272643.113792816,5411336.445641262,-0.0323266634359646,0.578,84157.65499700002,454080.0478997346,-0.1870588699914631,88920.0,-473313.7499999997,634666.4999999992,827,10.0
75.75,4.25,10000,92,158.72096727505274,17.104542966611934,321,1917,75.70237350420821,80.0066900841926,0.0476264957917891,0.0006287326177133,-249211.98272189463,7478954.642388551,5445893.015783624,-0.0333217668294755,0.5804,91031.63853000004,455936.4340705593,-0.0347055390579619,101697.12000000013,-473313.7499999994,637645.129999999,837,10.0
75.75,4.5,10000,141,160.93578622566537,20.33181522446324,319,1917,75.68385254108262,80.07481314088704,0.0661474589173849,0.0008732337810875,-117541.09276569256,7301598.773792629,5189309.635986211,-0.0160979939335448,0.5676,85960.54763100002,458716.7030413688,0.0853582209687462,88265.44999999925,-464607.0,634929.2700000005,844,10.0
75.75,4.75,10000,123,164.90757290390812,17.11156741957564,319,1917,75.69947500117226,80.18636497350576,0.0505249988277398,0.0006669966841945,-230136.2235307572,7966222.222111238,5648019.402314674,-0.0288890037352944,0.5747,94350.772717,456112.0295693463,-0.0547305245866288,95249.09000000032,-462939.75,637645.129999999,848,10.0
75.75,5.0,10000,190,165.20530232562177,21.84169142058362,316,1917,75.73563756640824,80.3559563782392,0.0143624335917564,0.0001896030837195,-81572.41556728494,7488937.370967442,5173130.505484678,-0.0108923885361251,0.5592,89035.039642,464534.783364919,0.2598167835103374,92905.43999999994,-462939.7500000002,636093.2100000007,850,10.0
75.75,5.25,10000,291,171.5048745617241,23.732675147142597,320,1917,75.75810385687562,80.53006978656035,0.0081038568756213,0.000106981608919,-88575.69655054381,7670510.639007887,5364849.658755912,-0.0115475619185113,0.5554,95238.939896,469529.0681730392,0.6066935225905263,83265.6000000001,-453548.62000000034,640965.0,854,10.0
75.75,5.5,10000,445,172.72493020447638,21.262119408062603,315,1917,75.7144254693888,80.62358587326649,0.0355745306111998,0.0004696307671445,-134921.4942709568,8073506.85360916,5537543.065869277,-0.0167116343266175,0.5557,96446.305042,463102.1200531951,0.6150049119202563,82991.99999999895,-449046.0,637630.4999999995,856,10.0
75.75,5.75,10000,517,172.73005166233455,23.76425855513308,311,1917,75.7150270885579,80.76292558797462,0.0349729114420966,0.0004616885998956,11515.688592422475,7848949.697876062,5333929.995773043,0.0014671630008711,0.5483,103246.05236400002,477253.0266164045,1.1867123671924258,87295.49999999988,-451268.9999999999,631146.7500000001,852,10.0
75.75,6.0,10000,699,170.02538230387378,17.625493513818387,306,1917,75.71842583283119,80.90556627339622,0.031574167168813,0.0004168206886972,-54257.88561317039,8493261.727986895,5760781.239751596,-0.006388344943425,0.5468,100956.815913,524444.6345923773,1.770971710208752,66385.62,-453675.5399999999,650042.2499999997,849,10.0
75.75,6.25,10000,816,167.80507593824316,14.686875807778168,301,1917,75.8109566145941,81.15836691771081,0.0609566145941045,0.0008047077834205,-70357.04846808416,9075807.902187664,6197903.254311052,-0.0077521526707418,0.5551,101778.15735599998,523931.09664473,1.7629343213683142,70612.3600000008,-457196.9999999997,663380.25,840,10.0
75.75,6.5,10000,962,163.8812167895806,11.39679066374909,290,1917,75.88936919181529,81.32441723399955,0.139369191815291,0.0018398573176936,-302731.50786223554,9383384.782730283,6824783.902711239,-0.0322625060009688,0.5697,113060.05327999998,561896.1226428677,1.853942284855955,81492.8999999997,-481501.7239999999,682891.0269999998,828,10.0
76.0,3.5,10000,40,143.19735538908785,12.768130745658835,295,1917,75.86941003005002,79.96024137551028,0.1305899699499804,0.0017182890782892,-328105.5283780462,7457381.983161314,5532459.677303575,-0.0439974147923366,0.5899,94263.96528900004,460507.2262306704,-0.2142338078838474,110676.3300000002,-479982.75,640965.0,813,10.0
76.0,3.75,10000,28,147.17903448917485,16.303638972218604,302,1917,75.8687343151203,80.00571205021903,0.1312656848796933,0.0017271800642064,-270372.17570873344,7158256.34418992,5242431.59998965,-0.0377706752466589,0.5862,89813.42322500004,455991.7284685789,-0.3017462834956682,100035.0,-481094.24999999977,636093.2100000004,817,10.0
76.0,4.0,10000,62,152.02333572521027,16.488589895792117,308,1917,75.88099595019109,80.07518401821699,0.1190040498089075,0.0015658427606435,-356413.65353371867,7669436.824960359,5537165.44187252,-0.0464719459418144,0.5914,92438.50728600004,468183.1922576783,0.361701511605143,99571.87499999994,-467385.7500000002,632019.4199999999,827,10.0
76.0,4.25,10000,78,153.59868256645308,16.717935000668717,309,1917,75.879784883942,80.13665679034429,0.1202151160580058,0.0015817778428684,-277154.8127692784,7553875.246188204,5479702.839612007,-0.0366904143550867,0.5844,88246.34992700002,453146.7907398391,-0.1750378730219161,101697.12000000013,-473313.7499999993,632019.4199999999,834,10.0
76.0,4.5,10000,78,157.50372164259372,17.441049253523094,309,1917,75.90919818828085,80.24955704710571,0.090801811719146,0.001194760680515,-282426.1761951411,7983990.783627457,5568380.296251786,-0.0353740608987556,0.5828,85286.971126,466766.7050058804,0.3231055708911401,94107.0,-473313.74999999953,632019.4199999999,839,10.0
76.0,4.75,10000,93,158.20364592792458,18.584597085935183,307,1917,75.96549137422515,80.42390373854869,0.0345086257748477,0.0004540608654585,-254183.80037507467,7886729.633908121,5559843.269363275,-0.0322293031679746,0.5797,96443.632863,466001.725349237,0.3709962976975784,100035.0,-462939.75,637645.129999999,842,10.0
76.0,5.0,10000,167,164.38846971379465,20.41149575440889,312,1917,75.9964169526798,80.59176068960794,0.0035830473202054,4.714535947638715e-05,-140361.93557029884,7787669.435977528,5570971.170035849,-0.0180236124201489,0.5612,81709.16997,461501.027802715,0.2942496009698984,82991.9999999993,-467631.80000000034,630348.1800000004,846,10.0
76.0,5.25,10000,268,165.58904311706382,21.316507503410648,308,1917,75.96150824922891,80.68550628008063,0.0384917507710866,0.0005064704048827,-187686.81588208917,7817736.875280086,5430004.205655287,-0.0240078195104724,0.5706,93296.06107600004,459051.3685145026,0.4054181652463021,93107.31499999973,-452292.1120000005,636093.2100000002,848,10.0
76.0,5.5,10000,350,167.0040706134919,22.167050895548854,305,1917,75.96350944390498,80.82158278000004,0.0364905560950177,0.000480138895987,-144977.69232683998,8137669.322647291,5580210.480189522,-0.0178156283548367,0.5563,104236.418415,481782.3961306484,1.2465994065723676,93309.18999999948,-453548.6200000001,636093.2100000003,846,10.0
76.0,5.75,10000,463,166.068980256016,19.519050593379134,302,1917,75.99684220718945,80.98960968373494,0.0031577928105548,4.154990540203735e-05,-192270.3285983691,8178030.95615354,5723338.670139458,-0.0235105894840977,0.5687,91788.081578,493021.3647245205,1.2928605225603789,77692.99499999988,-457196.9999999997,634666.5,844,10.0
76.0,6.0,10000,610,164.6826265429342,16.655562958027982,298,1917,76.091575008412,81.24751042562777,0.0915750084119935,0.0012049343212104,-281506.0135995386,8956247.765740018,6158645.239770515,-0.0314312445303682,0.573,89892.16260699998,524574.9412762256,1.4799605488889087,73149.61999999965,-481094.24999999977,662305.7999999989,839,10.0
76.0,6.25,10000,697,162.15322586243173,12.640307412276268,289,1917,76.19021775310505,81.43782364684655,0.1902177531050455,0.0025028651724348,-460741.40738608304,9616002.413460065,7219798.891385895,-0.0479140278439569,0.5819,115047.50359199996,561085.199351046,1.9378798685727645,88265.44999999925,-473313.7499999997,668845.1250000007,828,10.0
76.0,6.5,10000,860,158.29941585685177,11.917246639336446,281,1917,76.23267066752258,81.6130379413804,0.2326706675225835,0.0030614561516129,-561384.2431876027,9804175.150803307,7148451.087048568,-0.0572597117608211,0.5839,131602.26308099998,604300.246393138,2.569192003169521,94107.0,-467127.9200000006,671031.0750000016,820,10.0
76.25,3.5,10000,42,139.7895143900341,12.399563535363557,286,1917,76.0174052004498,80.08347650363412,0.2325947995501991,0.0030504236006583,-496166.61760647286,7585825.422392345,5633906.935441327,-0.0654070704213486,0.603,103585.34414200005,460672.78451899625,-0.3099696322826258,119558.64000000048,-485168.9900000002,642688.8700000002,808,10.0
76.25,3.75,10000,62,144.83741076645987,16.767270288397054,293,1917,76.05324560453262,80.16677696670759,0.19675439546738,0.0025803855143262,-455833.5277274688,7622751.652266378,5591519.292241396,-0.0597990789312861,0.5997,104061.88120400002,466554.1097245615,0.0607854496570187,114855.0,-473313.74999999953,642688.8700000003,818,10.0
76.25,4.0,10000,80,146.46353964883295,16.299387143043425,295,1917,76.06169571614714,80.2266851794855,0.1883042838528581,0.0024695643783981,-435970.5001218985,7640613.612555576,5651775.156814199,-0.0570596187988726,0.5972,103904.34405300002,469141.465490258,0.0072396073948589,111705.74999999908,-473313.7499999994,644670.0,825,10.0
76.25,4.25,10000,87,149.58572361126053,15.199416342412452,296,1917,76.10727125433866,80.33485523266201,0.1427287456613442,0.0018718524021159,-452540.4911575104,7852314.419936194,5674479.149931966,-0.057631478689717,0.5992,98188.39070300004,458199.742684795,-0.1677685055788096,104172.63000000035,-473313.74999999953,639197.0499999998,830,10.0
76.25,4.5,10000,98,150.79008955416495,17.47030048916842,296,1917,76.17506115731126,80.5063146608108,0.0749388426887378,0.0009828044942785,-402082.6131066445,8022905.076625267,5633271.321451394,-0.0501168353939662,0.59,89932.37194600001,459131.5407992723,-0.1108627226492272,100412.05500000024,-473313.7499999997,639197.0499999998,833,10.0
76.25,4.75,10000,153,157.25461100191393,18.698578908003,301,1917,76.21486506528642,80.6725754557443,0.0351349347135823,0.0004607860290305,-369604.8758018976,8021958.314792938,5669775.950937425,-0.0460741456509846,0.5781,95899.644604,465557.7418590194,0.2047459143091793,101146.50000000048,-464859.09199999983,640965.0,837,10.0
76.25,5.0,10000,228,158.73873784696934,19.6479094624332,298,1917,76.19345828951025,80.77240794288042,0.0565417104897534,0.0007415306293738,-314428.7890832524,7806723.657165102,5564827.162432594,-0.0402766644358758,0.5731,100398.390504,461665.8288417376,0.1639003854442811,101697.12000000013,-457382.2499999997,642688.8700000005,840,10.0
76.25,5.25,10000,289,160.1197797717675,19.257433369280545,295,1917,76.20304282487952,80.91214869426501,0.0469571751204824,0.0006158318048587,-320983.5846288248,8065888.780704776,5574489.294109168,-0.0397951910019738,0.5769,107219.523162,463367.450209868,0.4887657386509598,103215.31500000018,-457196.9999999994,642688.8700000001,839,10.0
76.25,5.5,10000,396,160.5087563019883,20.138553246334784,293,1917,76.24229324506956,81.08533322160503,0.0077067549304388,0.000101072195809,-340014.4220685098,8183590.28240246,5716857.284260348,-0.0415483192993737,0.5785,112995.037446,494377.2618875457,1.285556451864184,101697.12000000013,-457196.9999999993,650042.2499999998,839,10.0
76.25,5.75,10000,504,161.58642124334045,16.23587478893363,291,1917,76.32154389222167,81.32946818472507,0.0715438922216691,0.0009382805537268,-428978.13280383934,8943785.469328867,6122422.275145846,-0.0479638218375143,0.585,102123.379186,510059.6489573706,1.445034388083848,93666.96000000044,-473335.5999999996,640965.0,835,10.0
76.25,6.0,10000,606,160.62494537786392,13.815207780725022,284,1917,76.33410705159461,81.44922312655328,0.0841070515946142,0.0011030432996014,-497460.2181125812,9486721.242730098,6666781.276854085,-0.0524375287714706,0.5908,119847.20139799998,543865.7915856113,1.8567962799070024,95637.06999999985,-470349.7500000001,675589.5740000008,826,10.0
76.25,6.25,10000,719,158.50819912000244,14.36781609195402,278,1917,76.36306808976666,81.63793868323478,0.1130680897666565,0.001482860193661,-493708.26545256254,9653604.48476147,6632454.63350966,-0.051142375496313,0.5756,105961.06429899998,599297.5594625726,2.580073050689352,72940.23999999929,-485168.9900000002,637631.9629999999,819,10.0
76.25,6.5,10000,899,156.1780296800423,11.082542778615124,272,1917,76.40597128783435,81.78736202769149,0.1559712878343475,0.002045525086352,-497497.935891276,9975749.983827142,8327739.671447991,-0.0498707301904947,0.5756,123941.44246599992,620859.4766946152,2.5978480215466013,84878.98499999987,-470016.3000000004,650060.4900000007,817,10.0
76.5,3.5,10000,61,143.18963003849916,14.587466448827168,285,1917,76.17022379849637,80.24835100099567,0.329776201503634,0.0043108000196553,-469782.0587127935,8285527.447595748,5761330.141852839,-0.0566991132048102,0.5939,111973.145398,467277.2280243677,-0.0388326655323323,136504.17000000004,-476462.9999999999,641470.8370000003,809,10.0
76.5,3.75,10000,94,144.32616151813983,15.868985654436964,287,1917,76.18750868391052,80.30655942086673,0.3124913160894778,0.0040848538050912,-425162.9155017028,8275315.947183018,5739171.42644216,-0.0513772426594094,0.5864,104809.78544300004,463271.6101141672,-0.040709420408267,130349.87999999987,-473313.74999999953,639197.0499999998,816,10.0
76.5,4.0,10000,83,147.06539544704648,15.04211793020457,288,1917,76.24021456364889,80.41024341946957,0.2597854363511089,0.0033958880568772,-492734.7532388365,8621533.015524212,5833930.153538251,-0.0571516402421242,0.5929,91621.46666400002,469028.9684234701,-0.1513129030877197,110676.3300000002,-498137.2499999996,634977.0930000006,823,10.0
76.5,4.25,10000,83,149.67603415434297,15.582149090002488,291,1917,76.31813587988411,80.57223446186256,0.1818641201158897,0.0023773087596848,-390479.4382655346,8506775.624625001,5759871.43006328,-0.0459021673423704,0.5787,101503.33242600002,457198.4298539741,-0.1292802392254607,124735.5700000003,-479982.7499999996,639197.0499999998,827,10.0
76.5,4.5,10000,156,156.6904076895826,18.229546448884356,297,1917,76.3779711545903,80.74546153384459,0.1220288454097016,0.0015951483060091,-396056.923676924,8535304.465992402,5841128.179814238,-0.0464022022008648,0.5685,103782.80952700002,456559.91806909017,-0.1073949571595037,110676.3300000002,-467385.75,641002.05,831,10.0
76.5,4.75,10000,183,157.85306536554788,16.99755235246125,294,1917,76.36662840557818,80.84187640319239,0.133371594421817,0.0017434195349257,-472473.4358260327,8707492.982632589,5922480.631081814,-0.054260558896619,0.5905,111731.99905100002,451207.1169874946,-0.0308932708530838,124347.5900000002,-457196.9999999994,644670.0,834,10.0
76.5,5.0,10000,271,159.2798038531068,16.376260972094855,291,1917,76.38268323342552,80.97713058038563,0.1173167665744756,0.0015335525042415,-452236.12559104536,8896949.696395628,6072726.362555589,-0.0508304689835727,0.5852,118181.023321,459015.8116899165,0.6527502708482136,121631.73000000045,-451269.0,644670.0,833,10.0
76.5,5.25,10000,271,159.39896719260562,18.27752595408686,289,1917,76.42480676339947,81.14175268845871,0.0751932366005263,0.000982918125497,-332833.81538638857,8640229.446286865,5800853.923600874,-0.0385214093509315,0.5732,104769.177541,474084.3608198279,0.7887390126247873,101146.50000000048,-456008.54999999993,640965.0,835,10.0
76.5,5.5,10000,419,160.9054922423371,14.464244387873174,287,1917,76.50105564956027,81.3748608092844,0.0010556495602713,1.3799340657142178e-05,-546551.2898251028,9485527.647470638,6755873.8576989975,-0.0576194925720176,0.5972,109987.59909499998,485555.2914669423,0.9570140768531264,104172.63000000035,-467866.545,662305.7999999991,832,10.0
76.5,5.75,10000,454,160.83067582622746,14.763198299279551,281,1917,76.50506351785253,81.48450483968578,0.005063517852534,6.618977585011771e-05,-541009.8286349513,9566565.783399282,6770807.274778575,-0.0565521463902707,0.5894,118889.500755,501990.941952883,1.291100901854771,110676.3300000002,-457816.4000000004,674865.7499999999,823,10.0
76.5,6.0,10000,616,160.3019325075694,12.773349683220928,278,1917,76.51930807861848,81.65748622098404,0.0193080786184793,0.0002523931845552,-572334.2589022125,9905062.1513905,8177766.741170019,-0.0577819957264848,0.5878,109700.21341699998,554706.7731409029,2.161541709819707,92905.43999999994,-473313.74999999953,637630.4999999995,817,10.0
76.5,6.25,10000,713,159.5428906143552,13.148206584621857,276,1917,76.55003039395565,81.79470980568887,0.0500303939556516,0.0006539920778516,-484890.2111042141,9952504.473865105,8287044.408063407,-0.0487204213148074,0.5713,102105.84921599996,575140.1203121891,2.344885853613528,81510.00000000009,-479982.75,636093.2100000003,817,10.0
76.5,6.5,10000,830,156.68128574947465,12.472560367192177,272,1917,76.54882730509419,81.94994597228043,0.0488273050941927,0.0006382654260678,-657697.802797253,10465817.232271591,8749446.17087822,-0.0628424697470567,0.5765,155530.966574,670551.2051353056,2.833358307117103,99664.5,-469979.25,683426.77,810,10.0
76.75,3.5,10000,78,138.7507124616475,13.407701383674784,276,1917,76.39181634551754,80.45969375088168,0.3581836544824597,0.0046668880062861,-632877.9425328852,8781440.095442863,5909374.771269593,-0.0720699493083506,0.6045,110414.03291000004,472895.8993117501,0.1659793705934074,132495.17000000086,-467385.7500000002,640965.0,802,10.0
76.75,3.75,10000,96,142.96878189440426,14.103576667042764,280,1917,76.43960002483612,80.54298659167871,0.3103999751638753,0.0040442993506693,-536274.2232242714,8771418.723887708,5892974.349630193,-0.0611388237302826,0.591,105604.479709,474019.18997719575,0.3206221375721246,114577.12500000023,-467385.75,640965.0,809,10.0
76.75,4.0,10000,96,145.81749168743846,16.642258021568367,285,1917,76.55256384810859,80.72300424077626,0.1974361518914094,0.0025724580050997,-607262.816135209,8886407.48185628,5984255.960933569,-0.0683361434162321,0.5997,106029.370895,464479.7588458177,0.060088360555913,116960.58000000012,-457816.3999999994,640965.0,815,10.0
76.75,4.25,10000,119,154.17834932693006,14.135474386520409,294,1917,76.60323288661719,80.87060878033508,0.1467671133828076,0.0019122750929356,-599381.1238690044,9337118.00213462,6299098.889495295,-0.0641933757002938,0.5914,102026.366877,459579.5839395728,0.0347070038442968,110676.3300000002,-457196.99999999977,636093.2100000005,819,10.0
76.75,4.5,10000,175,155.3433038802926,13.39620619440574,292,1917,76.60343535644455,80.9665469870034,0.1465646435554504,0.0019096370495824,-636343.5170426692,9305241.658395752,6306421.85072803,-0.0683854907162482,0.591,110861.028639,450815.4554862341,0.0127617228346685,114669.75000000048,-450527.99999999953,637645.129999999,822,10.0
76.75,4.75,10000,195,156.71721890733613,12.961426793861468,289,1917,76.63142782846069,81.101406428792,0.1185721715393128,0.0015449142871571,-587077.500826781,9559663.31888714,7152733.9859354,-0.0614119432079668,0.5958,114568.137639,448620.6021031748,0.324622565176668,110676.3300000002,-451269.0,650060.4900000007,821,10.0
76.75,5.0,10000,226,157.63922549003655,13.9821029082774,288,1917,76.65020700469134,81.22943642324964,0.0997929953086611,0.0013002344665623,-532225.1862756202,9328208.795393595,6397966.862074893,-0.0570554538335849,0.5899,105706.052968,450069.6346489393,0.2936492053340506,101146.50000000048,-451268.9999999999,635407.5,823,10.0
76.75,5.25,10000,304,159.30578423348453,14.002464433740334,286,1917,76.72964226147276,81.45295781946228,0.0203577385272382,0.000265247407521,-627328.2938174804,9678599.430496307,8150263.659997926,-0.064816019954378,0.593,107124.07592099998,466124.45295578585,0.5334357042386888,107630.25000000048,-455294.53000000026,649090.54,823,10.0
76.75,5.5,10000,412,160.5743472438419,13.940002230400356,282,1917,76.74000079638635,81.56422344197132,0.0099992036136455,0.0001302827832396,-652108.435099663,9704849.469841393,8238154.129854968,-0.0671940803539656,0.5961,113743.030548,484062.3353165762,0.8407217192182362,114855.0,-457196.9999999993,653932.5,816,10.0
76.75,5.75,10000,505,162.18441296368044,14.129083305075165,282,1917,76.78137383981169,81.76731722668423,0.0313738398116925,0.0004087796718135,-691395.8271879716,9875319.445640022,8406072.23751366,-0.0700125024809424,0.5964,102130.451708,530195.988610224,2.099056766479258,82991.99999999907,-457816.4000000004,634666.4999999991,813,10.0
76.75,6.0,10000,652,162.97413118296527,14.590871950507765,281,1917,76.776832368828,81.87463318053032,0.0268323688279963,0.0003496074114396,-758108.2151974867,10022801.12651799,8531288.510020677,-0.0756383575437518,0.5924,108202.16067799996,554153.4976524552,2.2536675014255696,82991.9999999993,-457196.99999999953,639197.0499999999,816,10.0
76.75,6.25,10000,733,161.13765352973027,14.735353059059294,277,1917,76.7794585727847,82.02875093238266,0.0294585727847049,0.0003838250525694,-734966.1685175983,10337331.787415797,8803014.994484501,-0.0710982469782302,0.5844,131482.19516499998,621807.2754382882,2.6711500579781253,87877.4700000002,-457816.4000000004,665232.75,810,10.0
76.75,6.5,10000,892,159.59852716010525,11.886648915937617,274,1917,76.8587661588803,82.281700993786,0.1087661588803001,0.0014171486499061,-901559.1645085792,10628289.564856067,9042240.600216616,-0.0848263644876322,0.5898,156956.92584599997,667957.1830348107,2.9102695001945547,96330.00000000092,-449046.0000000001,685795.4999999995,806,10.0
77.0,3.5,10000,93,137.34194208841942,14.357914082242129,269,1917,76.57122283991808,80.63469128270818,0.4287771600819212,0.0055685345465184,-600078.2230288244,8662675.337371811,5841200.700196937,-0.0692716972134481,0.5967,103384.11443900004,466906.5959393782,-0.1794395030846589,128934.0,-479982.75,640965.0,803,10.0
77.0,3.75,10000,86,141.32112748764507,14.56536937776742,277,1917,76.65983795141591,80.77716039871999,0.3401620485840908,0.0044176889426505,-628095.2906090758,9060622.13423694,6101915.431911985,-0.069321430835938,0.5917,99093.59223700002,465615.9757967872,-0.2181143176364677,114669.75000000048,-473869.50000000047,639373.8450000014,809,10.0
77.0,4.0,10000,142,148.8359885183222,14.59087195050776,287,1917,76.71810629273793,80.91781268706202,0.2818937072620713,0.0036609572371697,-649152.3839789247,9447831.268287674,6421390.832293092,-0.068709142399468,0.5902,114352.451064,464980.8953509689,0.2531016097424166,130349.87999999987,-451357.35000000015,641335.4999999995,813,10.0
77.0,4.25,10000,169,149.42038118775977,13.031693077564633,285,1917,76.73284216908934,81.01623249369958,0.2671578309106621,0.0034695822196189,-700043.3865155845,9517291.55655833,7063009.398084633,-0.0735548955661852,0.6005,110349.20698100002,458991.1155458736,-0.030969658278798,114855.0,-451269.0,640965.0,816,10.0
77.0,4.5,10000,196,150.21075483343003,13.379000321096006,282,1917,76.77493925981759,81.15143549844075,0.225060740182414,0.0029228667556157,-709926.4091442982,9502398.606965134,6844254.392956684,-0.0747102324905557,0.6015,119369.70865500002,459002.5324111614,0.449970008254847,128934.0,-451269.0,650060.4900000007,816,10.0
77.0,4.75,10000,238,151.35219635409314,14.770176060498637,282,1917,76.80408238298646,81.28076975495179,0.195917617013535,0.0025443846365394,-615781.6880434527,9274318.960998692,6309277.141255693,-0.0663964319787793,0.5955,112418.5559,457573.77531872137,0.4123092396137742,110676.3300000002,-451268.9999999999,636093.2100000002,819,10.0
77.0,5.0,10000,277,154.34966969755604,13.640331732867743,284,1917,76.91700829599732,81.52857186730559,0.0829917040026799,0.0010778143376971,-724733.220742939,9789928.67575642,8455386.391250506,-0.0740284474735401,0.6091,115029.01416,458745.5490648644,0.3089705284671611,128934.0,-451269.0,640965.0,819,10.0
77.0,5.25,10000,323,158.21242019015654,13.95868230039084,286,1917,76.89038368450662,81.59842965688861,0.1096163154933833,0.001423588512901,-778585.9031861014,9833701.17525658,8507635.923536243,-0.0791752656817728,0.6062,116556.18105499996,473754.1372512268,0.6939274507363988,123932.2500000014,-452156.775,650044.0740000003,813,10.0
77.0,5.5,10000,446,160.64516967311425,12.927913951804737,286,1917,76.93719591172339,81.80094620756698,0.0628040882766072,0.0008156375100858,-775978.7184479658,9927905.726871178,8580429.349032296,-0.078161370564557,0.6069,100698.737754,506906.690233538,1.466280152744604,100035.0,-469979.25,636093.2100000004,813,10.0
77.0,5.75,10000,510,162.70861813709945,15.142337976983644,286,1917,76.92614366221204,81.89873454423866,0.0738563377879586,0.0009591732180254,-707078.4904178614,9851354.65196238,8458808.321165722,-0.0717747472706215,0.5887,113824.79157599996,516298.7385349012,1.6727821814414237,102258.00000000048,-451269.0,640965.0,816,10.0
77.0,6.0,10000,629,163.0145230143364,15.16438189979376,284,1917,76.95286259406805,82.08149094733021,0.0471374059319487,0.0006121741030123,-748494.0506047277,10254987.45046839,8707537.43752591,-0.0729882951315109,0.5844,131527.339735,609299.2216920576,2.549790166256381,100035.0,-473313.74999999953,653932.5,810,10.0
77.0,6.25,10000,748,163.73452840958575,14.186811939620927,284,1917,77.02019211562563,82.3383360365951,0.0201921156256332,0.0002622352678653,-995023.5978931764,10473897.031192224,8907198.893034853,-0.0950003227003191,0.6059,133162.85181199998,632071.207910943,2.9305763136975247,79923.87999999989,-455876.5000000001,650060.4900000007,808,10.0
77.0,6.5,10000,939,156.14961343533133,13.283740701381507,271,1917,77.15724567284283,82.67442790544126,0.1572456728428335,0.0020421515953614,-1032626.1487598948,10973962.301277785,9478981.7259705,-0.0940978399971046,0.5931,168600.29371099998,761208.448157851,2.921539675274653,82991.99999999895,-473335.5999999996,685795.4999999995,807,10.0
77.25,3.5,10000,101,137.9974209939889,14.475969889982622,267,1917,76.79646055515727,80.86668959905161,0.4535394448427325,0.0058710607746632,-619213.6479201741,9168422.09321331,6177509.152913102,-0.0675376462410616,0.5912,108625.85587100002,471400.11293866544,0.3775255144902932,123191.24999999936,-467385.75,634929.2699999996,803,10.0
77.25,3.75,10000,117,144.98908443037234,13.367554272270343,277,1917,76.85728430237995,81.00172867882279,0.3927156976200479,0.0050836983510685,-689758.8685815681,9774992.978479557,8268474.957743952,-0.0705636178051614,0.5894,100790.33000900004,482200.2345200598,0.3035389082169222,112261.49999999942,-498137.24999999953,634929.2699999996,807,10.0
77.25,4.0,10000,150,145.0674054339762,13.640331732867738,275,1917,76.88456250624962,81.10255777524385,0.3654374937503775,0.0047305824433705,-744507.2966991452,9743889.29202072,7523409.844934642,-0.07640761038909,0.6004,115823.15444300004,457078.1095326022,0.3759349170716004,114855.0,-441821.25,631146.7500000002,810,10.0
77.25,4.25,10000,167,146.8160243250953,13.42930812204555,274,1917,76.93191399235373,81.22552989318669,0.3180860076462721,0.0041176182219582,-652629.8167773532,9653505.79715664,7318061.875205826,-0.0676054720938355,0.6,116469.35436100002,437467.8934940771,0.1991283574122141,111705.74999999908,-424778.2499999994,631146.7500000005,812,10.0
77.25,4.5,10000,189,147.47739101980994,13.626948653657472,274,1917,76.9742074596812,81.3527375260736,0.2757925403188039,0.0035701299717644,-732178.0966782292,9700577.02802748,8328548.186399685,-0.0754777880287715,0.5985,106563.685969,455773.9060006501,0.3987833880850415,101697.12000000013,-451269.0,631146.75,815,10.0
77.25,4.75,10000,252,150.4178200144783,14.098804421385063,277,1917,77.0924864349849,81.59188045981792,0.157513565015094,0.0020390105503572,-721457.7224634109,10001780.746420449,8577185.679670118,-0.0721329272011501,0.5958,115827.548288,462793.2639056419,0.6439474434228443,118139.91000000016,-451269.0,635631.2630000009,816,10.0
77.25,5.0,10000,245,154.09683727872743,14.253135689851767,279,1917,77.07150971073847,81.65555368575119,0.1784902892615321,0.0023105539062981,-771443.0292585259,9879846.967030812,8529556.354795247,-0.0780824876977186,0.6101,106734.74226600002,462562.94131419295,0.4740659581610149,110676.3300000002,-467631.80000000086,637645.129999999,811,10.0
77.25,5.25,10000,333,157.418231847941,14.592575297688535,280,1917,77.13618037551844,81.86962784310403,0.1138196244815645,0.0014733931971723,-788617.2000912196,10025938.976733591,8645119.68866117,-0.0786576900100131,0.5955,94480.24398,502404.3534955185,1.6877463659206249,82991.99999999884,-457215.5249999997,628368.0,812,10.0
77.25,5.5,10000,414,162.49458850636353,14.34308663224326,284,1917,77.13173685666717,81.97513571318153,0.1182631433328254,0.0015309144768003,-800669.1168246854,10114365.382845685,8736187.383788278,-0.0791615772733154,0.5992,91231.40268699997,510378.4971010519,1.6766715102962528,78731.25,-469979.25,631146.75,816,10.0
77.25,5.75,10000,506,163.67393006108065,16.758278589623274,282,1917,77.16461637564507,82.15769997932128,0.0853836243549324,0.0011052896356625,-772741.4341297521,10367605.449906942,8958619.458196055,-0.0745342246928087,0.5887,122095.56010899995,565029.3572067814,2.4781781853547518,88265.44999999925,-450528.0,634140.2000000012,811,10.0
77.25,6.0,10000,617,165.10522064089537,16.352694924123497,282,1917,77.22795910603874,82.40473480189264,0.022040893961261,0.0002853190156797,-882375.855191615,10296094.83945145,8773728.200517075,-0.0857000512282213,0.6019,112560.240781,578659.326162467,2.771067210978526,73359.0,-450342.7500000004,623180.9999999998,809,10.0
77.25,6.25,10000,750,159.82010116434662,13.707643381949772,273,1917,77.32380360431407,82.69282740254118,0.0738036043140653,0.0009553864636124,-982833.1697111184,10823451.973452857,9265380.640526028,-0.0908058881881451,0.5956,153601.691412,704387.6473822074,2.936065779938353,82436.25000000032,-473313.74999999953,681905.2499999995,808,10.0
77.25,6.5,10000,886,155.86692981994597,12.808689414899067,266,1917,77.38650558637184,82.90998038199739,0.1365055863718396,0.0017670626067552,-1119398.9016393153,11004699.492303906,9543858.686903266,-0.1017200789919036,0.6015,169221.777992,780417.4781444117,2.903949110137903,79653.3200000003,-473869.50000000047,693020.2499999995,797,10.0
77.5,3.5,10000,132,142.41755208992006,13.271047881940754,271,1917,76.9121538488527,81.01749839280747,0.5878461511473034,0.0075851116277071,-743466.1450949314,9597790.598503295,7354039.85609097,-0.0774622177327842,0.5948,109381.52341500005,469021.3846772438,0.1804992059666696,121488.65999999992,-469979.25,640965.0,798,10.0
77.5,3.75,10000,181,142.73485444672886,12.736906460158956,270,1917,76.97479832274455,81.14027994511635,0.5252016772554526,0.0067767958355542,-796737.1218726691,9922637.814398983,8564281.186522251,-0.0802948910134061,0.6018,107234.51496,455092.8768769993,0.1052891928425112,110676.3300000002,-451269.0000000002,639373.8450000014,802,10.0
77.5,4.0,10000,156,144.10656898965996,12.954710332676964,269,1917,77.03093781702266,81.26328371271954,0.4690621829773391,0.0060524152642237,-789230.1158126018,9856418.412264088,8454169.788275285,-0.0800727082395957,0.6002,107771.00213300002,447311.9547040141,0.278804474525763,104172.63000000035,-451268.9999999999,634666.5,804,10.0
77.5,4.25,10000,169,144.01596367893902,12.915891713163877,269,1917,77.08657990078007,81.38560265087328,0.4134200992199339,0.0053344528931604,-666182.293421834,9817447.5672149,8405138.816461168,-0.067856974927631,0.5965,107087.555489,444138.3857959249,0.3100109918270649,101697.12000000013,-450527.99999999953,631146.7500000001,808,10.0
77.5,4.5,10000,186,146.37206319784636,13.525210993291498,272,1917,77.21288883205578,81.61554066364963,0.287111167944218,0.0037046602315382,-812833.1391500271,10070142.67354094,8798068.398133337,-0.08071714229886,0.6062,96553.161327,450043.9771914624,0.1060342549850213,101697.12000000013,-473313.7499999997,628368.0,809,10.0
77.5,4.75,10000,243,151.04593919001425,14.34967282745953,276,1917,77.2169420876741,81.69793468310952,0.2830579123259014,0.0036523601590438,-845568.5650596606,9924264.013344768,8664882.527419431,-0.0852021433451042,0.6101,104018.831251,458551.1961292389,0.3681173284412539,101697.12000000013,-457196.9999999997,635407.5,804,10.0
77.5,5.0,10000,284,154.29811938884563,14.652444027663808,277,1917,77.29106611174475,81.90754161221255,0.2089338882552454,0.0026959211387773,-784447.2031323041,10077451.800833162,8689446.488250233,-0.0778418213885626,0.5965,81278.138269,475849.85677294846,1.1868702593886364,79729.89000000013,-473313.7499999994,614103.7499999991,806,10.0
77.5,5.25,10000,322,159.2937967026649,15.560811651935758,281,1917,77.2913419019787,82.00535713537984,0.2086580980213028,0.0026923625551135,-780300.9979297126,10054283.282802466,8710211.219099771,-0.0776088136749034,0.5929,84931.63124499998,480058.4140548768,1.2454725101341748,79015.3949999999,-470646.1500000005,615956.25,811,10.0
77.5,5.5,10000,395,161.38878120395145,16.57824933687003,280,1917,77.36571756096045,82.22573912659112,0.134282439039552,0.0017326766327684,-769942.0252952421,10137821.921924133,8867177.546946865,-0.075947479766848,0.581,86231.57503099997,523184.2252174144,1.8907664449833472,75203.23499999987,-479982.74999999953,621737.9500000002,807,10.0
77.5,5.75,10000,487,163.7776707832055,16.82368775235532,281,1917,77.4289269100283,82.46097085741657,0.0710730899717049,0.0009170721286671,-884420.3633267165,10364488.348072471,9007219.04223038,-0.0853317919442879,0.596,103954.52613099998,567125.9152346395,2.6470227461066105,73359.0,-461890.1900000004,614474.2500000005,805,10.0
77.5,6.0,10000,586,160.3838313997934,16.778523489932887,275,1917,77.57828777377131,82.79637797161499,0.0782877737713079,0.0010101648228555,-1040615.1504114174,10717540.920395236,9353428.4479847,-0.0970945815034072,0.5936,128680.013586,666951.9680523857,2.993748808714003,65578.50000000093,-480353.2500000004,650060.4900000007,805,10.0
77.5,6.25,10000,673,158.5101541700183,15.945911468299528,270,1917,77.62565237544563,82.9947870865205,0.1256523754456253,0.0016213209734919,-1129382.1560315574,10768185.517684482,9421908.337757112,-0.104881379892349,0.5988,118477.11162599995,691755.4879703406,3.0007281038892253,59835.75000000029,-500494.2000000002,631146.75,796,10.0
77.5,6.5,10000,831,152.2772239346249,14.082920234339792,260,1917,77.82932759962608,83.39865747312282,0.3293275996260831,0.004249388382272,-1404892.8252367412,11265521.619567389,10322433.058037918,-0.1247073036366594,0.598,164194.321505,798790.6349520668,2.929702453608059,54278.25,-500494.2000000002,685795.4999999998,789,10.0
77.75,3.5,10000,156,136.84392325509452,12.841586192726524,254,1917,77.118965636078,81.2304841410879,0.631034363921998,0.0081161976067138,-826009.973797009,9892168.57631267,8576068.175431233,-0.0835014049169091,0.6052,103662.234482,461877.545220234,0.0183449539893497,109022.37999999987,-473313.74999999953,635407.5,795,10.0
77.75,3.75,10000,174,138.3563415066164,12.704543144628518,255,1917,77.20775819829787,81.3729465635884,0.5422418017021329,0.0069741710829856,-752132.3860363722,9938866.254263,8460628.905907862,-0.0756758735649316,0.6036,110859.424146,440869.678508785,-0.050142089774767,110676.3300000002,-451268.9999999999,631934.9460000017,798,10.0
77.75,4.0,10000,153,137.6461456450892,12.770739681242338,255,1917,77.27793806676013,81.49714747973732,0.4720619332398712,0.0060715361188407,-756879.6765080367,9994910.07780751,8689026.907102166,-0.0757265118561293,0.5982,95063.663737,453881.826639712,-0.0030394713847974,99664.50000000006,-469979.24999999977,631146.7500000003,802,10.0
77.75,4.25,10000,208,140.14118136953974,14.267777650953086,260,1917,77.38721684217806,81.69094584243553,0.3627831578219371,0.0046660213224686,-791339.7495098283,10054790.076422224,8836671.710525224,-0.0787027619169757,0.6037,93414.474719,446012.7132420972,-0.071006617115091,101697.12000000013,-469979.25,631146.75,803,10.0
77.75,4.5,10000,222,144.1681704663797,13.749862501374986,264,1917,77.39948733687484,81.76826230752867,0.3505126631251585,0.0045082014549859,-728542.0239574778,10005586.669955272,8705237.636177003,-0.0728135238831262,0.5916,93219.711495,444325.27443156985,0.0127596951338425,91050.375,-473313.74999999953,634666.5,799,10.0
77.75,4.75,10000,249,147.02441572481857,14.06548891639473,266,1917,77.48484761358783,81.97485734637783,0.2651523864121685,0.0034103200824716,-737196.2787316336,10086052.5795033,8837226.512995686,-0.0730906638569137,0.5848,73678.93953699998,452248.7646020768,0.4693494056022452,75396.75,-473335.60000000056,612426.4300000006,804,10.0
77.75,5.0,10000,280,151.8421963711533,13.520822065981612,270,1917,77.49065439821781,82.06963391719074,0.2593456017821864,0.0033356347496101,-700519.1659739699,10125991.030266788,8829110.413004931,-0.069180306784798,0.5838,75191.350006,451959.02595659054,0.4571310941554647,73173.75,-473313.74999999953,614103.75,809,10.0
77.75,5.25,10000,304,154.3307008822189,15.394088669950742,271,1917,77.57175767130802,82.28894431371181,0.1782423286919794,0.0022925058352666,-737615.1296052224,10204511.690309417,8946009.840385003,-0.0722832362773114,0.5732,88235.03546499998,508925.8401057508,1.883665216270118,73056.99499999965,-473313.74999999953,623180.9999999993,806,10.0
77.75,5.5,10000,407,158.0174070472859,15.243902439024383,274,1917,77.6256945888432,82.51014175063027,0.1243054111567971,0.0015987834232385,-756450.7434254483,10253772.625224805,8910837.797713669,-0.0737729195949343,0.5769,79090.60902699997,510296.6282863263,2.083002740634674,60350.45999999961,-473313.74999999953,606879.0,804,10.0
77.75,5.75,10000,458,156.95724741620495,16.34627958676605,272,1917,77.76015419004564,82.82365380360952,0.0101541900456396,0.0001306005150564,-985770.966682965,10592741.63847872,9181331.23624707,-0.0930609846181934,0.5909,102161.224317,602618.886131006,2.8917570855232184,59835.75000000055,-480353.2500000002,630348.1800000004,805,10.0
77.75,6.0,10000,643,156.42634144697,14.819205690574982,269,1917,77.82636684177812,83.03945532025865,0.0763668417781247,0.0009822101836414,-978794.605864483,10735898.606229104,9326169.110710105,-0.0911702542809573,0.58,105624.354887,653430.0190528361,3.0046654469574414,57798.00000000047,-500494.2000000002,621737.9500000004,796,10.0
77.75,6.25,10000,710,153.57168688628886,13.742304309586627,263,1917,77.96072868517898,83.37832394553404,0.210728685178978,0.0027103367868678,-1220946.3161340435,11033036.989929272,10017833.334101388,-0.1106627592428538,0.584,131212.66219099998,704391.0708138265,3.164018031027354,51283.18500000029,-480186.5249999996,631146.75,790,10.0
77.75,6.5,10000,842,149.9186375751229,14.991604701367228,259,1917,77.96409069576274,83.53808426088254,0.2140906957627351,0.0027535780805496,-1292091.7991163796,11090336.81070915,10089265.916703817,-0.1165060918500417,0.5819,136588.048483,735321.3035852476,3.052052009828316,51019.36999999918,-476463.0000000002,650042.25,783,10.0
78.0,3.5,10000,173,131.71349246699884,12.660792059151222,240,1917,77.35227371178695,81.50245194958508,0.6477262882130503,0.0083041831822185,-692627.7365300792,9864550.549961455,8564042.543004433,-0.070213815928267,0.5965,118156.840748,446928.8167474244,0.0824303143318272,123191.24999999952,-451268.9999999998,635407.5,791,10.0
78.0,3.75,10000,189,131.68656876024104,12.055164432442858,241,1917,77.40916333450693,81.60291813933901,0.5908366654930717,0.0075748290447829,-743541.9439730246,9911851.330580916,8538749.003740467,-0.0750154455685774,0.6041,105164.62684,441644.2786368485,-0.1868105355154357,111705.74999999908,-457196.9999999995,631146.75,795,10.0
78.0,4.0,10000,149,136.59586013974928,13.083525225036633,250,1917,77.44293231793804,81.6996864526129,0.5570676820619553,0.0071418933597686,-753175.1803140375,10083557.955639064,8764512.451261874,-0.0746933952903832,0.5959,93444.801417,438525.6254068614,-0.1800139632716859,101697.12000000013,-469979.25,618616.6300000009,797,10.0
78.0,4.25,10000,192,139.82592983801683,13.647778141718526,254,1917,77.46297600306983,81.7673900266858,0.5370239969301736,0.0068849230375663,-770013.8325775772,10082760.295771072,8827291.383114798,-0.0763693482726687,0.5971,82406.291427,439774.2728232928,-0.0556976300634925,82991.99999999884,-469979.25,621328.5000000002,794,10.0
78.0,4.5,10000,204,142.40723539247094,14.697236919459138,256,1917,77.5558766102622,81.97064173578605,0.4441233897377969,0.005693889612023,-795611.2195515059,10106793.820305802,8917966.043727912,-0.078720436341842,0.5929,84162.558365,451864.8322552603,0.4885161818347307,82251.76000000071,-473313.7499999996,615956.25,801,10.0
78.0,4.75,10000,245,146.9422655578329,13.952450050228816,261,1917,77.56490345354824,82.05468534832676,0.43509654645176,0.0055781608519456,-739596.3168099181,10110623.746563416,8841915.163640806,-0.0731504143907348,0.5883,62485.269524,444977.957735282,0.2826227128289082,65578.50000000093,-480167.9999999996,597806.196,806,10.0
78.0,5.0,10000,277,150.29411994613602,14.861490904767564,265,1917,77.666711611069,82.28525574700572,0.3332883889309954,0.0042729280632178,-724509.4243915596,10210399.350870293,8944841.45715647,-0.0709579909163695,0.5774,76148.51576099999,489005.9458837712,1.3274571235159398,66385.62,-489294.4600000004,615956.25,804,10.0
78.0,5.25,10000,353,153.9585129697889,15.652391685449537,268,1917,77.72469979865761,82.49799083722141,0.2753002013423895,0.0035294897607998,-785045.3914185894,10298356.760702267,9011037.917022254,-0.0762301607586816,0.5744,78725.73676999997,494784.3655632703,2.0242629102733285,59835.75000000047,-461890.1900000004,612426.4300000006,802,10.0
78.0,5.5,10000,380,153.01149137885602,16.853175138196036,266,1917,77.86832712498239,82.80736393373328,0.1316728750176139,0.0016881137822771,-850255.8878106367,10502451.015231607,9204021.859663108,-0.0809578532265962,0.5753,89135.12193299999,584903.5008383112,2.7513536406845,52425.75,-487948.5,621737.9500000002,803,10.0
78.0,5.75,10000,489,154.33600492496444,15.195720884998783,266,1917,77.9222508489278,83.00612754454106,0.0777491510721972,0.000996783988105,-949558.6477546488,10715498.04290656,9453799.304536251,-0.0886154468931322,0.5797,89714.02426899999,607153.6525769397,2.857978780866664,51213.35999999987,-500494.2000000002,615956.25,795,10.0
78.0,6.0,10000,596,152.4429739134257,16.20850622406639,261,1917,78.0588298775075,83.33949797738347,0.058829877507506,0.0007542291988141,-1165878.2509288825,10968092.809629086,9943599.38048877,-0.1062972634499716,0.5839,126213.85228899996,669951.3695506669,3.2458997753678545,59835.75000000064,-473335.60000000056,631146.7499999998,789,10.0
78.0,6.25,10000,669,149.99113164312706,14.789398958826313,258,1917,78.06102110033986,83.49609764016347,0.0610211003398575,0.0007823217992289,-1150099.3009584998,11010756.91385735,10041924.54162642,-0.1044523378325669,0.5746,127383.08620199998,698229.517361667,3.0923933184272427,57242.24999999907,-480427.35000000027,634666.4999999992,782,10.0
78.0,6.5,10000,783,145.5967232022244,14.397604238654685,252,1917,78.10620691038828,83.72839452842578,0.1062069103882805,0.00136162705626,-1408301.2649576897,11147328.710801711,10121535.77028975,-0.1263353132838948,0.5883,138184.55794899998,763591.3524051916,2.8119450387614564,33715.50000000064,-473335.5999999996,670605.0,771,10.0
78.25,3.5,10000,195,131.32381948143205,13.662695376543883,237,1917,77.470248296837,81.64260781923919,0.7797517031630008,0.0099648779956933,-754647.2320817955,9976273.556373062,8684165.972519357,-0.075644199992863,0.5982,94756.221716,451476.1670041369,0.2253628347988578,101697.12000000013,-469979.2500000002,628367.9999999998,787,10.0
78.25,3.75,10000,169,135.9423847790096,14.356265074078326,247,1917,77.5116869514855,81.73603435426602,0.7383130485144989,0.0094353105241469,-852916.7188374933,10078817.09098284,8834461.763629533,-0.0846246847361252,0.6023,101558.535653,441267.6947255574,0.1252493587351584,101697.12000000013,-451269.0,631146.75,790,10.0
78.25,4.0,10000,174,138.5422702297152,14.366164808642685,251,1917,77.53660333839858,81.7945759902037,0.713396661601422,0.0091168902441076,-904246.1852195984,10220105.046414936,8993734.251010861,-0.0884771909009677,0.6042,102290.606793,441128.9035845879,-0.013424773929163,104172.63000000035,-457196.9999999995,631146.75,788,10.0
78.25,4.25,10000,157,140.62026449979084,15.30362389813908,253,1917,77.63591550564351,81.98998628496825,0.61408449435649,0.007847725167495,-744070.2831989351,10121167.251336828,8917866.008837989,-0.0735162521003352,0.586,81797.827219,455934.8968237185,0.7435931393001524,79535.90000000037,-473313.74999999953,615956.25,795,10.0
78.25,4.5,10000,208,144.86897105046225,14.757969303423849,259,1917,77.64846518742115,82.06535919994677,0.6015348125788478,0.007687345847653,-735368.5556594447,10084772.773540128,8845320.196872551,-0.0729187034921465,0.5834,72604.757304,450279.0627240189,0.6723585870096126,70612.3600000008,-470349.7500000001,614103.75,801,10.0
78.25,4.75,10000,254,148.23375396274074,15.361927000122892,263,1917,77.75313107908131,82.28983271421335,0.4968689209186863,0.0063497625676509,-744722.3686526825,10163772.22538663,8953623.150230829,-0.0732722410674008,0.5749,81885.54231499998,470959.9897905513,1.095651828286213,78371.96000000043,-473335.5999999996,615956.25,799,10.0
78.25,5.0,10000,261,151.7517799731853,13.947779513501448,266,1917,77.81345118564761,82.4901703451404,0.4365488143523919,0.005578898585973,-865217.9897965244,10343286.951862969,9054743.902865767,-0.0836501968690607,0.5824,79910.06316199999,479883.9087392338,1.7234047141199913,65275.83000000019,-469979.25,605396.9999999995,798,10.0
78.25,5.25,10000,332,150.5733001713921,14.262893655864904,264,1917,77.96275488843362,82.7887397939699,0.2872451115663779,0.0036708640455767,-901091.96276895,10481035.950608198,9234423.924076902,-0.0859735590084166,0.5822,88630.27868999999,534692.967940297,2.405498274509148,63540.75,-473335.60000000056,615956.25,799,10.0
78.25,5.5,10000,362,152.1966118505325,14.101985559566783,265,1917,78.01758499885321,82.98274025100974,0.2324150011467907,0.0029701597590644,-922405.9746397572,10509112.268174652,9338888.905374266,-0.0877720164274134,0.5842,91958.518551,562041.792293527,2.7636604905128737,65208.0,-476463.0,615956.25,792,10.0
78.25,5.75,10000,464,151.886204990764,16.037977931742365,263,1917,78.14577742630065,83.30159323233431,0.1042225736993458,0.001331917874752,-970099.5469000392,10757355.66719046,9714223.986158025,-0.0901801127445109,0.5612,101930.52770399998,602116.5313414717,3.141570949245136,51213.360000000335,-473335.5999999996,614474.2500000005,787,10.0
78.25,6.0,10000,584,150.7509438828286,15.085686700458602,262,1917,78.15126199341172,83.46064565526575,0.0987380065882774,0.0012618275602335,-1175111.908805948,10950758.907216355,9934059.465424333,-0.1073087188534093,0.5759,117829.47380699996,651276.3040398856,3.162738851361269,57615.0299999998,-473335.5999999996,623180.9999999995,780,10.0
78.25,6.25,10000,707,146.7414356493605,14.551804423748544,256,1917,78.20051209587426,83.69319692697147,0.0494879041257405,0.0006324332795621,-1364530.2276171283,11043441.160099346,10059259.411527395,-0.1235602388635222,0.59,127595.83095,692439.1440184083,2.76089801955802,43348.5,-473335.5999999996,634666.4999999992,771,10.0
78.25,6.5,10000,779,145.3765587456606,13.29504360774303,250,1917,78.2740167560979,83.90105493076261,0.0240167560978932,0.000306923400612,-1519220.4322484375,11171229.092727128,10242425.166741332,-0.13599402712433,0.5987,150359.48374099997,771153.1329234021,2.8661272209001423,52425.75000000093,-498137.25,685795.4999999994,762,10.0
78.5,3.5,10000,139,132.49182453950058,12.439048661558363,238,1917,77.57013605569706,81.75005344653404,0.9298639443029372,0.0118454005643686,-863425.2918751248,10199761.430244744,9011992.981813086,-0.0846515183497195,0.6017,102594.92023600002,430470.76505173417,-0.4426880513260787,104172.63000000035,-469979.25,631146.7499999998,779,10.0
78.5,3.75,10000,176,134.89987700794015,13.084894797445829,243,1917,77.59730878909917,81.8058948736617,0.9026912109008264,0.011499251094278,-756073.907262997,10107522.236339962,8900142.537004208,-0.0748030911616158,0.5945,96144.687851,429955.388266418,-0.4451894455724354,101146.50000000048,-457196.99999999977,628368.0,778,10.0
78.5,4.0,10000,165,136.30325094624988,14.14667270258035,245,1917,77.70720766503065,81.99726784091378,0.7927923349693486,0.0100992654136222,-782342.1816810729,10226395.042867845,9042567.839682702,-0.076502245258626,0.5789,71945.23323700001,442487.92229823605,-0.0389768911823276,79535.90000000037,-485944.94999999925,614103.7499999991,786,10.0
78.5,4.25,10000,155,140.04755223148837,14.599392665265128,251,1917,77.72526505715565,82.06537858258918,0.7747349428443471,0.0098692349406923,-753443.43296236,10128045.489346268,8968655.669366743,-0.0743917899810886,0.585,82181.716025,444572.08593695937,0.4096644401764214,82251.76000000071,-473313.74999999953,623180.9999999995,792,10.0
78.5,4.5,10000,192,142.7611403949942,12.853470437017991,255,1917,77.84186091390924,82.28421868168968,0.6581390860907561,0.00838393740243,-738045.5317716162,10267091.856890548,9030822.100384662,-0.0718845747227139,0.5686,79399.307841,456922.48846226005,0.7144507296304744,75396.75,-476856.3000000003,614103.75,790,10.0
78.5,4.75,10000,215,145.94921741926132,14.893363517216724,258,1917,77.91020961886815,82.4770073231944,0.5897903811318486,0.007513253262826,-753209.7892192958,10240892.344848417,8992905.024770271,-0.0735492341737378,0.5782,78582.84255799999,465112.7158300994,1.320778569814919,73173.75,-470349.75,606808.5480000005,791,10.0
78.5,5.0,10000,231,145.07659422931752,14.329932362719246,257,1917,78.06683806149285,82.76828790380526,0.4331619385071548,0.0055179864777981,-848833.1886316307,10381102.24379685,9143573.978647329,-0.0817671542671535,0.5788,86225.39005599999,507922.16967122,1.8738433058283857,75396.75,-487948.5,615956.25,793,10.0
78.5,5.25,10000,271,146.46303188931952,16.348417473188597,258,1917,78.13406974633827,82.96039706835543,0.3659302536617304,0.00466153189378,-824464.7794446321,10329898.30769004,9069185.38320146,-0.0798134458720531,0.5689,86320.83186299998,516860.0197258533,2.241448071388138,73173.75,-473335.5999999996,614103.75,787,10.0
78.5,5.5,10000,356,146.3456358453094,16.70676289762096,257,1917,78.27645008645588,83.28129778988882,0.2235499135441188,0.0028477695992881,-895846.1644960148,10568832.992123451,9523287.773224276,-0.0847630164242026,0.5598,97550.036455,541029.6689952451,2.635801650786304,65578.5000000007,-473335.60000000056,614103.7499999992,782,10.0
78.5,5.75,10000,427,145.71619103264467,15.56468683850081,256,1917,78.29500269428628,83.44895433537371,0.204997305713718,0.0026114306460346,-1030549.5484484142,10672553.563166644,9601148.25816924,-0.096560728634342,0.5674,94026.526336,577393.1851454136,2.8814249616720784,59835.7500000007,-473869.50000000047,614103.75,776,10.0
78.5,6.0,10000,524,142.22980617470412,14.97723460340283,250,1917,78.36043032621997,83.69032723876748,0.1395696737800307,0.001777957627771,-1188263.2849092488,10905947.153323265,9929232.903533068,-0.1089555329953309,0.5683,124781.18151399998,646814.8852329073,2.9912512346341065,55267.67499999981,-461890.1900000004,634666.4999999991,768,10.0
78.5,6.25,10000,610,142.72803236050098,15.551132122418508,246,1917,78.39292596386684,83.85635763525974,0.1070740361331559,0.0013640004602949,-1471196.9249508046,10987401.492664289,10178369.82917888,-0.1338985315074766,0.583,122357.43019299998,683323.2177426481,2.820280112702634,43348.5,-481094.25,634929.2699999997,761,10.0
78.5,6.5,10000,656,137.01213095379245,13.39764201500536,238,1917,78.45135094925529,84.09346626398656,0.0486490507447143,0.0006197331305059,-1636979.2618368184,11127682.349787746,10267026.685028955,-0.1471087339106191,0.5967,124566.66665,757331.5945584055,2.644319860086112,32233.49999999948,-488756.0000000005,644670.0,748,10.0
78.75,3.5,10000,164,128.0155450231576,12.218963831867056,231,1917,77.73810951627198,81.91988930666567,1.011890483728024,0.0128494029679749,-813310.0667299334,10203354.446154855,9008416.979932165,-0.0797100670198152,0.5907,98856.584147,421664.16143351,-0.4702916473541928,109022.37999999987,-451269.0000000002,614622.450000001,771,10.0
78.75,3.75,10000,167,130.04882377695714,13.941556993084989,235,1917,77.82786971300716,82.08049799104023,0.9221302869928394,0.0117095909459408,-759527.4923487137,10102693.382369498,8904712.89191205,-0.0751806932668259,0.587,90442.032677,439622.2853368031,0.0370707077187259,94107.0,-457196.99999999953,615956.25,779,10.0
78.75,4.0,10000,179,133.28711325179057,13.214927582196852,241,1917,77.85057558059076,82.14320507716347,0.8994244194092431,0.0114212624686888,-706540.5774735804,10210683.496064346,8989869.67084942,-0.0691962078489567,0.5754,76201.21191900002,441928.3480975601,-0.0545315605513785,82436.2500000007,-481094.25,614474.2500000005,785,10.0
78.75,4.25,10000,199,135.49094791869186,14.435847095507564,245,1917,77.97898347925447,82.36307714212855,0.7710165207455333,0.009790685977721,-710132.9549477625,10166419.668308744,9002065.185493857,-0.0698508401302204,0.5688,83145.450384,438366.109461952,0.1054043119977997,82436.25000000035,-473335.5999999996,614103.75,784,10.0
78.75,4.5,10000,209,138.3876579520595,14.945002391200385,248,1917,78.05538634003426,82.55420802659349,0.6946136599657393,0.0088204909201998,-755097.6198014453,10252111.648307858,8927124.11797724,-0.0736528869080426,0.5792,103861.033838,470560.31342085934,1.7243039211308402,82991.99999999884,-419988.3499999996,614474.2500000005,786,10.0
78.75,4.75,10000,220,139.94289359920512,15.386509108813394,250,1917,78.14411842974386,82.7578543288686,0.6058815702561446,0.0076937342254748,-890961.9642547988,10363645.900258752,9183412.47256392,-0.0859699349851922,0.58,88036.40633,499186.2021004727,1.8079669515592656,65578.50000000093,-462086.8210000002,618527.2540000005,788,10.0
78.75,5.0,10000,236,141.37565764126094,14.794650254467983,251,1917,78.21673941952427,82.9471913910895,0.5332605804757264,0.0067715629266758,-868764.5518224289,10436319.326862443,9328746.45050818,-0.0832443435863717,0.5672,82407.50102399998,509658.8918010743,2.0620859844809285,65275.83000000019,-482945.3820000008,614103.75,782,10.0
78.75,5.25,10000,345,142.27453054401508,14.31680219906082,252,1917,78.34884353498789,83.24636318013023,0.4011564650121073,0.00509405034936,-965240.0516123226,10550761.925913502,9585149.152321655,-0.0914853409061972,0.5619,91050.273787,523312.9176921669,2.572682475605386,70612.3600000008,-473335.5999999996,612594.1620000011,777,10.0
78.75,5.5,10000,358,141.8234819091254,15.122187273167189,251,1917,78.37624314985223,83.4170613765739,0.373756850147771,0.0047461187320351,-1056206.2156761773,10698462.504541883,9688342.020100676,-0.0987250471951254,0.5709,113390.441601,562109.2951736873,3.000928106311573,72988.49999999988,-444600.0,621328.5000000002,772,10.0
78.75,5.75,10000,414,139.81181325526336,16.999864001087992,247,1917,78.49181603316535,83.71064648788297,0.2581839668346504,0.0032785265629796,-1227018.886622559,10801310.83860436,9887671.77251569,-0.1135990719049709,0.5744,121417.76091099996,602436.2553845793,2.9419180964131866,65393.25000000061,-450528.0,634666.4999999992,765,10.0
78.75,6.0,10000,523,141.21623038094756,16.097875080489374,244,1917,78.53433915669113,83.88606584300119,0.2156608433088678,0.0027385503912237,-1310458.9874646545,11004941.800038956,10179992.601470605,-0.1190791383794519,0.5697,119936.451637,664281.7577703806,3.0139076680028904,45610.44999999972,-464607.0,631146.7499999998,759,10.0
78.75,6.25,10000,603,137.58565098863747,14.264521282665754,239,1917,78.57972049569929,84.10976976159573,0.1702795043007086,0.0021622794196915,-1554760.5984313283,11048734.685609993,10163598.844070476,-0.1407184299987099,0.5927,116438.52942599998,705805.777773053,2.760516127245117,41244.82000000018,-473335.60000000056,631146.7500000002,748,10.0
78.75,6.5,10000,722,131.60089413220422,13.116474291710386,229,1917,78.69232397014365,84.38659303016783,0.0576760298563527,0.0007323940299219,-1750706.0805114692,11196818.717311228,10332658.1566758,-0.1563574551586451,0.6007,116008.00933800002,786080.3208801375,2.504760322800488,15005.250000000931,-497396.25,634666.4999999992,727,10.0
79.0,3.5,10000,181,125.22911303609868,13.977412501397742,227,1917,77.92567005504873,82.13115404122344,1.074329944951273,0.0135991132272313,-778663.198668792,10271543.928275883,9061859.567769518,-0.0758078049518202,0.5898,99557.021484,456139.234744248,0.7461253109790007,101697.12000000013,-465718.5,618527.2540000008,767,10.0
79.0,3.75,10000,171,128.15275781395894,13.124737505249891,233,1917,77.94982580380507,82.18928759526783,1.050174196194931,0.013293344255632,-781549.3900416462,10225570.656012444,8984163.851125484,-0.0764308825720264,0.5795,86972.92930500001,457591.011632701,0.8311342024667503,82991.99999999907,-473335.5999999996,614474.2500000005,774,10.0
79.0,4.0,10000,173,130.81856298206435,14.232039166571788,238,1917,78.05515635190824,82.37162127912114,0.944843648091762,0.0119600461783767,-735429.7372588476,10185929.925709676,9027622.328867644,-0.0722005494464079,0.5761,81226.551331,468718.8798137565,0.7119943381898844,79729.89000000013,-500494.2000000002,628367.9999999999,773,10.0
79.0,4.25,10000,197,133.40281466197655,14.870330716155127,241,1917,78.13825851723621,82.55935833213468,0.8617414827637901,0.0109081200349846,-815884.515621471,10395826.617176188,9259366.414732924,-0.0784819279568832,0.5785,87318.72523899999,469808.3525939442,1.3787221236439695,81087.81999999983,-473313.74999999953,614474.2500000005,775,10.0
79.0,4.5,10000,166,134.3751161145044,13.907432131731197,243,1917,78.23776214948056,82.75421641569808,0.7622378505194405,0.009648580386322,-900437.8804920075,10413249.410541974,9267357.735906256,-0.0864704037128351,0.5768,89352.42081,502132.6081544982,1.947726012650716,72988.49999999988,-473335.5999999996,623180.9999999995,777,10.0
79.0,4.75,10000,200,135.34064221716204,14.836795252225516,244,1917,78.32234494021982,82.9371305850872,0.6776550597801787,0.0085779121491161,-870534.9635351704,10426447.243011478,9280503.649781749,-0.083492962007616,0.5696,86165.39254,517176.54934964783,2.234586274561526,72803.24999999948,-473388.99000000046,614103.7499999992,772,10.0
79.0,5.0,10000,231,136.19188194885538,16.871372654879202,245,1917,78.46830220542171,83.23703520783043,0.5316977945782924,0.0067303518301049,-1035103.9339615488,10600524.646883262,9578307.409185618,-0.0976464815131473,0.5784,100357.06204599998,516952.87089055456,2.411610242568721,78731.25,-464606.99999999866,615956.25,767,10.0
79.0,5.25,10000,300,136.00902254560248,14.238523749857617,244,1917,78.50994475503299,83.41388699412148,0.4900552449670101,0.0062032309489494,-1030466.2706256988,10675818.598925326,9762568.350613434,-0.0965233964100354,0.5658,88572.91603699999,530902.5136513032,2.4799005591976906,65208.0,-473869.50000000047,614103.75,764,10.0
79.0,5.5,10000,363,135.13879211850215,14.70934337491174,241,1917,78.62432211259943,83.6993811237755,0.3756778874005704,0.0047554162962097,-1207493.4143530603,10772642.999292009,9933307.47250204,-0.1120888731235611,0.5721,103796.31875499996,580683.6965734854,2.769934301808989,51213.35999999987,-449045.99999999977,615956.25,758,10.0
79.0,5.75,10000,404,137.0346406050936,15.78681485223541,239,1917,78.67437175814943,83.87674024246762,0.3256282418505662,0.004121876479121,-1268976.0400264417,10794005.284409229,10004461.980850805,-0.1175630367588702,0.5766,98067.694609,584785.4526734146,2.374001764179704,51213.35999999941,-473335.60000000056,631146.7499999998,752,10.0
79.0,6.0,10000,482,133.81940450885654,15.61719140429785,234,1917,78.73483729673984,84.10987048949859,0.2651627032601595,0.0033564899146855,-1412396.4976538166,10859203.291376287,10034335.052772772,-0.1300644678763363,0.5864,107615.054579,665301.2961001918,2.545470368853865,48497.5,-476462.9999999999,631146.75,742,10.0
79.0,6.25,10000,559,129.30454037930727,15.25692664469669,226,1917,78.83020669130896,84.36863532562269,0.169793308691041,0.0021492823884941,-1587814.75222356,11045537.285643712,10204122.75090028,-0.1437516990945565,0.595,88825.08531,700926.8763540131,2.46397788237764,21303.749999999825,-487948.5,614103.75,723,10.0
79.0,6.5,10000,708,128.6870061194735,13.481449525452971,224,1917,78.88615384715655,84.67482118581314,0.1138461528434504,0.0014410905423221,-1865009.867446511,11193053.408654137,10389839.006199315,-0.1666220824073385,0.6058,104710.66232899998,795216.8385472432,2.253807372896773,11114.999999999913,-500494.2000000002,645410.9999999995,716,10.0
79.25,3.5,10000,180,121.87848115594888,13.520822065981612,224,1917,78.09009008180743,82.28300420683541,1.159909918192568,0.0146360872958052,-807060.1580099218,10290409.407661272,9139917.485032417,-0.0784283818104516,0.5761,95876.724543,443051.4301258881,0.2034621421639684,94107.0,-450361.2750000005,623180.9999999998,758,10.0
79.25,3.75,10000,206,125.2190264846546,13.16205117405496,230,1917,78.23664623301141,82.49968077181043,1.0133537669885868,0.0127867983216225,-900993.6191086088,10473659.362285586,9485608.3251126,-0.0860247204862305,0.5752,95943.796899,473679.6981584069,1.143916862847517,82251.76000000024,-478648.94999999984,623180.9999999998,758,10.0
79.25,4.0,10000,159,128.32914338960606,14.238523749857617,234,1917,78.35928740258613,82.7161512317052,0.8907125974138665,0.0112392756771465,-906449.4135467872,10503467.2848978,9521092.28847093,-0.0863000177903259,0.5763,93474.791796,464098.9157248263,1.5534166955716426,78546.0,-441821.25,614103.75,762,10.0
79.25,4.25,10000,165,129.35440496436678,14.381040036815463,236,1917,78.46321615945789,82.91446345005998,0.7867838405421139,0.0099278718049478,-1082680.5958723442,10657843.642457385,9649103.6784019,-0.101585333036722,0.5828,110647.216718,518087.22635926126,2.3286396741835653,82251.76000000024,-461890.1900000004,629127.525,767,10.0
79.25,4.5,10000,187,130.7226442913894,14.59768772626416,239,1917,78.53006646004184,83.05808626724796,0.7199335399581628,0.0090843348890619,-955558.3291427848,10644214.895242125,9617511.377675695,-0.0897725514326013,0.5689,91175.954854,500514.6910163331,2.1894480529894738,73173.75,-450527.99999999953,605396.9999999995,763,10.0
79.25,4.75,10000,219,132.48822346287375,15.695630336514313,242,1917,78.61850065825526,83.27329093547948,0.6314993417447425,0.007968445952615,-1046232.1835282708,10707833.414851606,9848259.147573978,-0.0977071778196663,0.5639,90861.670401,492618.5992166261,2.4893555720480083,65477.61000000022,-444600.0000000001,611769.6000000003,759,10.0
79.25,5.0,10000,241,132.55138230664545,16.62013030182157,242,1917,78.67401174037596,83.45446791050585,0.5759882596240402,0.0072679906577165,-1081380.5171444642,10813675.808690269,9997270.135156805,-0.1000011962884468,0.5679,104200.95911399995,524236.59566155967,2.8365752023708857,65578.5000000011,-444600.0,614103.7499999991,756,10.0
79.25,5.25,10000,307,132.50387050371464,16.697835960459525,240,1917,78.77457192275949,83.71405777750596,0.4754280772405082,0.0059990924572934,-1217497.1492435453,10831743.228684058,9978711.596156076,-0.1124008503099882,0.5706,114864.445432,552611.6090990701,2.82409252682861,65578.50000000081,-419988.35000000056,631146.7499999998,753,10.0
79.25,5.5,10000,303,134.8089090428904,17.798661540652144,239,1917,78.8208459642957,83.8785553839084,0.4291540357043004,0.0054151928795495,-1352342.525175954,10865002.621854153,10089454.811557213,-0.124467758751923,0.5772,99897.94471599998,573144.7236725601,2.779354174172898,51213.35999999987,-446823.0,614474.2500000006,747,10.0
79.25,5.75,10000,403,134.24013420160014,18.28287260494369,237,1917,78.89899494453212,84.13210906003535,0.3510050554678798,0.0044290858734117,-1488679.369685362,10957163.11788227,10232987.710162124,-0.1358635765178865,0.5866,103989.439429,620170.0938150852,2.903214571597256,43348.5,-455294.53000000026,628008.5199999998,738,10.0
79.25,6.0,10000,438,129.8492918366808,16.880486158001354,229,1917,79.00660317385086,84.38844379707255,0.2433968261491372,0.0030712533268029,-1605287.1431279357,11005291.775341474,10262142.311976025,-0.1458650234721402,0.593,82082.16843199998,633774.8708296515,2.611194814982033,19080.750000000466,-473335.5999999996,614103.75,720,10.0
79.25,6.25,10000,563,130.04684063712756,15.652391685449537,228,1917,79.11148851123914,84.740546035928,0.1385114887608551,0.0017477790379918,-1831080.2875119704,11193320.0796527,10423042.347548371,-0.1635868781096077,0.6075,116130.38221999998,770175.0981002166,2.6195713127809745,20933.250000000586,-476463.0,615956.25,714,10.0
79.25,6.5,10000,650,130.54683913817104,14.037057832678268,233,1917,79.17716557927457,85.0494713468314,0.0728344207254281,0.0009190463183019,-2026765.0332521591,11263897.901939688,10454281.816618113,-0.1799346061990798,0.6136,114035.169418,812376.1229257543,2.3011652654403774,17784.0,-497396.25,645410.9999999995,708,10.0
79.5,3.5,10000,131,120.70231161683884,13.119227539882448,224,1917,78.3162066693081,82.53981883666277,1.1837933306918984,0.0148904821470679,-718928.747746924,10512342.05453455,9525987.886850027,-0.0683890177866511,0.5537,95484.37855199998,463658.1240876127,1.1503902514616726,82991.9999999993,-463931.5499999998,615956.25,746,10.0
79.5,3.75,10000,141,125.09574894820028,14.382694741686798,230,1917,78.48631005809261,82.79943264455459,1.013689941907387,0.0127508168793382,-994591.7444094956,10637966.093268754,9721493.859302524,-0.0934945398104653,0.5825,90295.648355,457552.29555378685,1.219803078100315,78731.25,-449045.99999999977,614474.2500000003,750,10.0
79.5,4.0,10000,130,127.22625850726982,14.437514437514436,235,1917,78.58011497572116,82.97364039213743,0.919885024278841,0.0115708808085388,-1028076.3051293034,10721258.238776254,9765187.92006388,-0.0958913853423467,0.5725,93322.32014,499640.22135262575,2.1760942124729747,65578.50000000096,-450342.7500000002,614474.2500000005,755,10.0
79.5,4.25,10000,139,130.21634725909715,14.833274000237331,240,1917,78.65177484249847,83.10867794481088,0.8482251575015312,0.0106694988364972,-1118991.7732521817,10747778.75991344,9804881.580536785,-0.1041137706914608,0.575,87120.26678100001,505843.41540765314,2.3222380682472186,70365.92999999988,-470648.3350000005,614103.7499999991,752,10.0
79.5,4.5,10000,145,131.7623430058756,17.149128824255726,244,1917,78.74826767825859,83.31333778666006,0.7517323217414145,0.0094557524747347,-1158447.6847596848,10802882.818937682,10084787.30303683,-0.1072350505116006,0.5745,95291.773291,510146.1574278676,2.5531147775348613,70612.3600000008,-456765.6999999994,614103.7499999991,750,10.0
79.5,4.75,10000,158,131.2886133740046,17.526640493550197,244,1917,78.81398493376084,83.48177028778835,0.6860150662391646,0.0086291203300523,-1154957.9843916772,10821761.391098762,9985960.771708457,-0.106725508228417,0.5723,96156.939336,512316.76111851376,2.777222399486857,65275.83000000019,-461890.1900000004,614474.2500000005,747,10.0
79.5,5.0,10000,172,131.06503203248676,17.670342097823013,242,1917,78.92322308503248,83.7331176836374,0.5767769149675246,0.0072550555341827,-1279062.4417611486,10868702.155825531,10109411.015649697,-0.117683088875113,0.5705,106604.245668,519853.9598756952,2.919490238423004,62058.75000000023,-411069.74999999953,614474.2500000005,745,10.0
79.5,5.25,10000,196,133.22919041317195,17.892928714571998,242,1917,78.97136491843384,83.88457765666845,0.5286350815661649,0.0066494978813354,-1263751.6738768115,10826721.117170889,10065626.287555205,-0.1167252449010195,0.5692,91454.214281,539865.5710597096,2.572154641247074,54278.25,-464051.25,614103.75,740,10.0
79.5,5.5,10000,254,132.65708668631137,19.54346466541589,240,1917,79.05899646998043,84.13539672821514,0.4410035300195716,0.0055472142140826,-1500839.537325204,10898001.674317958,10237534.08100049,-0.1377169486826246,0.5824,90472.94924899998,574975.2500196752,2.77308234940224,41310.75,-449046.0,615956.25,732,10.0
79.5,5.75,10000,309,130.14093337728,17.370761534185657,234,1917,79.15203769330559,84.36659797823253,0.3479623066944128,0.004376884360936,-1626836.1553889583,11107631.547297776,10444950.63316621,-0.1464611198581509,0.5872,94804.874009,651945.5070431791,3.082234662320749,17784.0,-464606.9999999992,605396.9999999993,716,10.0
79.5,6.0,10000,371,130.12397226102195,17.788529955884446,233,1917,79.266139328568,84.70951393772859,0.2338606714319979,0.0029416436658112,-1759294.2136792229,11093280.302356316,10383524.254628718,-0.1585909817230105,0.5998,108204.47134399998,679456.8237226853,2.903720250899857,33698.39999999956,-463856.5,614103.75,711,10.0
79.5,6.25,10000,451,130.841289291515,16.43007360672976,238,1917,79.33716616929388,85.01408685133012,0.1628338307061199,0.0020482242856115,-1892133.98109084,11218941.078125024,10491343.377014589,-0.1686553096156437,0.6017,106814.850978,768143.311749358,2.3521330924348085,11115.0,-488756.0000000005,645410.9999999995,705,10.0
79.5,6.5,10000,489,130.51314266121912,14.84736904620501,235,1917,79.37842396884776,85.23885084868256,0.1215760311522444,0.0015292582534873,-2045812.4759040528,11276447.444722142,10534174.456995994,-0.1814234922773998,0.6138,110556.162448,815569.7561220817,2.329887528902823,-3149.25,-500494.2000000002,659372.0099999998,692,10.0
79.75,3.5,10000,85,117.61137174280408,15.020427781783225,219,1917,78.68201980678556,82.94476185579933,1.0679801932144386,0.013391601168833,-996209.261734344,10735897.127093202,9840941.48714214,-0.0927923628497055,0.566,90734.678847,487780.0348680047,2.134821910663649,75203.23499999984,-469979.25000000006,606879.0000000005,737,10.0
79.75,3.75,10000,86,121.29684742289126,15.539532570860269,226,1917,78.71918661250851,83.04423417138439,1.0308133874914915,0.0129255597177616,-1064166.465817606,10750255.667674722,9865928.670050211,-0.0989898750982715,0.569,92285.047307,513738.8599918287,2.475025562268081,75396.75,-469979.25,607434.7500000003,742,10.0
79.75,4.0,10000,77,123.9644428187298,15.99488163787588,231,1917,78.7957494030295,83.1777517230458,0.9542505969704962,0.0119655247269027,-1005585.7530134514,10686293.89098669,9753425.422850847,-0.0941005144787949,0.5591,78356.537776,510635.8941079283,2.31566646978384,65275.83000000019,-487948.5,600210.0000000005,739,10.0
79.75,4.25,10000,93,126.71383815979706,16.857720836142953,237,1917,78.88268333733515,83.36290788988936,0.8673166626648481,0.0108754440459542,-1154829.9810707013,10767520.889185889,10033014.950633036,-0.1072512412983129,0.5692,85008.598535,498041.8661281336,2.6099435736492005,65275.83000000019,-464051.25,593355.7500000002,737,10.0
79.75,4.5,10000,97,126.30273567722288,17.710399546613775,238,1917,78.96366285485703,83.53627828849649,0.7863371451429657,0.0098600268983443,-1111745.8743947577,10772504.520514484,10015869.536056148,-0.1032021729280891,0.5615,88457.02893799999,463418.54490135127,2.166498428858599,70612.3600000008,-444600.0,592095.3660000005,735,10.0
79.75,4.75,10000,118,125.80244246561276,17.458100558659215,237,1917,79.08661783952802,83.78501602424627,0.6633821604719827,0.0083182716046643,-1334112.55996253,10803344.859051071,10042864.02157452,-0.1234906945365912,0.5761,101678.66552799998,510891.91572855937,3.023754917768766,59835.75000000058,-420794.3109999998,614103.7499999991,733,10.0
79.75,5.0,10000,116,128.61057233236366,16.846361185983824,239,1917,79.10718505818207,83.89216634891568,0.6428149418179316,0.0080603754459928,-1240465.5182845048,10822236.555123966,10114098.769891016,-0.1146219186732881,0.5645,87796.704458,506436.0214483932,2.894575244476799,51213.35999999987,-449045.99999999977,595578.7499999998,729,10.0
79.75,5.25,10000,121,128.00122401354648,18.31770222743259,238,1917,79.20671559686575,84.14213472383236,0.5432844031342512,0.0068123436129686,-1378897.9964311153,10897342.615095062,10206739.240387589,-0.1265352522293882,0.5754,84621.74384799998,541253.2712339807,2.720824666876976,45299.6100000001,-449046.0000000001,595028.4719999994,723,10.0
79.75,5.5,10000,144,127.5046389241854,18.665073913692694,236,1917,79.26708119154021,84.32711309968047,0.4829188084597859,0.006055408256549,-1532265.779508023,10974492.814091394,10178953.005016522,-0.1396206462990775,0.5879,93593.7302,592697.7369548625,2.9818753111771783,43163.24999999945,-464051.25,605396.9999999998,710,10.0
79.75,5.75,10000,185,127.6457801603708,17.722954771019428,235,1917,79.39099695170249,84.66386528389515,0.3590030482975095,0.0045016056212853,-1669813.740506408,11103412.171530291,10356668.097831368,-0.1503874407894083,0.5908,102607.663859,669668.0009499121,2.8674601380313467,24823.50000000093,-464607.0,615956.25,706,10.0
79.75,6.0,10000,237,127.8846799373494,17.048554282596836,240,1917,79.4741689580044,84.96555666978888,0.2758310419956018,0.0034586964513555,-1775698.7250499527,11093143.132164253,10384475.972697882,-0.160071740163648,0.5863,91697.686532,695959.0755364277,2.507577455981138,7371.62000000145,-476463.0,621328.5000000005,701,10.0
79.75,6.25,10000,258,127.65961879990692,15.729205989681638,237,1917,79.52666230731867,85.19000259284228,0.2233376926813264,0.0028004726355025,-1946836.1197749968,11201203.377031792,10474487.40022984,-0.1738059790760525,0.6001,96844.730368,756719.6546237655,2.555295232102796,-11804.700000000186,-500494.2000000002,634666.5,692,10.0
79.75,6.5,10000,302,124.81098086499006,14.164305949008495,234,1917,79.58190468247685,85.45236163531905,0.1680953175231536,0.0021077782761523,-2215035.004569592,11342255.45293733,10586592.044997158,-0.1952905234554525,0.616,108541.478448,849103.7525818975,2.3214908341358558,-26508.79999999888,-510064.8800000009,663380.25,672,10.0
80.0,3.5,10000,73,120.00871183449188,15.020427781783226,224,1917,78.7349320675506,83.0360695623691,1.265067932449398,0.0158133491556174,-1023539.7786741937,10720795.381036784,9834116.71541661,-0.0954723732984081,0.568,97665.62685,495786.6333712176,2.235419240027693,75396.75,-450528.00000000006,614103.7499999991,724,10.0
80.0,3.75,10000,79,122.48607135439325,16.172855479363438,229,1917,78.8131813180425,83.16605050848638,1.1868186819575044,0.0148352335244688,-1041371.6493453716,10715976.78234527,9765831.37843857,-0.0971793491621824,0.5642,97701.108476,521409.2453018504,2.4999286138351784,78371.96000000043,-473335.5999999996,614103.7499999991,724,10.0
80.0,4.0,10000,79,125.18664618807706,16.86226898691488,236,1917,78.90525418998828,83.34899745464521,1.094745810011716,0.0136843226251464,-1124961.8224630712,10784695.76198159,9990356.553127795,-0.1043109464829603,0.5714,90448.461441,482393.45940409246,2.4089143346338098,66875.25,-464051.2499999991,593355.7499999999,724,10.0
80.0,4.25,10000,99,124.54804166620497,15.723270440251577,237,1917,78.99079165504686,83.515555205468,1.0092083449531373,0.0126151043119142,-1095782.9054647912,10809926.985601414,9996012.795626234,-0.1013682059947629,0.5625,92107.851958,501679.7261477352,2.6939889433913224,65208.0,-449046.0000000002,599817.0800000002,723,10.0
80.0,4.5,10000,110,124.1104541808038,18.33382223525961,237,1917,79.11878972063126,83.7608481590496,0.8812102793687444,0.0110151284921093,-1254433.2788774304,10861152.539141163,10128962.829131696,-0.1154972526494525,0.5714,104733.532097,525199.9174588021,2.7860070373105894,62058.75000000012,-419988.35000000056,614103.7499999991,723,10.0
80.0,4.75,10000,105,126.84317043113548,17.111567419575636,239,1917,79.14032624906963,83.85734600096153,0.8596737509303694,0.0107459218866296,-1318468.3763240487,10862619.00215494,10198374.923327357,-0.121376656592898,0.5671,97295.26441,532384.6459506869,3.000857874653438,57798.00000000047,-440154.0,605397.0,721,10.0
80.0,5.0,10000,101,125.97300559120578,18.839487565938207,238,1917,79.24594176173686,84.09625424371792,0.7540582382631413,0.0094257279782892,-1405477.7623161862,10934546.513259664,10283035.861981977,-0.1285355328281651,0.5702,83753.037647,527234.1193419355,2.7836009853368653,46683.0,-446823.0,593355.7499999998,716,10.0
80.0,5.25,10000,158,125.35322326295372,17.862246356101743,236,1917,79.31229791220197,84.27435418624799,0.68770208779803,0.0085962760974753,-1454691.4726055877,10871722.225069012,10161303.925395615,-0.1338050625733636,0.5845,78350.38872999999,562439.452067227,2.404788910457049,33715.50000000058,-461890.1900000004,593355.7499999999,705,10.0
80.0,5.5,10000,162,125.63007036819953,18.28554710356934,235,1917,79.4384400678173,84.60312260227172,0.5615599321827034,0.0070194991522837,-1696126.8269548907,11087122.558396442,10349984.98067588,-0.1529816972818063,0.5976,102901.88416,647713.6859403143,2.7017381881966624,33715.500000000466,-455441.64700000006,614103.75,701,10.0
80.0,5.75,10000,206,126.50391531799364,17.92885829030407,241,1917,79.53163320456166,84.90861114570595,0.4683667954383423,0.0058545849429792,-1802095.9463829116,11118151.92575649,10392722.064360186,-0.1620859256481418,0.5943,103107.58302399998,681215.4007765901,2.958639200037458,20933.25000000035,-473335.5999999996,623180.9999999995,696,10.0
80.0,6.0,10000,244,127.47438328189575,16.516913319238903,240,1917,79.64432550568455,85.19030692252156,0.3556744943154513,0.0044459311789431,-1835856.508758403,11180392.88298874,10454023.321004292,-0.1642032196875394,0.5925,102064.399899,734504.1952451515,2.6512316660369364,7595.25,-473335.60000000056,623180.9999999995,687,10.0
80.0,6.25,10000,256,124.5719165603684,16.174948240165634,237,1917,79.70680645430262,85.45442082125861,0.2931935456973775,0.0036649193212172,-1988606.1423989085,11142606.639417583,10390694.040499408,-0.1784686659730143,0.5976,79268.492613,747742.1893856608,2.5936549283738874,-27340.71500000032,-500494.2000000002,600210.0000000005,667,10.0
80.0,6.5,10000,306,121.32400285014528,11.712893553223385,231,1917,79.80575239454264,85.80421981062605,0.1942476054573632,0.002428095068217,-2100829.703247105,11361116.106548429,10531611.045502383,-0.1849140246032878,0.6068,94862.35793899998,863044.7209945514,2.2059358229821844,-25704.14999999944,-529592.7000000002,651880.8800000006,650,10.0
80.25,3.5,10000,97,118.08140822379754,15.113045580945473,222,1917,78.90698008087418,83.22759972333557,1.3430199191258223,0.0167354507056177,-1069853.7472172526,10800275.801744271,9936000.719816932,-0.0990580024858688,0.5692,88624.812504,511479.8274668733,2.4555177987961554,70365.92999999993,-469979.25000000047,607434.7500000007,709,10.0
80.25,3.75,10000,77,120.4818951078423,14.882724133825455,229,1917,79.00425459404225,83.41092221014749,1.2457454059577486,0.0155233072393488,-1067470.759521225,10822362.540523464,10069715.50985268,-0.0986356496120109,0.5592,79697.968993,481172.2140492952,2.235162865077956,62058.749999999534,-464051.25,602532.9400000004,710,10.0
80.25,4.0,10000,85,120.5801083409106,15.388403299273664,231,1917,79.07446188482933,83.55067760787378,1.1755381151706672,0.0146484500332793,-1136864.251031072,10817848.21661329,10067490.590012794,-0.1050915328323017,0.5692,94002.833545,496350.1573094731,2.7704093230780438,65208.0,-437313.9749999999,594967.3300000001,711,10.0
80.25,4.25,10000,82,120.77891562592866,15.71338780641106,232,1917,79.25216955149024,83.8349370638319,0.9978304485097595,0.0124340242804954,-1119007.5943816036,10885914.051657507,10176185.75245604,-0.1027940868420894,0.5532,99026.657327,496058.3558971107,2.9824358578419474,65208.0,-406578.7199999997,608101.6500000029,711,10.0
80.25,4.5,10000,95,123.32867534798145,18.32575868640962,234,1917,79.27457742439971,83.92376869040113,0.975422575600291,0.0121547984498478,-1204658.0918326864,10907572.427459328,10223831.61353474,-0.1104423646823571,0.559,96046.567063,513741.304690876,3.0845855203607324,51213.35999999987,-440154.0,607434.7500000002,709,10.0
80.25,4.75,10000,103,122.67864124500936,17.02533369654045,234,1917,79.38323734936141,84.15172933809781,0.8667626506385915,0.0108007806933157,-1342460.410671576,10905658.803474909,10247259.789050777,-0.1230975986745361,0.5683,91862.164706,518145.280434144,2.528161064972901,51213.35999999987,-419988.35000000056,614103.7499999991,707,10.0
80.25,5.0,10000,109,121.8942536293541,17.898052691867125,232,1917,79.4588620929203,84.32359589407817,0.7911379070797011,0.0098584162875975,-1472566.725515227,10920108.08615833,10268228.563306607,-0.1348490980031382,0.5788,74409.38534100002,534591.0921106134,2.8396584756592413,27837.56499999971,-461890.1900000004,593355.7500000001,701,10.0
80.25,5.25,10000,155,121.75181861897394,18.45835794447726,232,1917,79.59394492753648,84.64237235530418,0.6560550724635164,0.008175141089888,-1476836.723520224,10946464.440497795,10324318.14925998,-0.1349144951365743,0.5727,90942.88759199998,578258.708341311,2.9757332870626896,33948.250000000466,-440154.0,599332.5989999998,697,10.0
80.25,5.5,10000,198,124.03961638446052,18.679019725044828,240,1917,79.67102947602706,84.92575135554415,0.5789705239729415,0.0072145859685101,-1577927.3237259884,11004256.474048795,10351400.061055431,-0.1433924524975581,0.5713,79068.204246,614467.6921016327,2.769431654619763,7595.25,-463856.5,603680.160000001,694,10.0
80.25,5.75,10000,213,126.93650887851496,17.541397698568627,241,1917,79.7343596902284,85.15134050014167,0.515640309771598,0.0064254244208298,-1652120.2554896846,11141588.16888361,10457431.70581729,-0.1482840893458753,0.5818,92563.555406,681311.3210879766,2.9526963107340816,2245.419999998994,-465718.5,623180.9999999998,687,10.0
80.25,6.0,10000,225,125.64803477031852,15.913430935709735,240,1917,79.82706544946811,85.44658133205436,0.4229345505318918,0.0052702124676871,-1801644.519899548,11161379.020414934,10481488.068659209,-0.161417734905715,0.5881,83720.07392,707805.6723081013,2.7532409934722453,-17413.500000000233,-478500.75000000006,600210.0000000005,667,10.0
80.25,6.25,10000,268,123.24335492412068,14.62843768285547,235,1917,79.98021853661763,85.85224797745678,0.2697814633823725,0.0033617627835809,-1925788.6083920624,11212950.435279774,10490512.035397235,-0.1717468225252181,0.6053,74197.62722499997,798451.2831331711,2.250574566114784,-35112.19000000041,-519164.7400000007,598847.1300000008,651,10.0
80.25,6.5,10000,338,122.11914238407908,13.955565479513227,231,1917,80.1380095339629,86.24527430591019,0.1119904660370991,0.0013955198260074,-2286903.898505515,11281708.267412703,10564024.430477338,-0.202709008626934,0.6348,74116.47877599999,868094.5934662385,2.092512847570606,-64467.00000000058,-538892.25,645410.9999999995,634,10.0
80.5,3.5,10000,84,115.4689021073708,16.47337901950448,218,1917,79.0826615872668,83.43994603121841,1.4173384127332014,0.0176066883569341,-1165572.556865379,10869776.963340038,10128416.647180362,-0.1072305863125295,0.5706,89188.082666,499898.7030825152,2.5655790026544296,65578.50000000093,-464051.25,593355.7500000002,694,10.0
80.5,3.75,10000,87,115.52793342422194,16.7313612635524,220,1917,79.15784773555889,83.5848991554719,1.3421522644411112,0.0166726989371566,-1221337.3504136086,10868790.47808116,10169999.591937665,-0.1123710455985559,0.5702,91018.874824,497356.962733596,2.680982480873938,65208.0,-444022.3999999994,599235.1099999995,696,10.0
80.5,4.0,10000,80,116.21632826260377,16.814635458703258,222,1917,79.374015799078,83.89649705668957,1.1259842009220051,0.0139873813779131,-1139105.0914430004,10780335.336112931,10055919.524551146,-0.1056650888796681,0.5659,92368.866776,482899.3327268817,2.1089382999153186,65207.99999999994,-440154.0,607434.7500000003,696,10.0
80.5,4.25,10000,84,118.3726532357842,16.248537631613154,224,1917,79.39828366265101,83.97629827119968,1.101716337348989,0.0136859172341489,-1222739.1679575348,10864158.760405932,10198632.788241958,-0.1125479841489216,0.5573,90970.154492,480822.8574935957,2.333380172856884,65208.0,-440001.1260000005,605396.9999999991,694,10.0
80.5,4.5,10000,101,118.09120297330732,16.776271641390416,225,1917,79.5089621917122,84.20153631710308,0.9910378082877996,0.0123110286743826,-1326837.6303196794,10869058.406913022,10252325.123618243,-0.1220747539157369,0.5684,81620.46290299999,489091.5297645971,2.376985445728878,51213.35999999987,-437745.7499999996,593355.7500000002,694,10.0
80.5,4.75,10000,110,117.86746353617244,16.740324092674438,224,1917,79.55888955236748,84.32655473386522,0.9411104476325248,0.0116908130140686,-1433471.3673089785,10848025.741655417,10190470.510305196,-0.1321412210338496,0.5788,67352.69484399998,505909.29961791344,2.0026472941461586,28516.529999999795,-446823.0,593355.75,688,10.0
80.5,5.0,10000,132,117.46828075645708,17.839303553589268,224,1917,79.70246067474972,84.63746799193277,0.797539325250284,0.0099073208105625,-1501575.9401314168,10866918.509976003,10245445.97219434,-0.1381786325859484,0.5776,92094.41274499998,550555.9553991839,2.519206056900323,51353.01000000001,-434731.5899999999,605397.0,685,10.0
80.5,5.25,10000,172,119.21307387263974,17.165613842351,232,1917,79.78885057798966,84.91266188294854,0.7111494220103367,0.0088341543106874,-1564378.7019805228,10983105.570094978,10353328.781893725,-0.1424350054724089,0.574,78416.04330599998,577473.5921733852,2.729905668440314,17784.0,-446823.0,594967.3299999991,682,10.0
80.5,5.5,10000,185,122.00353557334708,16.604675876726887,233,1917,79.8565472309679,85.13629988831258,0.6434527690320948,0.0079932020997775,-1619030.7176908238,10971254.460917106,10319144.77801592,-0.1475702458144869,0.578,82808.29008299997,611001.6082179056,2.8901013439641976,20933.25000000093,-465415.6590000006,593355.7500000002,676,10.0
80.5,5.75,10000,198,122.16155548805934,16.49511744523621,235,1917,79.93644967448888,85.4150397873585,0.5635503255111161,0.0070006251616287,-1674199.9788658526,11000511.236158457,10380184.304081377,-0.1521929247581504,0.5772,60942.748501,630704.9581777981,2.56963997777718,-17413.500000000233,-476856.3000000003,580944.0000000006,659,10.0
80.5,6.0,10000,233,119.92007385094291,14.303696075065796,231,1917,80.08884628684875,85.8103101559109,0.4111537131512506,0.0051074995422515,-1865877.62308018,11068428.420814412,10435474.548284268,-0.1685765631886238,0.5966,50886.17410999998,709736.8026133485,2.3619895817658114,-53929.21999999994,-509611.73,581053.250000001,647,10.0
80.5,6.25,10000,281,119.27548250395336,15.056612864370033,228,1917,80.25106140056296,86.20207091527037,0.2489385994370394,0.0030924049619508,-2155235.660906934,11076522.502750842,10462623.585685443,-0.1945769225288608,0.6201,36556.992426999976,736348.1380209408,2.227517166437816,-70024.5,-529815.0,576150.3000000007,631,10.0
80.5,6.5,10000,342,113.58912758804703,12.626262626262628,224,1917,80.42019302425368,86.65881708300243,0.0798069757463224,0.0009913910030599,-2405360.9250416663,11218518.457319582,10549728.254834251,-0.2144098558283581,0.6409,20555.568265999973,844852.5189815758,1.9883004082250144,-91143.0,-556120.5000000005,548710.4999999993,616,10.0
80.75,3.5,10000,76,112.07946480539596,15.56468683850081,216,1917,79.24838987877999,83.68330948900908,1.5016101212200113,0.01859579097486082,-1315237.6621203523,10834169.851497332,10063031.554029424,-0.12139717949304445,0.5772,97371.670649,482353.4255521581,2.723406863420928,65275.83000000019,-406409.0499999989,614103.7499999991,676,10.0
80.75,3.75,10000,91,114.55748257544236,15.78083575306148,220,1917,79.41487983524456,83.92690608272349,1.3351201647554376,0.01653399584836455,-1429587.6180917092,10895639.250924587,10233838.815256802,-0.13120731929247717,0.5828,87752.501262,485481.10060551134,2.3669188102149215,54278.25,-428047.95999999996,606878.9999999995,677,10.0
80.75,4.0,10000,81,117.32514617743068,16.286644951140065,223,1917,79.4698619363382,84.0266361617731,1.280138063661795,0.015853102955564025,-1324402.1861771909,10835840.627043946,10130273.812389398,-0.12222422161431257,0.573,91921.53077600001,494700.5544581271,2.540065164318279,57798.000000000466,-444599.99999999977,614103.7499999991,675,10.0
80.75,4.25,10000,106,118.1260231494697,17.34906315058987,226,1917,79.55688787298766,84.20713046016813,1.1931121270123413,0.014775382377861811,-1300562.5696192158,10852473.75969125,10194017.091022886,-0.11984019481805377,0.563,91580.29818599999,506437.2196061907,2.5102989892323273,51213.35999999987,-409013.47499999957,606218.75,676,10.0
80.75,4.5,10000,88,118.91148453138126,15.644555694618271,227,1917,79.65223014022698,84.36774721451202,1.0977698597730239,0.013594673186043639,-1409086.1974984817,10835078.737641776,10231757.7794612,-0.13004854248111955,0.5774,73680.61550799999,485929.04427594336,2.165414673110597,43163.24999999974,-446823.0,599060.5189999997,671,10.0
80.75,4.75,10000,123,118.3520258827319,16.025641025641026,227,1917,79.79718397487179,84.66074906369116,0.9528160251282145,0.01179957925855374,-1464304.0606416636,10884125.895428251,10237081.788826184,-0.13453575185644695,0.5701,92535.80742599998,542508.5825931743,2.6037542086268,48497.5,-419988.35000000056,594967.3299999993,669,10.0
80.75,5.0,10000,130,120.13596616849844,17.568517217146873,235,1917,79.88512247558549,84.92176464080055,0.8648775244145099,0.010710557577888668,-1511105.5739635418,10931480.999399057,10354621.954786321,-0.13823429543047394,0.5682,78637.65620899996,549644.2079360784,2.4470685990608216,33715.50000000026,-440540.8399999996,593355.7500000001,666,10.0
80.75,5.25,10000,146,122.8083780544889,18.01671951571058,236,1917,79.9523184416582,85.13002015932501,0.7976815583417931,0.009878409391229637,-1441130.3755193765,10935971.962881995,10318827.000086227,-0.13177890181236257,0.5542,74337.134136,569321.0959765207,2.5450236556599797,24347.930000000517,-444600.0000000001,582036.5000000001,661,10.0
80.75,5.5,10000,181,122.93963896721469,17.563580160179853,238,1917,80.03654437414217,85.40086920428861,0.7134556258578328,0.0088353637877131,-1718593.4639824752,10990147.387127556,10396965.974620385,-0.15637583404890587,0.5878,68230.924149,604414.6042928388,2.7707573834572945,-3519.75,-469979.24999999953,574865.7100000005,646,10.0
80.75,5.75,10000,207,121.95905961154881,15.85489599188229,235,1917,80.23645552964078,85.84618369925697,0.5135444703592214,0.006359683843457849,-1626159.8750586598,10973013.523885716,10309504.096465874,-0.14819628824104567,0.5827,47402.65674899998,663274.2787242482,2.143898174137475,-35866.39500000002,-485944.9500000003,568696.5999999996,637,10.0
80.75,6.0,10000,227,121.35411633951414,15.080226806611172,232,1917,80.39936190515296,86.22374193225612,0.3506380948470422,0.004342267428446343,-1941808.2828307266,11048036.446908228,10431477.384623438,-0.17576048849604745,0.61,28569.380266999982,715984.4110962145,2.09442231947121,-72746.25000000047,-501471.75,550264.6999999993,622,10.0
80.75,6.25,10000,321,115.69112378097633,13.507672357899285,228,1917,80.58303097934203,86.6804357761413,0.16696902065797303,0.002067727810005858,-2177308.172068847,11125771.651065964,10521507.616954746,-0.1956995200292681,0.623,4598.987011999971,782068.0781158182,1.8507000235989353,-91143.0,-541115.25,506103.0000000001,608,10.0
80.75,6.5,10000,335,112.36093886386811,10.797270450030231,224,1917,80.65378711443353,86.9371595703385,0.096212885566473,0.0011914908429284583,-2594811.2051635184,11294893.73147302,10631577.346236171,-0.22973312249349664,0.645,8825.108979999966,877293.9937930449,1.8950264246603963,-116200.00999999978,-556120.5000000005,537010.2999999989,602,10.0
81.0,3.5,10000,0,110.1525941435545,15.572443004858604,216,1917,79.49910151483734,83.94498041752993,1.500898485162665,0.018529610927934134,-1385755.4343452828,10913101.660878364,10233876.784812422,-0.12698089666964096,0.5822,95697.830708,501231.96079746814,2.4039245900991086,65208.0,-440154.0,614103.7499999991,653,10.0
81.0,3.75,10000,0,113.10518956130905,16.96986152592995,219,1917,79.55421225770354,84.05059344932289,1.44578774229646,0.01784923138637605,-1403692.4226275508,10928870.962808033,10243951.830437593,-0.128438923600109,0.5796,96230.51012899999,524897.819721405,2.812122263093419,59835.750000000466,-440154.0,607434.7500000007,653,10.0
81.0,4.0,10000,0,114.10876554310713,16.972165648336727,223,1917,79.65265612317621,84.23915284921762,1.3473438768237855,0.01663387502251587,-1461438.6403890133,10860147.655888023,10192604.385889174,-0.1345689475590756,0.5858,83920.895731,503862.5668922969,2.3272445963286374,59835.75000000041,-446823.0,598866.5290000008,654,10.0
81.0,4.25,10000,0,115.73124330975563,16.156132868036707,225,1917,79.73289910345035,84.37114527505027,1.2671008965496497,0.015643220945057403,-1338832.9913193767,10817456.081486644,10206935.877745422,-0.12376597429507481,0.5723,88134.759469,485958.22630845016,2.2778193572860235,57615.02999999933,-419988.35000000056,599817.0800000001,652,10.0
81.0,4.5,10000,8,115.0056925025444,16.49076517150396,225,1917,79.88610735766558,84.65961595521372,1.1138926423344202,0.013751761016474323,-1500847.7548464553,10867915.394184193,10253903.112104101,-0.13809895462101335,0.5784,88751.12490299997,546743.0575403575,1.882656046580471,57798.000000000466,-446823.0,614103.7499999991,651,10.0
81.0,4.75,10000,18,116.99450222496365,17.54139769856862,233,1917,79.98153552866337,84.92285902866016,1.0184644713366282,0.012573635448600348,-1573885.5138273586,10947704.038455132,10389795.489314606,-0.14376398085835126,0.5834,82097.53346599998,551387.8790052288,2.360956202047875,40538.96999999974,-446823.0,614103.7499999991,648,10.0
81.0,5.0,10000,10,119.34696673941593,16.7089961235129,234,1917,80.05719661715294,85.12142690108116,0.9428033828470603,0.01163954793638346,-1489248.699325446,10921702.31447487,10317403.700005634,-0.13635682940668495,0.5645,75486.94208799998,548938.936406486,2.495925863090978,26490.75,-444080.15999999945,594967.3300000001,644,10.0
81.0,5.25,10000,20,119.28955068950724,16.37411579774692,236,1917,80.15674119143986,85.39212289084696,0.8432588085601367,0.010410602574816503,-1569186.3878119942,11002532.053603893,10372223.331095802,-0.1426204786468225,0.5798,77429.92276699998,596327.1078936356,2.7048847880123015,11855.999999999534,-465718.5,580944.0000000005,635,10.0
81.0,5.5,10000,17,119.21338440308546,17.186855492919015,234,1917,80.32777989923053,85.80303403620518,0.672220100769465,0.008299013589746482,-1568976.325397606,10917946.965579294,10291952.985052874,-0.14370616841646822,0.5738,51885.05995099999,634275.8391989828,1.9904235555590488,-19266.0,-480353.2500000006,577053.7500000005,629,10.0
81.0,5.75,10000,42,118.87971887183785,15.242043653213022,231,1917,80.5027741884421,86.18397227503722,0.4972258115578967,0.006138590266146873,-1850231.257373997,11100611.63975435,10471085.28285627,-0.16667831624230586,0.5962,40392.335884999986,701995.5554456714,2.2990164863749323,-61106.85000000056,-500494.2000000002,565286.8599999994,615,10.0
81.0,6.0,10000,57,113.00842556030581,14.64043101428906,227,1917,80.71840210093205,86.65451725718508,0.28159789906794686,0.003476517272443788,-2123753.7895856295,11146771.98366436,10549524.42538528,-0.19052635083035693,0.6127,-6888.833800000025,751473.596407227,1.9962465886199647,-91328.25000000064,-538892.25,480853.42500000045,604,10.0
81.0,6.25,10000,73,109.60950826335949,13.755915043468692,223,1917,80.81016742984013,86.92242431823296,0.1898325701598651,0.0023436119772822853,-2335122.445568618,11180973.50564789,10522901.684773266,-0.20884786502615968,0.6301,-2694.227436000032,809173.4695081933,2.207900548145367,-113558.24999999953,-554453.25,487207.5,598,10.0
81.0,6.5,10000,90,107.76054557603712,12.057490112858108,216,1917,80.8573703389924,87.17949126810777,0.14262966100760366,0.0017608600124395513,-2541451.933631706,11214237.768538235,10556912.820255775,-0.22662725600145553,0.6461,-15598.03214000002,882061.6211060208,1.5103814722384346,-119109.86000000034,-567050.25,543139.1680000017,590,10.0
81.25,3.5,10000,0,108.5807424426631,15.439723320158102,211,1917,79.65240273661232,84.13717653160182,1.5975972633876836,0.019662735549386873,-1477742.9371819275,10873314.989361491,10200432.173227359,-0.1359054656862014,0.5851,97605.189009,510232.91157072666,2.4138437128679944,62058.75000000012,-406253.25,607434.7500000007,638,10.0
81.25,3.75,10000,0,109.2999930308592,16.562872664634956,215,1917,79.75859170138555,84.32685585833445,1.491408298614445,0.018355794444485478,-1601724.9121349156,10909802.956083408,10338271.337064605,-0.1468152008411645,0.5918,92928.30526499999,479371.8676530929,2.340724210626981,65208.0,-406253.25,606879.0000000002,639,10.0
81.25,4.0,10000,0,111.76186610146101,16.223231667748216,218,1917,79.89355771089649,84.50383887561583,1.3564422891035122,0.01669467432742784,-1423936.693635211,10872781.913108058,10212861.49859277,-0.13096341902328926,0.5766,87189.49713799999,489596.65142813174,2.342257450546254,54278.25,-419988.3499999996,605396.9999999991,638,10.0
81.25,4.25,10000,9,113.47872125199768,16.53439153439153,221,1917,79.97287848310407,84.68987458874037,1.2771215168959316,0.01571841866948839,-1442606.939585855,10926727.312038822,10290395.882067388,-0.1320255277164667,0.5803,100920.52294899998,529068.9703998097,2.6022792323629003,65208.0,-408105.7500000001,605396.9999999995,638,10.0
81.25,4.5,10000,15,115.31716315580647,16.56506758547575,229,1917,80.0723134939123,84.94486044929495,1.1776865060876958,0.014494603151848563,-1440617.9778996606,10981541.408284249,10366704.556082377,-0.13118540688767863,0.5705,97441.71367399998,543705.1149746852,2.483791515266931,57615.02999999933,-419988.3499999996,605396.9999999998,637,10.0
81.25,4.75,10000,13,117.87517717484505,17.111567419575632,231,1917,80.14708912169864,85.13813745541012,1.1029108783013584,0.013574287732939795,-1404469.4784339997,10948402.325236935,10375873.303732375,-0.12828076980662156,0.5641,91619.36900699999,546652.4033768614,2.758426579899635,47721.54000000004,-419988.3499999996,605636.7799999996,634,10.0
81.25,5.0,10000,14,117.5533161390371,17.975266033937302,233,1917,80.25537790154287,85.39915290386897,0.9946220984571283,0.01224150275024158,-1414533.0729472367,10975890.246963337,10334281.581909282,-0.1288763864360425,0.5692,76942.74074599998,583140.1958764899,2.6180901847443976,17784.0,-464051.24999999907,592436.3399999999,626,10.0
81.25,5.25,10000,28,117.24404347564051,16.523463317911435,231,1917,80.43296645318617,85.80477606902438,0.8170335468138319,0.010055797499247161,-1393490.2737003255,10929252.912113328,10273952.18601297,-0.12750096323197577,0.564,48214.22759399997,611459.5554713643,2.330270399828719,-19266.0,-473335.5999999996,537010.2999999989,621,10.0
81.25,5.5,10000,33,117.7836465630388,16.299387143043422,230,1917,80.66080178626802,86.22886782158442,0.5891982137319758,0.007251670322855086,-1719892.9179245834,11005467.668749023,10416613.177703518,-0.15627622284588305,0.5938,31653.64979199997,635442.8524269622,2.521647542500335,-39235.75999999931,-500494.2000000002,535024.4199999999,610,10.0
81.25,5.75,10000,54,112.64674916737938,14.43418013856813,226,1917,80.88929360664609,86.71373149413807,0.3607063933539081,0.0044394633028173305,-1942430.501665818,11074413.415680384,10496113.294074249,-0.17539804852467483,0.5998,4737.8369409999605,687217.71901146,2.3399267927198224,-84844.5,-514994.9999999999,480713.20500000066,602,10.0
81.25,6.0,10000,61,109.75884996856152,13.881177123820096,223,1917,80.96482811931573,86.94611392706611,0.285171880684274,0.003509807762267988,-2232569.2072138777,11072380.809024693,10475919.617286976,-0.20163407000906183,0.6235,6398.571099999959,748865.0806639062,2.266204993824421,-92625.00000000047,-526100.8799999997,507035.8430000036,596,10.0
81.25,6.25,10000,61,107.8021984305003,13.550135501355014,217,1917,81.01046971548658,87.18097527489586,0.23953028451342107,0.0029480650401651825,-2314697.665861751,11130268.777381886,10496938.145696085,-0.20796422010630233,0.6295,-12020.713698000034,813152.6001437892,1.6899961620496533,-106500.51000000001,-554453.25,504081.39999999944,589,10.0
81.25,6.5,10000,92,108.73806995124978,11.633317822242903,215,1917,81.01451558973926,87.33014583091739,0.23548441026073874,0.0028982696647475536,-2407539.550381369,11257059.829021221,10583665.320916789,-0.21386930396999584,0.6374,-8662.023848000019,901744.1080287272,1.4954965368899844,-106500.51000000024,-568196.71,542809.1000000006,577,10.0
81.5,3.5,10000,0,107.17729478508843,15.632816408204103,209,1917,79.79023278350257,84.32967916038605,1.7097672164974256,0.020978738852729148,-1591852.101232645,10866131.581801016,10203462.572514473,-0.14649667080221407,0.5879,98241.44134399999,479548.12611197046,2.2635742565052728,62058.75000000023,-387728.25000000023,614103.75,615,10.0
81.5,3.75,10000,0,109.77139587645063,15.745056052399546,213,1917,79.94262160469975,84.5137003564211,1.5573783953002476,0.01910893736564721,-1492042.8026525055,10946043.34722531,10344762.681050684,-0.13630887027600894,0.582,94961.81830299998,499250.3420353225,2.256123026031845,70523.82000000007,-419988.3499999996,595028.4720000002,616,10.0
81.5,4.0,10000,11,111.39938088736416,17.42889012827663,216,1917,80.02295188651392,84.69709243249461,1.4770481134860773,0.018123289736025488,-1521268.9320373158,10956386.310567148,10344364.155950092,-0.1388476901886977,0.5852,117550.21528399996,552418.4275459911,2.621386618093451,65763.75,-385320.0,615956.25,616,10.0
81.5,4.25,10000,18,113.03896998379624,17.593244194229417,224,1917,80.1268264139791,84.94663947447431,1.3731735860208971,0.016848755656698123,-1371388.2939757989,10870406.011325466,10288758.642254248,-0.1261579643434662,0.5645,91626.76715099998,526365.1305407267,2.710686254846999,50573.24999999988,-435337.49999999953,614103.7499999991,618,10.0
81.5,4.5,10000,15,115.36414598419809,16.545334215751158,228,1917,80.20775385260949,85.13022332557244,1.2922461473905145,0.015855780949576865,-1386315.8660549067,10956149.691915786,10338728.063581925,-0.12653312569084627,0.5635,87855.59775099998,528850.5649646894,2.667250858925908,47721.5400000005,-419988.35000000056,596456.0939999998,619,10.0
81.5,4.75,10000,17,115.30345060173897,15.939811272634529,230,1917,80.32098330674926,85.39485734027933,1.1790166932507447,0.014466462493874168,-1568948.878999147,10971691.862626774,10411516.481155496,-0.14299972134138292,0.5778,74177.10344399998,546109.7321997095,2.569392957376745,17784.0,-446823.0,582981.75,615,10.0
81.5,5.0,10000,18,114.83621633025552,16.525647805393973,228,1917,80.50825943498145,85.79880100579871,0.9917405650185458,0.012168595889798108,-1503559.0415135087,10871963.889536345,10256547.339356968,-0.13829691275562456,0.5676,43358.04953299998,574608.1346740938,2.019894754302662,-19266.0,-473335.5999999996,546147.5520000005,611,10.0
81.5,5.25,10000,41,114.63138275776731,16.609088493223496,227,1917,80.74721374520699,86.20977660728468,0.7527862547930084,0.009236641163104398,-1703561.3169740294,10921474.453506557,10400028.860909503,-0.1559827223170464,0.5908,38259.416385999975,592500.3378228841,2.7276479437803536,-35112.18999999948,-476306.53500000027,535024.4199999999,602,10.0
81.5,5.5,10000,50,109.39436158725587,15.703517587939698,223,1917,80.99522284855286,86.70518773427453,0.5047771514471435,0.00619358468033305,-1817578.668971912,10970202.411385987,10387203.842171276,-0.1656832390882273,0.5893,-3156.65956300003,644552.3050973362,2.282210281182056,-85585.49999999953,-500494.2000000002,464111.0999999996,595,10.0
81.5,5.75,10000,51,107.10148511941875,15.871000507872013,220,1917,81.07578764876162,86.9495281633666,0.4242123512383813,0.005205059524397317,-2141879.805786812,11043333.77662884,10469923.235182477,-0.19395228371342918,0.6164,-15689.792773000037,683932.2460659208,2.3159698270184355,-93921.74999999991,-525712.8999999997,462383.9999999993,589,10.0
81.5,6.0,10000,66,105.54595419624584,12.510008006405123,216,1917,81.12870242059606,87.17708594824786,0.3712975794039437,0.004555798520293788,-2300466.632616807,11173000.359930614,10568469.717164714,-0.2058951542565862,0.6201,-4842.195486000024,779554.0801716197,1.8077669434661214,-92625.00000000047,-538892.25,487207.50000000047,583,10.0
81.5,6.25,10000,90,106.29988581712226,14.06548891639473,214,1917,81.13896402962102,87.32734841977732,0.3610359703789783,0.004429889207104028,-2337126.794755427,11103855.046970358,10482613.516240923,-0.21047886386026832,0.6238,-32735.590580000026,827991.924624551,1.3259377239508736,-114669.75,-567050.25,495797.4000000004,574,10.0
81.5,6.5,10000,95,106.57143498972023,11.869717975500897,213,1917,81.1070900899006,87.43283053932062,0.3929099100994051,0.004820980492017241,-2476233.921517971,11207881.86778775,10555758.150182687,-0.22093683273329667,0.6381,754.7975529999718,869279.0791151108,1.7527353596112,-109112.25,-559818.6600000006,537010.2999999989,558,10.0
81.75,3.5,10000,0,104.36189105876356,14.950364788900849,202,1917,80.05501063830714,84.58851091018853,1.694989361692862,0.020733814821931033,-1441076.344684031,10848771.699135788,10230582.68526224,-0.13283313398500468,0.5799,92132.04627299997,458282.81023825414,1.8790236000885387,65208.0,-385320.0,605396.9999999995,605,10.0
81.75,3.75,10000,5,106.68290546842043,15.435910101259568,206,1917,80.11376175969859,84.73361611098491,1.6362382403014095,0.020015146670353635,-1426680.011006622,10868164.263032246,10284655.07590726,-0.13127148030504415,0.5773,91837.50312399998,472721.15529541316,2.0435029798555275,59835.7500000007,-406253.2500000005,606878.9999999998,605,10.0
81.75,4.0,10000,16,110.127958308031,15.262515262515263,216,1917,80.238376220707,84.98656590291986,1.5116237792930036,0.01849081075587772,-1438150.624482567,10908397.91637449,10348302.895532604,-0.1318388488857537,0.5729,79465.02177299997,486838.8904158619,2.002761918796247,41185.16000000003,-408105.7500000002,605396.9999999998,607,10.0
81.75,4.25,10000,13,112.52301395843577,15.197568389057752,221,1917,80.3204476100281,85.16650000574411,1.429552389971903,0.01748687938803551,-1299770.2596087905,10829777.60942422,10251352.850862442,-0.12001818564378576,0.5597,75838.57563899999,471167.8911410815,2.2180145619976512,33948.250000000466,-408105.75,593355.7499999998,609,10.0
81.75,4.5,10000,15,112.41770505592298,16.08544588856003,223,1917,80.44417738426499,85.4321420460861,1.3058226157350106,0.015973365330091874,-1524821.8144421773,10899738.619882885,10356321.82354757,-0.139895264246122,0.5707,66285.67243799998,510946.0011756355,2.7035727829698533,1551.9199999994598,-446823.0,577053.7500000005,605,10.0
81.75,4.75,10000,21,111.94434911235426,14.506208657305324,223,1917,80.64222920860708,85.83283319621974,1.1077707913929231,0.01355071304456175,-1404947.089605437,10879784.08116415,10329449.917809581,-0.12913372904502585,0.5664,38005.22891399996,512646.31642418087,2.260736888324478,-19266.000000000466,-464051.25,541856.2499999994,602,10.0
81.75,5.0,10000,31,111.801973624401,15.47412725922258,222,1917,80.88820513346167,86.24658927231923,0.8617948665383324,0.010541833229826696,-1607070.9961553924,10901235.174182246,10319140.548261449,-0.14742100050840767,0.5884,26257.419948999974,532647.6888359438,2.288764299100972,-35112.19000000041,-469979.24999999953,519255.75000000047,594,10.0
81.75,5.25,10000,38,106.80186753039312,15.00060002400096,219,1917,81.12171334146221,86.69376271247614,0.6282866585377889,0.0076854637130004755,-1797707.325017343,10932693.653192783,10415785.123276481,-0.16443407105735014,0.5834,-4165.399564000057,551541.1407891593,2.6370440906772172,-72746.25000000047,-480186.525,462198.7500000007,587,10.0
81.75,5.5,10000,42,104.15708732904574,15.000600024000956,216,1917,81.21890900544929,86.93796202841325,0.5310909945507092,0.0064965259272258,-1935074.5123137096,10928432.141890815,10397032.583470084,-0.17706789841300208,0.5956,-28175.587331000035,597629.1835932259,2.406810380588683,-102628.5,-500494.2000000002,443117.99999999907,583,10.0
81.75,5.75,10000,52,102.56395463919566,12.995113837197213,212,1917,81.28532976549162,87.16902355887292,0.4646702345083753,0.005684039565851686,-2236867.523071483,10983517.7834345,10478837.903377207,-0.20365674888287233,0.6183,-42141.31430900004,648901.1369404816,1.5590943126816432,-107543.79999999981,-529815.0,457119.3280000007,579,10.0
81.75,6.0,10000,57,103.46255193605813,14.232039166571784,211,1917,81.33732928003484,87.34116579197946,0.41267071996516336,0.005047959877249705,-2113047.8267737557,11011250.071692707,10478165.684139939,-0.1918989953925301,0.611,-46950.81197300005,689119.6833879167,1.3858459210107792,-108371.25000000047,-538892.25,462383.9999999993,570,10.0
81.75,6.25,10000,84,103.50290121101126,12.99106214924132,210,1917,81.31590490660861,87.44910350621383,0.43409509339139163,0.005310031723442099,-2230874.4089002274,10994178.067582427,10465907.044392882,-0.20291416012973376,0.6212,-43502.023667000045,708961.7321580322,1.5532412881641697,-119301.0,-547969.5,487207.49999999953,558,10.0
81.75,6.5,10000,94,104.98946208885683,12.060980316480126,209,1917,81.38993982549566,87.74416030591624,0.3600601745043406,0.004404405804334441,-2323289.6037363717,11025655.812302884,10478204.066065824,-0.21071668146433056,0.6315,-60902.51125100005,796192.6870684715,0.925186776879401,-119301.0,-568280.7089999998,515736.0,549,10.0
82.0,3.5,10000,8,99.50962197266013,13.341872131497494,194,1917,80.30185640629473,84.87725156021702,1.698143593705268,0.020709068215917902,-1434568.0882825644,10865319.008573608,10351627.00850638,-0.1320318425211975,0.5753,70427.58602599998,452526.86266197264,1.5885479290489084,43348.5,-419988.35000000056,593355.7499999998,589,10.0
82.0,3.75,10000,19,103.05916788383726,13.68513247208233,204,1917,80.44077944185635,85.1508155711262,1.5592205581436502,0.01901488485541037,-1426027.7097061947,10855746.403609812,10356026.810705656,-0.1313615532905231,0.5768,70489.89169999998,450447.41632974567,1.5888989120387007,41125.5,-419988.3499999996,597683.1899999995,593,10.0
82.0,4.0,10000,21,105.75357809498917,14.279186657527989,210,1917,80.52745141656644,85.34196225924089,1.4725485834335643,0.01795790955406786,-1484094.3777738318,10910969.987958184,10376831.52021457,-0.1360185555832105,0.5708,52399.23863499998,453397.0664935434,1.869215963105519,10929.749999999767,-435522.74999999866,571496.25,595,10.0
82.0,4.25,10000,17,105.396389174612,13.940002230400355,212,1917,80.67759269725563,85.62232479223411,1.3224073027443666,0.01612691832615081,-1371167.26776622,10878598.046494987,10372642.503560267,-0.126042644640961,0.5656,43672.22177199998,446979.74295079295,1.9322297103346358,-3519.75,-446823.0,559855.1400000006,591,10.0
82.0,4.5,10000,20,105.47072850872784,13.33760136577038,212,1917,80.90016109552927,86.06729835041561,1.0998389044707295,0.013412669566716214,-1388360.5722836445,10826082.914102525,10264926.963020083,-0.12824218910009508,0.5669,21772.57028799998,492230.40706843557,1.731996595179339,-30608.619999999646,-464607.0,519255.75,589,10.0
82.0,4.75,10000,34,106.36659142269663,13.790820829655777,213,1917,81.08425355170951,86.38554143696777,0.9157464482904913,0.011167639613298676,-1387736.1803623897,10811848.228662604,10370490.653768374,-0.12835327975502378,0.5612,-3682.46677900003,464916.5120585523,1.8979231502442597,-64281.749999999534,-473335.5999999996,487207.49999999977,582,10.0
82.0,5.0,10000,35,103.98317764126166,12.997816366850365,213,1917,81.23107305470091,86.71243388954251,0.7689269452990857,0.009377157869501045,-1745963.6454094306,10847830.807369694,10388164.125291392,-0.160950486453317,0.5832,-28757.717824000043,481060.97027222655,1.9490999234858666,-77434.5,-500494.2000000002,443117.999999999,577,10.0
82.0,5.25,10000,40,101.80948088736606,13.097233864207876,212,1917,81.2888958254746,86.8936810853929,0.7111041745254028,0.00867200212835857,-1919343.3655889065,10823833.507043296,10404911.886374103,-0.17732565493916266,0.5944,-38356.52312500004,513751.27945139015,2.101200611632287,-91369.28999999963,-500494.2000000002,418630.4199999999,574,10.0
82.0,5.5,10000,52,100.0481822124926,13.163437236731252,208,1917,81.3662755677521,87.12300343914958,0.6337244322479023,0.007728346734730516,-2021007.6869194165,10825619.341577927,10390583.459978634,-0.1866874885538731,0.6055,-56104.41558200004,547682.5615474033,1.519205718766862,-108371.25,-524813.2499999998,435721.98400000005,570,10.0
82.0,5.75,10000,63,101.1505310535742,13.743815283122592,207,1917,81.42294810363481,87.2976454240619,0.5770518963651909,0.007037218248355987,-1986237.8203739605,10796468.981484348,10354579.770998616,-0.1839710579246145,0.6079,-51184.34627800005,551104.3155148358,1.7996506207794618,-108371.25000000023,-517875.7040000001,440915.8999999985,563,10.0
82.0,6.0,10000,66,100.99018947889611,14.228799089356857,207,1917,81.42214714181378,87.41230841803598,0.577852858186219,0.007046986075441695,-1994221.9996884223,10850229.234637603,10394100.434029084,-0.18379537948582605,0.6098,-69099.61836100004,616487.2340131281,0.9618143163011311,-119300.99999999907,-543523.5,442986.89999999944,552,10.0
82.0,6.25,10000,71,103.0910733788993,14.220705346985211,207,1917,81.56379454270845,87.77321089930201,0.4362054572915497,0.005319578747457923,-2199247.3752873046,10824716.280307602,10391098.00909758,-0.20316905481284442,0.6295,-78406.06612100005,644487.15888964,0.8625065985744813,-118930.5,-556218.5020000007,442986.89999999944,543,10.0
82.0,6.5,10000,101,101.6690568248146,10.55208509201418,204,1917,81.5968300630327,87.97023681524944,0.4031699369673021,0.004916706548381732,-2196087.5029984536,10786073.31657996,10343776.973221974,-0.20360398437332217,0.631,-104257.86620400003,746470.4715988458,-0.0794801513695091,-145448.13500000036,-583521.9200000009,460161.00000000023,535,10.0
82.25,3.5,10000,17,99.34287213043304,14.567066775434098,198,1917,80.54659202058282,85.25326511955912,1.7034079794171788,0.020710127409327404,-1541137.5303544158,10868491.912660662,10370970.08589499,-0.14179865456394652,0.5856,52940.793544999986,456462.6732840481,0.40492911070659116,7993.01500000013,-419988.35000000056,583352.2499999995,576,10.0
82.25,3.75,10000,20,101.76434659621813,13.102725366876308,204,1917,80.63903073866733,85.44138161529115,1.61096926133267,0.01958625241741848,-1395533.0141247902,10881831.778756294,10384789.553105522,-0.12824431056259983,0.5627,41117.462296999984,440472.3008616729,1.5782145807407926,-7177.629999999888,-446823.0,541856.2499999997,578,10.0
82.25,4.0,10000,18,103.5183347889726,13.420657075370409,208,1917,80.73697978800708,85.65160257747996,1.5130202119929237,0.01839538251663129,-1439828.826089338,10882503.68849323,10402297.943992827,-0.13230676205621336,0.5657,37826.10124599999,446308.34058922646,2.1242056390500017,-13721.040000000037,-444822.29999999993,541910.2289999999,576,10.0
82.25,4.25,10000,19,103.73587593488267,11.749224551179623,208,1917,80.9700014204507,86.10497906141535,1.2799985795493,0.015562292760477813,-1351677.93500539,10817022.31679884,10252215.80470433,-0.12495841234479416,0.5606,16107.214260999977,469137.60420751804,1.5440349505900028,-29269.499999999738,-461890.1900000004,515461.8870000004,575,10.0
82.25,4.5,10000,37,105.22512894470454,13.573677923770221,210,1917,81.1162124199821,86.36237299040647,1.133787580017895,0.013784651428788996,-1459971.7644003178,10852580.824007628,10355332.2939437,-0.13452761035150543,0.5703,3856.898045999975,476457.11673025094,1.4328348972446343,-43348.5,-468097.87000000034,487207.49999999977,569,10.0
82.25,4.75,10000,36,102.56455785046411,13.810628659816592,210,1917,81.27559575699117,86.68042503646582,0.9744042430088342,0.011846860097371844,-1640070.1972990292,10831538.856457328,10367650.338157518,-0.15141617631933113,0.5685,-27044.91481100005,461857.1725501994,1.7638701656530615,-77434.5,-480353.2500000006,442986.89999999944,565,10.0
82.25,5.0,10000,45,100.31066763802711,13.746838227207741,209,1917,81.34173998759577,86.85760722569714,0.9082600124042273,0.011042674922847748,-1769278.1221674052,10791707.439148152,10372858.489235437,-0.16394793244201067,0.5802,-38429.568017000056,478834.02327846485,2.1535242259870127,-91328.25000000052,-500494.2000000002,430959.9000000016,563,10.0
82.25,5.25,10000,49,98.3106998375559,12.71617497456765,206,1917,81.42909256991524,87.0775594156218,0.820907430084759,0.009980637447839015,-1950455.3440744507,10820556.148558566,10388433.259347776,-0.18025462991883978,0.5979,-48379.43742000005,517383.31209415937,1.2147254822254503,-93921.75000000015,-501471.75,435313.55999999866,560,10.0
82.25,5.5,10000,49,99.40821773420994,12.535098275170474,205,1917,81.49026612213999,87.24963505780423,0.7597338778600147,0.009236886053009296,-1849265.5838969573,10853631.190868886,10378364.105182797,-0.17038220217513347,0.5941,-63153.27716700006,552856.8096407966,1.0571190502168601,-109112.25,-522203.3910000001,434910.0,555,10.0
82.25,5.75,10000,53,99.3130865889905,13.825904214135603,205,1917,81.49391306937638,87.36519031228444,0.7560869306236242,0.009192546268980233,-1845685.1368928638,10799830.896592995,10346243.009957494,-0.17089944783071734,0.5963,-67879.03428800005,539854.8879467549,0.7947425902620908,-113558.24999999907,-538892.25,442986.89999999944,544,10.0
82.25,6.0,10000,59,100.7045947408582,13.152356902356901,205,1917,81.64774768446735,87.72380809689176,0.6022523155326525,0.007322216602220699,-1949463.8024006416,10818237.17400578,10421266.752600659,-0.18020161427823397,0.6121,-80205.00187200005,591084.4459298591,0.596486395496713,-118930.5,-547599.0,435708.0,538,10.0
82.25,6.25,10000,82,99.27256062025738,12.1630826116571,202,1917,81.68924551353668,87.92422901581216,0.560754486463324,0.0068176837259978605,-1985964.1733298786,10762402.75021773,10327888.410344088,-0.18452795527371443,0.6146,-103889.98744400004,663600.4019097728,0.14401035585560337,-145298.50999999978,-566309.2500000005,430521.0,532,10.0
82.25,6.5,10000,76,100.02533271844614,11.712893553223386,201,1917,81.66422063990373,87.99421679217019,0.585779360096268,0.007121937508769215,-1977169.15114459,10732291.263377361,10337882.049367087,-0.18422619202401255,0.6125,-117106.52308500004,722312.7955130679,-0.49341409224293303,-145298.50999999978,-568196.71,457040.4400000004,523,10.0
82.5,3.5,10000,24,95.3340983897093,13.484358144552315,194,1917,80.80648595739281,85.57706087312766,1.693514042607191,0.020527442940693225,-1466789.8211282599,10882566.30219665,10400254.906915693,-0.13478344908702167,0.5738,45454.254229999984,444396.1974791799,2.107929447194304,-3149.25,-446823.0,560882.28,562,10.0
82.5,3.75,10000,25,97.13921196885754,13.536928741607102,198,1917,80.91686835216692,85.8035345698058,1.5831316478330848,0.019189474519188905,-1443160.174866047,10909491.526736418,10421393.319408724,-0.13228482476284295,0.5633,39305.70912699999,465036.65553753026,2.3962843632005177,-11639.399999999907,-464051.25,541119.9240000006,561,10.0
82.5,4.0,10000,26,98.40644105256774,12.87730503760173,199,1917,81.13920421827036,86.23755131184873,1.3607957817296352,0.01649449432399558,-1376306.544622658,10868599.898594124,10375913.927337708,-0.126631448159269,0.5543,8544.772643999982,477271.2817158034,2.120274399868627,-43348.5,-470349.74999999907,482483.9670000009,560,10.0
82.5,4.25,10000,33,100.6431731170264,12.25850740413847,202,1917,81.2685630327553,86.4605842434543,1.2314369672447043,0.014926508693875204,-1443178.4537965665,10893576.689310744,10418345.57125154,-0.1324797626120975,0.5683,6385.22580399997,456086.18148314947,1.5778280047648714,-37329.30000000005,-469979.25,486665.2399999996,556,10.0
82.5,4.5,10000,25,98.95049926008649,13.751375137513747,203,1917,81.40256499518958,86.7375108769305,1.0974350048104213,0.01330224248255056,-1606955.23777589,10792984.619655306,10345513.276569001,-0.1488888657220389,0.5685,-31820.05473700005,459063.6100454251,1.0210596132233567,-74807.93999999855,-485944.9500000002,435708.0,552,10.0
82.5,4.75,10000,27,96.4272953413947,12.080796366096454,202,1917,81.48549474964801,86.9138509241586,1.0145052503519878,0.012297033337599851,-1665394.9510713161,10820823.031015756,10401739.545834906,-0.15390649549463936,0.5708,-34646.984614000045,446785.04402376444,1.379470291897073,-88076.96999999974,-487948.5,435313.55999999866,550,10.0
82.5,5.0,10000,39,94.27390196077096,11.398869232172167,199,1917,81.59194345100055,87.13830897256356,0.9080565489994541,0.011006746048478231,-1920629.9929954791,10851435.977701955,10419104.232926428,-0.1769931644938127,0.5894,-46854.047462000046,502363.17964826623,0.510256506564193,-88265.44999999972,-500494.2000000002,430521.0,547,10.0
82.5,5.25,10000,38,94.78585551982667,12.057490112858106,198,1917,81.67244592880049,87.30412653604448,0.8275540711995149,0.010030958438781998,-1797145.6268454315,10839326.790487584,10408407.264281072,-0.16579863875149306,0.5769,-56004.90194200004,502301.71011189005,1.1388657662632937,-108371.24999999977,-515151.978,435708.0,543,10.0
82.5,5.5,10000,48,94.83973471646117,13.736263736263734,198,1917,81.68302189874008,87.42833568011247,0.8169781012599202,0.00990276486375661,-1783001.295688649,10795799.862695662,10360776.120165441,-0.16515694236327216,0.5859,-62231.52705100005,513828.3900830666,0.8487182857098496,-109263.87000000011,-524742.9499999998,430521.0,535,10.0
82.5,5.75,10000,47,97.17049861093112,13.187045046945876,199,1917,81.82607845279398,87.77668238800794,0.6739215472060209,0.008168746026739648,-1980471.2166867515,10847192.10168219,10434435.989874663,-0.18257915948401232,0.6066,-78266.98387900005,560429.9010378427,0.9490647954447479,-118930.5,-547969.5,435708.0,529,10.0
82.5,6.0,10000,81,96.59297488265658,12.14299591995337,198,1917,81.9453453937765,88.05085301661619,0.5546546062234938,0.00672308613604235,-1853476.835948511,10722542.602559006,10299622.052070107,-0.17285795959497205,0.5967,-99767.24422900005,649381.4884070988,-0.039266217568478735,-145298.50999999972,-568196.71,435313.55999999866,527,10.0
82.5,6.25,10000,89,97.44945383794527,11.496367147981237,197,1917,81.92321646121928,88.12334718215189,0.5767835387807168,0.006991315621584446,-1953568.2041852959,10732782.084798537,10347880.717448391,-0.18201880824099168,0.6064,-112327.97991700003,658796.2973139997,-0.041402317520261876,-154579.4400000004,-585155.1409999997,434910.0,520,10.0
82.5,6.5,10000,73,96.99835328617955,11.300967362806256,198,1917,82.00111079426897,88.36566129157077,0.49888920573103235,0.006047141887648877,-2071457.1839175422,10766230.859555094,10329653.254229622,-0.19240319206782674,0.6214,-137652.558006,742461.7128310474,-0.4561843504235446,-167558.62499999988,-632626.4699999987,442986.89999999944,511,10.0
82.75,3.5,10000,23,92.70565371472506,11.257204610951007,190,1917,81.07189760263334,85.97227021668236,1.6781023973666578,0.020279183049748132,-1535695.5180716366,10969277.431649178,10507974.186948081,-0.13999969712141305,0.5652,25376.85396699999,437765.6260073503,2.311751974611787,-16243.290000000154,-464051.25,505343.9500000003,551,10.0
82.75,3.75,10000,21,94.90794976417382,12.038909756332465,192,1917,81.28170307784248,86.37948677736308,1.4682969221575206,0.01774376945205463,-1402651.0066657914,10872794.707128426,10451111.950305736,-0.12900556337610097,0.5583,-2056.122848000017,463149.9060246841,1.7141444924312539,-43348.5,-476856.2999999998,471865.7410000007,552,10.0
82.75,4.0,10000,30,98.10749713869627,12.195121951219509,196,1917,81.38690683896266,86.57213078867807,1.363093161037341,0.01647242490679566,-1510270.4707664656,10881951.298926026,10439102.337583162,-0.1387867331216157,0.5604,-20762.09448500002,447808.10387321434,1.3510401250429074,-69468.75,-476856.29999999993,443117.9999999989,550,10.0
82.75,4.25,10000,36,97.2140180080813,13.988361683079676,198,1917,81.48847054805407,86.7946802682802,1.2615294519459326,0.015245068905691028,-1576458.5098125336,10845615.33967901,10423056.537873182,-0.1453544552741985,0.5541,-27873.015561000037,464900.3644214527,1.326677175243017,-77249.25,-487948.5,441521.2400000002,548,10.0
82.75,4.5,10000,31,94.81023059851361,12.187987519500778,198,1917,81.57579181242832,86.97028367771419,1.1742081875716792,0.014189827040141139,-1677480.5961213426,10840932.203677436,10415469.771782266,-0.15473582572099395,0.5593,-37219.27404000005,481098.8849423988,1.6680761722291588,-91328.25000000064,-500494.2000000002,441521.2400000002,546,10.0
82.75,4.75,10000,46,92.48216731989612,12.493753123438282,195,1917,81.6923665821874,87.19367785654043,1.0576334178125961,0.012781068493203578,-1787203.420082602,10836838.455172911,10425843.033962972,-0.16491926381254574,0.5769,-48649.61405700004,478233.2759817856,0.9037420833891152,-92625.00000000052,-500494.2000000002,430521.0,543,10.0
82.75,5.0,10000,34,93.90228202600034,13.41489590040781,196,1917,81.72761440522768,87.29014339528419,1.0223855947723166,0.012355112927762134,-1675956.9273072404,10832938.973763801,10372952.80088588,-0.15470934816177084,0.5636,-52213.484033000044,491253.4204682841,1.016480639150661,-89429.38999999966,-519164.7400000007,421734.2599999998,539,10.0
82.75,5.25,10000,42,93.47935829997066,11.8058179070646,196,1917,81.74763340882986,87.40567136237885,1.0023665911701443,0.012113191434080293,-1779024.469158458,10852514.576616092,10419996.512359513,-0.16392739734178485,0.5778,-63807.01265600003,503186.68701255607,0.7355969247169049,-109037.10499999998,-524813.2499999991,430521.0,532,10.0
82.75,5.5,10000,42,96.83702617592505,13.390465988216391,198,1917,81.95594099995859,87.81620280907715,0.7940590000414147,0.00959587915457903,-1776907.4639743431,10822105.180738384,10417076.140415967,-0.16419240381593725,0.5878,-74002.84300600004,548087.1839267921,0.947851880969457,-114669.75,-538892.25,430521.0,528,10.0
82.75,5.75,10000,65,95.77635726555104,12.478786063691723,197,1917,82.08711515159918,88.08573081636129,0.6628848484008216,0.008010693032034099,-1777940.7779508885,10723400.309925158,10345817.718976337,-0.1658000938662428,0.5935,-98178.01867900004,571194.4337121379,0.33544798140568605,-132453.75,-559700.4800000009,418479.7499999991,528,10.0
82.75,6.0,10000,73,96.56137558763174,12.399563535363551,196,1917,82.06667949837666,88.15590509600956,0.6833205016233421,0.008257649566445223,-1751363.574927058,10748187.318611417,10347883.15359375,-0.16294501789100943,0.5867,-107632.63436700004,638921.9324365824,-0.3151817517035034,-143727.40000000037,-568196.71,418630.4199999999,523,10.0
82.75,6.25,10000,77,96.70702423967208,11.435367303997804,198,1917,82.15981367502671,88.41160847935178,0.5901863249732884,0.007132161026867533,-1690555.2910422191,10711309.080080396,10276899.194890352,-0.1578290084249469,0.5933,-125203.296667,698902.0324429958,-0.6716198784705996,-153016.5,-591863.4900000002,442986.89999999944,515,10.0
82.75,6.5,10000,103,92.93122781985035,10.118999433336032,190,1917,82.20142261911342,88.64119729366232,0.5485773808865844,0.006629333907994977,-1767738.3140453575,10748587.893842671,10356101.560382046,-0.16446237696562974,0.6059,-134712.737862,742399.485109532,-0.43489327076106593,-166443.42000000086,-632276.2999999989,442986.89999999944,504,10.0
83.0,3.5,10000,26,91.86411863026957,12.735608762098828,187,1917,81.39791404604941,86.50508589158196,1.602085953950592,0.019302240409043277,-1429356.4413709547,10878055.4990624,10421941.178158455,-0.13139815672885227,0.5539,-8247.629497000027,451967.8388920976,1.0174160684955484,-47238.75,-480167.9999999996,473161.00900000124,541,10.0
83.0,3.75,10000,35,94.88282122952201,11.803588290840413,191,1917,81.5043909120597,86.6934766890359,1.495609087940295,0.0180193866016903,-1406949.4716023866,10889043.358077569,10431370.339213196,-0.12920781241620288,0.5522,-572.672160000018,449904.3468456506,1.4066541683710696,-37631.96999999974,-469979.25,464236.5,540,10.0
83.0,4.0,10000,28,94.2255847766288,12.090144114517846,193,1917,81.61407414847811,86.93086842973496,1.3859258515218897,0.016697901825564937,-1843053.6183168488,10921640.731807822,10461820.683176115,-0.16875244879180112,0.5792,-26270.465824000043,457427.71576999925,1.263906053200072,-76005.70000000019,-497396.25,443117.99999999924,538,10.0
83.0,4.25,10000,41,93.49965284111163,10.8038029386344,195,1917,81.72976406557993,87.10661619889271,1.2702359344200715,0.015304047402651464,-1753991.7808346665,10908767.716038296,10507427.84068243,-0.16078734340047515,0.5623,-36217.530884000036,455420.1041021832,1.1938558108285544,-88178.9999999993,-500494.2000000002,443117.99999999924,538,10.0
83.0,4.5,10000,33,92.47701841138408,12.352999308232038,194,1917,81.76954571510628,87.20780385362126,1.2304542848937245,0.01482475042040632,-1734950.881937497,10827227.306685366,10385463.14879557,-0.16023962855811077,0.5692,-49874.59518600003,469778.8392716149,0.4540704717133137,-91328.25000000041,-500494.2000000002,424738.9200000006,535,10.0
83.0,4.75,10000,43,93.93464796791197,11.913839115516584,195,1917,81.80429342852877,87.29794929360419,1.1957065714712343,0.014406103270737762,-1733297.1964404194,10860340.755924575,10445582.893708246,-0.15959878565457206,0.5725,-45131.72816600003,462405.6645011174,1.3045189906092467,-88076.9700000002,-500494.2000000002,424909.57800000143,532,10.0
83.0,5.0,10000,48,93.227220529574,12.121799844840963,195,1917,81.83139426800122,87.40464527833362,1.168605731998781,0.014079587132515434,-1644051.8870222953,10797538.794492241,10417048.278012447,-0.15226172540921235,0.5727,-55730.053338000056,459958.3191503391,0.9602080059790732,-103184.2500000009,-501471.75,435313.5600000005,525,10.0
83.0,5.25,10000,49,96.28350282147885,13.235916984328675,198,1917,82.04619795665143,87.80440217097123,0.9538020433485741,0.01149159088371776,-1648888.0709814334,10818368.051581157,10417040.5630574,-0.15241560123668008,0.5746,-77797.41086800004,484384.6874275371,0.05339894473367715,-109798.33999999985,-525412.6999999993,418630.4199999999,522,10.0
83.0,5.5,10000,44,95.47086694683564,12.292260792604974,197,1917,82.17934899519729,88.07663058252653,0.8206510048027127,0.00988736150364714,-1620450.856541183,10715352.88423983,10286811.062849732,-0.15122701735045485,0.5845,-99682.95779700004,554556.4836153334,-0.5765874457706185,-120189.06000000052,-554638.5,405697.499999999,523,10.0
83.0,5.75,10000,38,96.0944096499568,12.11122953202209,196,1917,82.16243525468248,88.1411860270016,0.8375647453175219,0.010091141509849662,-1692538.6254452982,10713058.37771795,10312973.945637448,-0.15798836949919015,0.5839,-101106.30690600004,581220.067977522,-0.4076098086856916,-132453.75,-559700.48,418630.4199999999,519,10.0
83.0,6.0,10000,82,96.79429261444592,11.143799589908172,199,1917,82.29344110686891,88.42425062581327,0.7065588931310884,0.00851275774856733,-1717625.326010544,10698914.853125708,10308484.239235846,-0.16054201286672887,0.5874,-117121.88139300006,605682.945856464,-0.3676095929532746,-153016.5,-568196.71,418630.4199999999,512,10.0
83.0,6.25,10000,81,93.39132256315644,9.911195686647638,191,1917,82.34233603786298,88.66291784843011,0.6576639621370219,0.00792366219442195,-1585872.4811806567,10715435.872662548,10303597.175557345,-0.14799887750964652,0.5851,-132554.61826400005,673770.0432741678,-0.624699992869616,-167280.75,-591863.4900000002,435708.0,502,10.0
83.0,6.5,10000,82,89.50828331394206,9.371017317640003,184,1917,82.4494047535411,88.94743194280198,0.5505952464588972,0.006633677668179485,-1542978.8541909,10721105.031249298,10345115.540302446,-0.14391975917533767,0.5959,-169320.91868100004,737425.6406822923,-1.1138452773627916,-167836.5000000002,-635778.0000000009,394226.4780000016,488,10.0
83.25,3.5,10000,30,92.33214950043642,12.537612838515544,183,1917,81.58772476403796,86.81265598601912,1.662275235962042,0.019967270101646152,-1789491.3456863328,10895261.599874133,10483148.707793798,-0.16424491778214906,0.5766,-27113.61311100003,441199.3320327787,0.8783118092706307,-66559.09000000032,-476306.5350000003,419758.52600000123,529,10.0
83.25,3.75,10000,45,92.50697094748676,12.602076822260305,186,1917,81.67150927489965,86.99637140974873,1.5784907251003517,0.018960849550754975,-1915874.896545115,10896325.727761956,10474125.499694334,-0.17582760871986386,0.5736,-30795.99401000004,466459.38989651244,1.5207490036983098,-88076.96999999974,-491655.4000000004,435708.0,528,10.0
83.25,4.0,10000,49,92.49600073997567,11.326567596955417,189,1917,81.76122518537655,87.11156696464404,1.4887748146234543,0.01788318095643789,-1784745.7172500251,10840897.590153491,10435122.341276765,-0.164630806850446,0.5725,-28824.39173100003,461185.27339849004,1.0021013988182623,-73914.75,-497396.25,442986.89999999944,528,10.0
83.25,4.25,10000,40,91.63448126208101,11.255177381595532,189,1917,81.79904518331885,87.20566668533775,1.450954816681147,0.017428886686860625,-1762290.2142440255,10860241.59475666,10461360.574516255,-0.16226989048704607,0.5689,-45159.75084800004,472514.0456291809,0.7779292805180447,-88265.44999999966,-500494.2000000002,426445.50000000064,526,10.0
83.25,4.5,10000,43,93.57970728297894,12.713588283157035,192,1917,81.85620020399963,87.3012176273626,1.3937997960003656,0.016742339891896284,-1659276.7069613724,10799115.693321526,10403427.312985744,-0.15364931296990506,0.5622,-54590.02428700004,475216.0700496191,0.3543817338451826,-92625.00000000023,-500494.2000000002,418630.4199999999,524,10.0
83.25,4.75,10000,40,93.03245192137253,12.202264740335806,192,1917,81.88247028679905,87.40803418663623,1.3675297132009518,0.016426783341753175,-1705412.189368594,10848310.738432037,10462966.689959584,-0.15720532260629974,0.5782,-56625.48395100004,477814.6645405563,0.9404986694257731,-103184.25000000114,-504392.2399999993,418630.4199999999,521,10.0
83.25,5.0,10000,47,96.08605195748599,12.982966348151225,195,1917,82.10168293144106,87.80558377529236,1.1483170685589386,0.013793598421128392,-1675534.6943860122,10838428.738543982,10424777.349962607,-0.15459202941727335,0.5729,-72529.95016200004,485540.8926406151,0.850769440621223,-109798.33999999985,-519164.7400000007,418630.4199999999,520,10.0
83.25,5.25,10000,40,94.45751560853307,12.397104036497073,194,1917,82.2537639083378,88.06604048489622,0.9962360916621975,0.011966799899846217,-1501624.7730740276,10693902.055080416,10263035.756467732,-0.14041878870216898,0.5652,-102737.23633500004,519189.92508121487,-0.623517492762916,-119301.0,-550543.6200000001,361422.7500000001,521,10.0
83.25,5.5,10000,37,95.52540067140576,12.105365097811347,193,1917,82.23115794274452,88.13304391300238,1.0188420572554833,0.012238343030095895,-1566383.9361568047,10699363.48463717,10275908.293824999,-0.14639973101258957,0.5727,-98499.82623900003,550807.9245353983,-0.2832568990106987,-128227.3900000006,-559700.4800000009,418479.74999999907,518,10.0
83.25,5.75,10000,62,95.56981526673022,11.68661181750187,196,1917,82.3761440375928,88.40882989427043,0.8738559624072053,0.010496768317203668,-1436896.9340486855,10629752.306248916,10223618.71588882,-0.1351768971327748,0.5726,-124750.45661400004,583741.9355366562,-1.3551033154651824,-145298.50999999992,-568196.71,418630.4199999999,512,10.0
83.25,6.0,10000,73,92.78162590293161,11.006427753808223,190,1917,82.4231053726713,88.65045833101547,0.8268946273286986,0.009932668196140523,-1431803.472153475,10689987.62025707,10270421.894524166,-0.13393873997012573,0.5728,-124195.47854600006,640360.0760744214,-0.4602797709754638,-155424.75,-597431.2500000009,421928.36400000047,503,10.0
83.25,6.25,10000,79,89.61736750596606,10.522771277043523,185,1917,82.5517500714881,88.95378821885731,0.698249928511899,0.00838738652867146,-1376360.4343389801,10720135.197141618,10314051.537161821,-0.128390212346013,0.5899,-158619.31006000005,659770.0814425354,-0.7622093212388589,-170179.2000000002,-608154.2800000003,360433.4199999999,489,10.0
83.25,6.5,10000,110,90.67830502831839,9.101499927188,187,1917,82.5076874030324,88.99951999403814,0.7423125969675937,0.008916667831442567,-1418046.210023049,10727683.181583995,10347937.38491995,-0.1321856906118724,0.5929,-161597.92719700004,731084.6701083328,-0.9328136980831213,-167280.75,-635778.0,405697.499999999,475,10.0
83.5,3.5,10000,38,85.59835623601354,9.813157481551263,176,1917,81.93201422653267,87.2782286441762,1.5679857734673277,0.01877827273613566,-1677503.22318284,10890301.326685613,10459438.095777387,-0.15403643782310075,0.5555,-43894.63202900002,455322.7399720749,1.5017928412839072,-92625.00000000061,-501471.75,434910.0,511,10.0
83.5,3.75,10000,49,86.59463853307852,10.06117192530586,180,1917,81.98774861474814,87.33259598775555,1.512251385251858,0.018110795032956383,-1599063.9821865861,10846047.77818614,10420289.4434882,-0.1474328727744189,0.5555,-48197.58380300002,452499.5450925894,1.245238490427098,-93921.74999999977,-500494.2000000002,418721.27800000116,511,10.0
83.5,4.0,10000,35,86.45162275438335,10.34340091021928,181,1917,82.00116931375581,87.37192834421184,1.4988306862441902,0.017950068098732817,-1735658.2165060402,10855614.037604682,10449118.783097344,-0.15988577067069507,0.5616,-53193.476578000016,448183.15674773965,0.6776264415766011,-92625.00000000058,-500494.2000000002,418630.4199999999,510,10.0
83.5,4.25,10000,43,88.65008666111132,10.948585442760793,185,1917,82.0576999491389,87.4610455195544,1.4423000508611068,0.01727305450133062,-1589265.3826412952,10813285.71297052,10398883.342462461,-0.14697340150135624,0.5594,-58438.521084000015,463337.30356397596,0.834338665753551,-102628.5,-509611.72999999975,418630.4199999999,508,10.0
83.5,4.5,10000,48,87.93666574978275,10.17087062652563,185,1917,82.09277733288087,87.57105747185847,1.4072226671191288,0.01685296607328298,-1604115.5451922433,10865623.993405228,10466365.39934666,-0.14763216048759314,0.5674,-53735.649957000016,491536.0625890615,0.9395023960291471,-104851.5,-509611.73,430521.0,506,10.0
83.5,4.75,10000,48,90.76815277195647,11.758066033298844,188,1917,82.33343558419915,87.98604918260625,1.166564415800849,0.013970831326956276,-1469897.001060614,10784625.164575893,10380967.800411025,-0.13629560403163235,0.5544,-75102.26806900001,493342.39983267547,-0.02888923229277622,-113280.37499999953,-524813.25,424738.92000000016,506,10.0
83.5,5.0,10000,37,90.15861053450938,11.517552750391593,188,1917,82.46473710446247,88.21292109295781,1.035262895537528,0.012398358030389557,-1374009.7612211516,10665118.509254435,10210386.463313881,-0.12883211377622134,0.5541,-100899.14762600002,498105.0772172093,-0.3821880842906672,-129675.00000000029,-543523.5,394187.6799999997,509,10.0
83.5,5.25,10000,44,90.5320320098905,10.804736796611634,187,1917,82.45578637652363,88.27051086271042,1.0442136234763666,0.012505552376962475,-1438032.1399682732,10752040.989591628,10345853.118516942,-0.13374503885916555,0.5671,-93051.35842300001,535084.731399372,-0.25612422232377213,-119109.86000000034,-550619.6580000002,367223.0700000003,506,10.0
83.5,5.5,10000,54,92.87509653868561,11.448983330280269,194,1917,82.50903014873343,88.4423267643595,0.9909698512665699,0.011867902410378082,-1379001.3345412028,10702866.618730163,10278173.667256813,-0.12884411099059495,0.5639,-94862.22119600003,573404.0807905743,-0.6691759293365467,-119300.99999999907,-556120.5,430521.0,501,10.0
83.5,5.75,10000,55,89.37848439217743,10.16260162601626,188,1917,82.58418527868898,88.69392506487273,0.9158147213110226,0.010967840973784702,-1389957.6128614093,10729455.939714726,10349966.351418445,-0.12954595467571914,0.5645,-120783.42945700002,609130.4121461547,-0.6232554696475481,-153016.49999999977,-568196.71,418630.4199999999,496,10.0
83.5,6.0,10000,73,86.80754072062263,10.342545093496607,184,1917,82.74121362854149,89.030451755142,0.7587863714585126,0.00908726193363488,-1075771.9340438985,10702901.631475924,10322178.567570543,-0.10051217614484888,0.5733,-146489.30556900005,606254.9437759614,-0.486560343027769,-160982.25000000012,-625054.0199999996,356359.6300000008,483,10.0
83.5,6.25,10000,102,87.89919458058537,10.26019863744562,186,1917,82.6964359953319,89.07628733859384,0.8035640046681038,0.009623521013989268,-1183143.4394703002,10716316.701130759,10344678.969961984,-0.1104057926307327,0.5778,-155221.86404800005,683999.2304343395,-1.109795487218914,-162093.7499999996,-615245.0800000001,386256.62400000176,471,10.0
83.5,6.5,10000,103,85.46408622672111,8.431134493457439,182,1917,82.70383867149563,89.24539039810621,0.7961613285043683,0.009534866209633152,-1377781.6352348276,10777287.956177529,10395370.272647174,-0.1278412195013389,0.596,-152462.5379,744123.8717154594,-0.7831072982512701,-159265.7899999997,-635778.0000000009,418630.419999999,465,10.0
83.75,3.5,10000,27,78.33414151680391,9.100837277029486,163,1917,82.21813376365267,87.46070426873948,1.5318662363473265,0.018290940135490465,-1600039.3960011196,10843992.4990979,10389422.066462308,-0.14755076565519804,0.5659,-24842.770123000006,427681.0243373161,2.546201337575725,-79924.26000000007,-464051.25,421734.2599999998,502,10.0
83.75,3.75,10000,12,78.25590878316599,8.355056480181805,164,1917,82.23108595527695,87.50045507438415,1.5189140447230471,0.01813628710117071,-1654282.1274473404,10874831.299821151,10469528.414165923,-0.15212025656660502,0.5642,-35361.142288,457725.1380525598,0.8555615401006996,-84844.5,-487884.84999999916,418630.4199999999,502,10.0
83.75,4.0,10000,19,80.25770483219824,9.525986892242036,168,1917,82.29433862638975,87.58839887604643,1.4556613736102548,0.01738103132668961,-1593247.876480803,10834039.57999016,10378839.32419848,-0.14705944765269632,0.5691,-39285.29689500001,457457.248026869,1.3522665168809636,-88127.98499999978,-487884.84999999986,418630.4199999999,501,10.0
83.75,4.25,10000,15,79.34139341429884,8.705341597604288,168,1917,82.34198104829638,87.70537332191984,1.4080189517036246,0.016812166587505964,-1574596.5772751046,10863113.578558821,10412362.733871048,-0.14494891965255527,0.5732,-48182.45490100001,447955.66151594615,1.4567184151717085,-92625.00000000058,-500494.2000000002,405697.49999999907,500,10.0
83.75,4.5,10000,22,82.41312100392302,8.72783130847647,172,1917,82.60037774995644,88.15335683230785,1.1496222500435636,0.013726832836341057,-1627197.0561941885,10889977.610584702,10484760.987821586,-0.14942152448620336,0.5733,-62272.19362500002,467418.96507274243,0.938384166338591,-106889.25,-513957.5999999991,399231.42000000086,501,10.0
83.75,4.75,10000,20,82.67247740144379,10.536963668549271,173,1917,82.71198442129324,88.3415233251194,1.0380155787067622,0.01239421586515537,-1407311.094864697,10690477.289500145,10214834.245277867,-0.1316415588148636,0.5672,-81767.27759400003,462280.4380471584,0.12981406084746852,-113280.37499999953,-538892.25,391988.9999999998,504,10.0
83.75,5.0,10000,19,82.66729759273838,10.144457068657685,172,1917,82.71522461254577,88.39555000184932,1.034775387454232,0.01235552701437889,-1512294.3503878731,10762007.20716527,10347346.592280759,-0.14052158870335993,0.5772,-78666.22660400002,495989.2065775165,0.2735262146355365,-114669.75,-538892.25,405593.76,501,10.0
83.75,5.25,10000,27,84.23230252125482,10.810343336504367,179,1917,82.79099306523868,88.56985358923183,0.9590069347613195,0.01145082907177695,-1254728.9925005084,10628953.459516864,10144509.510446627,-0.1180482158736954,0.5695,-97620.75749500001,501101.355836613,-0.7134364401928731,-118930.5,-554638.5,405697.49999999884,497,10.0
83.75,5.5,10000,20,80.61708312271222,9.625009625009627,173,1917,82.90251718453149,88.8579567135151,0.8474828154685099,0.010119197796638925,-1295164.2137315269,10670024.400931668,10221503.4797467,-0.12138343503867131,0.575,-99726.39951100001,562385.1378452489,-0.863914561569219,-120189.06000000006,-568196.71,418630.4199999999,492,10.0
83.75,5.75,10000,34,79.0959620512336,9.044208089139712,171,1917,83.00508075043815,89.11282303092959,0.7449192495618462,0.008894558203723537,-963366.215589809,10701837.560815811,10294686.235566184,-0.09001876641420174,0.5663,-125823.22427800002,602871.5891594924,-0.8751077870186944,-142776.63999999966,-570136.6100000003,356359.6300000008,481,10.0
83.75,6.0,10000,42,79.93952586366166,9.057314687341497,173,1917,82.97047931080354,89.15894240449073,0.7795206891964597,0.009307709721748773,-966289.6446402058,10695677.421124037,10284483.48394792,-0.09034394050925443,0.5712,-114676.32783800001,594752.7878816955,-0.45917925065571813,-142776.63999999966,-569146.691,399684.7600000007,469,10.0
83.75,6.25,10000,48,77.4705441903454,8.92092492149586,170,1917,82.99226382131523,89.31721514531432,0.7577361786847661,0.009047596163400192,-1042339.7719566923,10689594.330978664,10242147.14500953,-0.0975097594616823,0.5883,-134514.04773700004,629261.4363402332,-1.1888823330686125,-151743.11999999965,-631702.4999999995,394187.6799999997,463,10.0
83.75,6.5,10000,52,79.07532976742333,8.537085097664253,171,1917,83.02359136289898,89.43959323612984,0.7264086371010166,0.008673535965385273,-1240246.9978601357,10688597.770491233,10246844.308602372,-0.11603458418878604,0.6022,-134445.76352300003,667463.1340153397,-0.8470649118376492,-155424.75,-631908.4600000002,405697.499999999,453,10.0
84.0,3.5,10000,21,76.74501269411545,8.559298822240482,158,1917,82.27129299517595,87.49910738267063,1.7287070048240452,0.020579845295524347,-1693178.6360209002,10881779.406951582,10424160.510519767,-0.15559758865716858,0.5764,-44487.535408,450958.89573741297,1.2762182366847759,-88265.44999999987,-497396.25,405788.0539999997,482,10.0
84.0,3.75,10000,23,78.87980258822067,8.804677044446008,162,1917,82.33257285416182,87.58967952400657,1.6674271458381753,0.019850323164740183,-1614652.0178063265,10868310.593735807,10431175.733460283,-0.14856513382465966,0.5742,-49120.162794,426277.014904555,1.2907479150360102,-88635.0,-500494.2000000002,418630.419999999,481,10.0
84.0,4.0,10000,28,77.8138703061253,8.996041741633679,162,1917,82.3846534390234,87.7023560101491,1.6153465609766045,0.019230316202102433,-1438960.9741020894,10821150.649551876,10368630.140630616,-0.13297670651703564,0.5631,-56371.22610300001,418198.64853593305,1.2280949581093603,-102628.5,-497396.25,394187.68000000156,483,10.0
84.0,4.25,10000,21,80.97187837558089,9.09818764102191,166,1917,82.64861145794684,88.1577050268173,1.351388542053158,0.016087958833966166,-1505464.7591449127,10877635.454951592,10422369.949974049,-0.138400001119693,0.5729,-56667.621524,465857.62535752775,0.8175347800142498,-101626.06000000006,-500494.2000000002,418630.4199999999,484,10.0
84.0,4.5,10000,8,82.08901367364997,11.022927689594356,168,1917,82.81576569937776,88.38295234159203,1.1842343006222364,0.014098027388359958,-1403116.9059239558,10673216.85560491,10208237.739297075,-0.13146148203548644,0.5736,-80745.64808800002,487375.95950573334,-0.43255707261219706,-113002.5,-538892.25,418630.419999999,487,10.0
84.0,4.75,10000,26,81.87351087239297,9.68016727329048,168,1917,82.82295056867719,88.42051778766324,1.1770494313228141,0.014012493230033502,-1452833.2867621495,10732843.566841785,10264724.790609034,-0.13536331520293052,0.5811,-79789.063676,479627.0372325044,-0.08421925424181544,-116200.00999999954,-538892.25,394187.6799999997,487,10.0
84.0,5.0,10000,24,83.33514361926296,10.24926205313217,175,1917,82.90029560292984,88.58768243503442,1.0997043970701554,0.013091719012739946,-1303802.5359745738,10656362.854809998,10207667.826637415,-0.12234967537597241,0.5716,-88592.06938600003,464464.1944507715,-0.05524161833773981,-119109.86000000034,-543523.5,399231.42000000086,485,10.0
84.0,5.25,10000,27,79.54384727121781,10.045808888531704,169,1917,83.02862378032783,88.87985125264359,0.971376219672166,0.011564002615144833,-1183575.522789521,10670605.323097492,10219156.171097636,-0.11091924843547203,0.5676,-99409.40651300004,506489.25995754206,-0.5598842645687662,-128748.74999999965,-566309.2500000005,413478.0,482,10.0
84.0,5.5,10000,18,77.52792689945693,9.773260359655978,167,1917,83.14925445543182,89.13633162381008,0.8507455445681842,0.01012792314962124,-824999.1117902196,10685691.506716492,10230143.03023509,-0.07720596381354135,0.5663,-122669.21627900004,504137.5282236186,-0.7589581618835901,-151743.12,-568196.71,356359.6300000008,474,10.0
84.0,5.75,10000,36,78.38529758908813,9.327662114767556,169,1917,83.11352603147411,89.18139378299276,0.8864739685258911,0.010553261530070131,-955305.7661610235,10685106.389974277,10240705.007971026,-0.08940535838345763,0.563,-128871.81550800004,554950.135771621,-1.0309915474575464,-147488.64000000013,-568196.71,340949.3000000005,465,10.0
84.0,6.0,10000,40,76.00327621032858,8.548177528550912,166,1917,83.14079904718356,89.3461909014566,0.8592009528164368,0.010228582771624247,-1014980.7860541458,10682000.596459204,10251837.149524676,-0.09501785521249499,0.5857,-128663.60271600001,579916.9044906682,-0.9034154804683149,-145298.50999999978,-591863.4900000002,356359.6300000008,461,10.0
84.0,6.25,10000,47,78.25143263871038,8.153414650055444,168,1917,83.25531740608625,89.55185092848106,0.7446825939137511,0.008865268975163704,-1195208.2822876645,10701831.91038652,10261634.29748455,-0.11168258783131055,0.6052,-136870.04963700005,648634.7224912732,-0.8001739855562102,-151388.58000000007,-631332.0000000009,394187.68000000156,452,10.0
84.0,6.5,10000,47,76.06477886284206,7.98671011436969,163,1917,83.2729139254324,89.68697703291615,0.7270860745675947,0.008655786601995175,-1015925.3121465236,10681697.838610057,10242084.785196688,-0.09510897307676695,0.5894,-157535.47550400003,647038.6374012579,-1.1859828152810967,-167836.50000000006,-631702.5000000002,341020.2080000008,441,10.0
84.25,3.5,10000,16,76.55769903566497,8.977950154420741,158,1917,82.40924945375046,87.63764498917834,1.840750546249538,0.02184867117210134,-1539590.5054300586,10853722.72983508,10393804.685615096,-0.14184907277923917,0.566,-52496.614756,447372.31822423235,0.6442328961403407,-88265.44999999972,-500494.2000000002,400098.390000002,474,10.0
84.25,3.75,10000,13,75.36800845659465,8.62842548491751,158,1917,82.4670783663312,87.74876887023869,1.7829216336688063,0.02116227458360601,-1574110.2421131728,10889653.993215438,10464695.565264774,-0.1445509878545166,0.5737,-45911.417733,440592.1433034913,1.8162962486055583,-88265.44999999972,-500494.2000000002,418630.4199999999,477,10.0
84.25,4.0,10000,16,79.42194030679968,9.543441746831578,163,1917,82.71411566906839,88.16827906064108,1.5358843309316086,0.018230081079306928,-1298411.619034877,10843764.702803494,10391005.453454737,-0.11973808493826799,0.5548,-64091.916782000015,453128.33557220385,0.43680342281740087,-98738.25,-515180.2500000001,418630.419999999,478,10.0
84.25,4.25,10000,12,80.71831126577841,9.178353770467726,165,1917,82.88479849202889,88.40075910807461,1.3652015079711077,0.01620417220143748,-1264896.774971001,10698605.846677156,10268687.910564305,-0.11823005661656945,0.5621,-84332.84316700001,455635.668404122,-0.09560813594733232,-113558.25,-541115.25,393993.6900000002,481,10.0
84.25,4.5,10000,14,80.67508985953978,9.781673057359733,165,1917,82.89076675570685,88.437393860241,1.3592332442931507,0.016133332276476568,-1313206.9582045116,10710523.085148452,10245788.385167126,-0.1226090404515766,0.5648,-77910.87805099999,486718.1163890568,-0.34112503240585706,-108371.25,-543523.5,394187.6799999997,482,10.0
84.25,4.75,10000,23,81.81377066925968,10.92752863012501,172,1917,82.98018212081095,88.59639934291025,1.2698178791890484,0.015072022304914522,-1098453.3652919617,10704473.920410603,10267736.65431465,-0.10261628674693685,0.5606,-79897.05591400001,477125.59101519786,-0.41581971250696975,-114669.75,-541115.25,405697.49999999884,481,10.0
84.25,5.0,10000,14,77.85095546515349,9.565350474441383,166,1917,83.13088244445393,88.89598052461768,1.1191175555460688,0.013283294427846514,-916359.4807058686,10696618.840999851,10246991.656510971,-0.08566814376833616,0.5461,-89349.17946700004,499977.4546305713,-0.10546568514418332,-118559.99999999991,-554638.5,403821.0600000003,478,10.0
84.25,5.25,10000,20,76.08080624241326,9.608732416019679,164,1917,83.2600445458525,89.16455173155228,0.9899554541475055,0.011750213105608373,-662347.8461380687,10690386.159828335,10250895.227105923,-0.06195733589372085,0.5452,-116727.91346700003,510531.09924079216,-0.5608546205621704,-137150.92999999993,-566309.2499999995,338512.5499999998,471,10.0
84.25,5.5,10000,25,76.57988301686599,9.493430546062124,166,1917,83.23715049150175,89.20603787997801,1.012849508498249,0.012021952623124617,-764707.1511310387,10671475.717839753,10266726.201812975,-0.07165898806785083,0.5601,-130166.18444700002,538718.3760402141,-1.0798108273073965,-145298.5099999997,-570136.6099999994,356359.6299999999,464,10.0
84.25,5.75,10000,19,74.18285535240864,8.502822937215154,163,1917,83.27762580112153,89.38115654101753,0.9723741988784695,0.011541533517845336,-674106.3697442479,10690490.097037705,10276902.935179515,-0.06305663852876495,0.5605,-123801.85911800004,572110.0055523363,-0.9684857206543869,-137150.9299999997,-583521.9199999983,360433.4199999999,461,10.0
84.25,6.0,10000,28,76.9700988924199,8.620689655172413,166,1917,83.40868880178645,89.607374794858,0.8413111982135462,0.009985889593039124,-922214.5630500283,10696339.341041444,10271298.73032019,-0.08621777354347074,0.58,-133317.07692100006,575681.4697631473,-0.4190670069779519,-151743.11999999988,-631332.0000000009,358439.9399999995,452,10.0
84.25,6.25,10000,36,74.60248024070428,8.66190839165685,161,1917,83.44042443528902,89.75107934245935,0.8095755647109826,0.00960920551585736,-855272.9011113016,10688353.44981342,10220440.637385866,-0.08001914468184354,0.5832,-162889.97978900003,636533.6625530028,-1.1273445382197165,-160982.25,-635778.0,297141.0,441,10.0
84.25,6.5,10000,29,73.9467562999357,7.21542368967906,157,1917,83.42602136807696,89.80407486879187,0.8239786319230404,0.009780161803240836,-826190.9954426117,10706928.766312279,10277701.977070278,-0.07716414421678941,0.5854,-156209.51841900006,688094.6359778764,-0.8933944866770948,-158683.8200000003,-635778.0,324167.7400000002,429,10.0
84.5,3.5,10000,17,70.95975989125797,8.228014744602422,152,1917,82.6610865602107,87.93405598616894,1.8389134397892946,0.021762289228275677,-1201222.1278454082,10765429.380036365,10319045.167908262,-0.11158144143075048,0.5432,-58267.62187900004,424498.1361523387,0.9529514920614226,-93921.74999999994,-500494.2000000002,374575.5,469,10.0
84.5,3.75,10000,21,75.19386535645474,8.830178016388809,157,1917,82.9221033078916,88.38278622414254,1.5778966921083963,0.018673333634418893,-1028175.3999863525,10765553.132752525,10337237.651716143,-0.09550604481791915,0.5328,-78189.44248500002,443777.73933259293,0.3661814444263425,-108371.24999999988,-500494.2000000002,356359.6300000008,470,10.0
84.5,4.0,10000,15,77.27992468369594,9.574142156862745,160,1917,83.0573744243659,88.54552247407061,1.4426255756340964,0.017072492019338418,-1099096.4820730619,10717335.518276427,10220474.442262014,-0.1025531467405081,0.5441,-102338.91891000004,496463.6170527179,-1.0257372585219768,-116200.00999999978,-543523.5,356359.6300000008,473,10.0
84.5,4.25,10000,18,77.14257782279505,8.817098116667841,160,1917,83.06622584937473,88.5773229061281,1.4337741506252684,0.01696774142751797,-1071026.4402280771,10725930.997817244,10270600.493170833,-0.0998539371963174,0.5451,-89908.63260500004,488495.1250961157,-0.7984423396976449,-114669.75,-538892.25,360433.4199999999,474,10.0
84.5,4.5,10000,15,78.46490359800038,9.443227317367985,167,1917,83.15755869539275,88.7424614564982,1.3424413046072488,0.01588687934446448,-1094842.604587007,10699547.744340058,10242904.336881088,-0.10232606375032689,0.5432,-106690.24622300002,519488.12541569484,-1.7559927154456634,-114669.75,-554453.25,356359.6299999999,473,10.0
84.5,4.75,10000,29,75.0630006667638,8.297378028542978,162,1917,83.27225681555844,88.97382610459992,1.2277431844415645,0.01452950514132029,-861718.5279821224,10703611.927224752,10234568.045914557,-0.08050726556988974,0.5376,-98840.70655000003,488574.52350004215,0.17522100095065107,-119109.8599999994,-554453.25,360433.4199999999,470,10.0
84.5,5.0,10000,20,74.02746917071434,8.99409987048496,161,1917,83.38060162131974,89.19513685313517,1.119398378680259,0.01324731809089064,-576905.5864684248,10689173.413538875,10227409.00976265,-0.05397101947450098,0.5344,-119592.93538000002,490449.49355289433,-1.2710569302561916,-132453.75,-568196.71,356359.6300000008,464,10.0
84.5,5.25,10000,14,74.49160917918294,8.698072507132421,163,1917,83.36496808755425,89.23574584507563,1.1350319124457542,0.013432330324801825,-476749.1211720337,10692826.99311783,10181603.058767714,-0.04458588187005002,0.5347,-118223.85384300003,533674.2635603279,-1.2213964646714484,-128227.39000000013,-568196.71,356907.4000000001,458,10.0
84.5,5.5,10000,21,71.96960026944924,7.791560182010845,160,1917,83.42474659019602,89.4222986323731,1.0752534098039774,0.01272489242371571,-342810.57681369054,10614259.056902187,10053543.039325677,-0.03229717448725443,0.5333,-114545.58933200002,548595.576287119,-1.0638125240252443,-119109.86000000034,-569036.6999999997,356359.6299999999,456,10.0
84.5,5.75,10000,24,74.65980729054642,8.045311192636932,163,1917,83.56403759024121,89.65546271240174,0.9359624097587869,0.011076478221997478,-707384.3449980891,10711530.13912669,10240450.518736964,-0.06603952337436658,0.5596,-119588.90749400006,591483.2907325953,-0.7634806233156946,-132689.15999999997,-608361.0,360433.42000000086,447,10.0
84.5,6.0,10000,29,72.58471544647988,7.5483091787439625,158,1917,83.6021379994851,89.8120695671284,0.8978620005149054,0.010625585804910123,-622579.6931887486,10653423.846025243,10148605.822908798,-0.05843939959462243,0.5605,-149080.21930800003,605289.939228397,-1.5570107296133788,-153016.5,-631332.0000000009,351509.8799999994,438,10.0
84.5,6.25,10000,31,72.08185943634764,7.4868231911835155,154,1917,83.59113180401756,89.8685248625884,0.9088681959824356,0.010755836638845393,-607332.2738811515,10709964.792053696,10271956.291602304,-0.05670721479231792,0.5643,-140941.27036200007,621869.3156351107,-0.7810126646532718,-143727.4000000013,-631702.5,341658.37999999966,426,10.0
84.5,6.5,10000,47,71.37510226407,7.352941176470588,153,1917,83.62250593310448,89.98976572726046,0.8774940668955225,0.010384545170361213,-548782.3154665345,10661296.908632182,10226114.874778947,-0.05147425497757213,0.5625,-157091.09979900005,649789.8534393602,-1.2275563002586636,-157667.7000000002,-635778.0,340949.300000001,414,10.0
84.75,3.5,10000,0,71.1035138810788,7.980591202196257,148,1917,83.08861359052683,88.48038636298551,1.6613864094731667,0.01960337946281023,-889163.5823730141,10656356.112004137,10129263.925246354,-0.08343973990991085,0.5366,-91736.19474400001,399221.2287585238,-1.9496045736738725,-106500.51000000024,-509946.7000000002,356359.6300000008,456,10.0
84.75,3.75,10000,0,73.22371206441646,7.702736011831404,151,1917,83.22474012537033,88.64585303604179,1.5252598746296684,0.017997166662296973,-965482.8261484974,10673262.272142064,10115438.236479875,-0.09045808128115364,0.5422,-105964.39731700002,417484.53282160446,-2.9193248481692464,-113002.5,-538892.25,347899.5,460,10.0
84.75,4.0,10000,0,73.37672579808307,7.508409418548773,152,1917,83.22675125837426,88.66749003863752,1.5232487416257356,0.017973436479359714,-1121891.8315379303,10642528.296088172,10119547.259131588,-0.10541591249048397,0.5493,-123100.29401700001,434462.55755192647,-3.149856752979182,-120189.05999999959,-550543.6199999999,335341.77300000156,461,10.0
84.75,4.25,10000,0,75.65316508763702,7.679076053569234,160,1917,83.28281358007095,88.77508834014819,1.4671864199290496,0.01731193415845486,-729640.1790028815,10641494.241416942,10088642.419334106,-0.06856557570299714,0.5316,-113040.86597800002,459809.8998982395,-3.5239059283531913,-109798.33999999985,-543523.5,347899.5000000001,460,10.0
84.75,4.5,10000,0,72.22283217477785,7.098239636570129,155,1917,83.41057662931127,89.01262343698139,1.3394233706887348,0.01580440555384938,-671615.3378826852,10614958.73046627,10032058.97131023,-0.06327064993244529,0.5288,-114643.53066500003,455097.5903579865,-2.908359406824419,-117720.00999999975,-554453.25,356359.6300000008,460,10.0
84.75,4.75,10000,0,70.99754853249411,7.214174409880532,154,1917,83.53260273123425,89.23861254425871,1.217397268765751,0.014364569542958715,-363777.76469733147,10621683.678628372,10062594.351233939,-0.034248597087228244,0.5262,-128689.63207000002,466402.7269852,-3.314149926079376,-120189.06000000052,-566309.2500000005,341658.3799999992,454,10.0
84.75,5.0,10000,0,71.16522327010247,7.052982000789933,156,1917,83.52594825354397,89.27291466842021,1.224051746456027,0.01444308845375843,-451006.1034821094,10588779.420095857,10003173.96221269,-0.042592832052594266,0.5304,-127754.63511600003,442618.4633251836,-2.9043827278310825,-122281.05499999964,-560882.2799999993,332304.8700000001,450,10.0
84.75,5.25,10000,0,68.29949800518047,6.15733215112556,153,1917,83.60920621679624,89.46694029984617,1.1407937832037618,0.013460693607124033,-202560.13358620685,10461208.942550562,9741438.437059026,-0.019362975608134672,0.5287,-126603.41004900003,504151.4703273012,-3.7534558764557113,-114669.75,-568196.71,356359.6300000008,448,10.0
84.75,5.5,10000,0,70.63475546835706,6.442634779919595,156,1917,83.75936181575229,89.70319663502532,0.9906381842477145,0.011688946126816691,-405475.22136615607,10460032.572110089,9755689.901548706,-0.03876424079665749,0.5595,-138430.62335800004,488719.9856532228,-3.3998499223143486,-120189.06000000006,-597431.25,356359.6299999999,439,10.0
84.75,5.75,10000,0,68.39687200060966,6.154300625276944,151,1917,83.81582120031283,89.87084410159184,0.9341787996871744,0.01102275869837374,-413629.713520975,10452867.090491626,9777964.802974353,-0.03957093397822213,0.5569,-161218.35701500005,502491.4960264174,-3.4351970032367367,-142000.6799999997,-631332.0,303995.25,431,10.0
84.75,6.0,10000,0,68.53569231252052,6.187199920803842,149,1917,83.8334058231174,89.95090742397984,0.9165941768825974,0.010815270523688464,-235574.00263728408,10452055.351689594,9727116.020225342,-0.022538533782181236,0.5502,-166586.06080900002,533350.3864775763,-3.6114814461413234,-144124.97500000033,-631332.0000000009,324167.74000000017,421,10.0
84.75,6.25,10000,0,67.81926641820729,6.148851394559497,148,1917,83.87580188681963,90.07723517972978,0.8741981131803698,0.010315021984429141,-180467.56450620398,10415868.155595712,9692761.78385682,-0.01732621436929878,0.5551,-186786.80517700006,551527.3244321953,-3.6284040918930627,-153016.5,-635778.0,281741.11999999965,411,10.0
84.75,6.5,10000,0,66.39554224037126,6.04858221232943,145,1917,84.00909135455434,90.29367098885,0.740908645445657,0.008742284902013652,-349897.3453505589,10424132.155378507,9705471.573536046,-0.03356608877699459,0.565,-193355.16164500004,578914.5156325131,-3.691178774881102,-162093.75,-635778.0,297141.0,404,10.0
85.0,3.5,10000,0,66.26933593195211,7.035119315623592,137,1917,83.48606231985507,88.89322639590314,1.5139376801449345,0.017811031531116878,-607346.0259087702,10643825.02082103,10127526.06460181,-0.05706088034336377,0.5154,-122861.85708900001,450645.10454437893,-4.362269410707808,-114669.75,-543523.5,271779.98999999836,453,10.0
85.0,3.75,10000,0,66.25938153238823,6.900358818658569,138,1917,83.49234523703385,88.90806178658937,1.5076547629661547,0.01773711485842535,-785019.5761127855,10690922.100404704,10185509.257980622,-0.07342861249387166,0.5241,-117600.59452500002,423231.3734817369,-3.619617468184852,-118930.5,-538892.25,282922.9199999997,455,10.0
85.0,4.0,10000,0,68.52992697049345,6.922906513070448,146,1917,83.54764293531636,89.01659938002769,1.452357064683639,0.01708655370216046,-522629.17232911865,10672488.020362888,10148537.926617151,-0.048969759566087394,0.515,-124975.58024200003,451249.3253358257,-3.58703341882282,-117720.00999999969,-545190.75,297141.0,454,10.0
85.0,4.25,10000,0,66.58533931298734,6.269435249272745,143,1917,83.63985999442212,89.2003415588901,1.3601400055778754,0.016001647124445594,-471323.5490113506,10650543.271801613,10108705.801767986,-0.044253474868200124,0.5078,-125101.88095600002,457005.50373377715,-3.409258561044215,-119109.86000000034,-543523.5,329007.04000000004,454,10.0
85.0,4.5,10000,0,66.35089947357845,6.464291255106789,143,1917,83.7273316235999,89.37184132200225,1.2726683764001052,0.014972569134118884,-211569.72272378008,10583832.364345448,9947087.551765764,-0.019989897368037586,0.5152,-125432.58104800005,449330.21602044645,-3.593077832304737,-118560.00000000017,-554453.25,303995.25,449,10.0
85.0,4.75,10000,0,66.42246646747357,6.790525858322468,145,1917,83.72617655430884,89.40342636359735,1.2738234456911641,0.01498615818460193,-190443.20886237716,10554435.38282259,9901437.86157689,-0.01804390305637047,0.5147,-126161.34852500005,450595.9766488421,-3.4187647449485015,-116200.00999999983,-554638.5,297141.0,445,10.0
85.0,5.0,10000,0,64.21359380179197,6.515846538782317,143,1917,83.88166609546039,89.6569378707864,1.118333904539611,0.013156869465171894,-170523.75940367585,10597702.5123734,9910929.620685019,-0.016090634663935885,0.5219,-128048.25277500003,448506.86681565753,-2.706644930991752,-114669.75000000023,-568196.71,303995.25,443,10.0
85.0,5.25,10000,0,66.54303926392654,6.733462615815557,146,1917,84.03225039013363,89.89498442378608,0.9677496098663738,0.011385289527839692,-420361.9863107868,10486718.50933929,9804060.620629238,-0.04008517878461405,0.5455,-134619.89825700005,469168.9047673247,-3.3068446724198846,-119109.8599999994,-615245.0800000001,332304.8700000001,434,10.0
85.0,5.5,10000,0,66.03024566933887,6.5301431407376445,143,1917,84.15571536448913,90.11349552474138,0.8442846355108742,0.00993276041777499,-269561.62564396666,10569553.56745736,9914499.834428271,-0.025503596147515732,0.525,-136580.04878,480989.56930466404,-3.2703452449912382,-116200.00999999995,-610954.4999999995,356359.6300000008,428,10.0
85.0,5.75,10000,0,66.46324619624279,6.635523940970379,143,1917,84.16841341527314,90.18516335710883,0.831586584726864,0.00978337158502193,-122663.20955844746,10562795.75575392,9855879.621350273,-0.011612759765010942,0.5358,-152951.59413800007,506676.4938251985,-3.407459602825208,-123191.25,-631332.0000000009,340311.1280000003,418,10.0
85.0,6.0,10000,0,65.95570229516011,6.918691537056512,143,1917,84.21149060269629,90.30819555189241,0.7885093973037129,0.009276581144749564,94912.05673806412,10453558.600518001,9722172.164690578,0.009079401605244838,0.5284,-160023.29778900003,527636.2834743579,-3.429604119588303,-131525.21999999997,-631702.5000000005,356359.6299999999,408,10.0
85.0,6.25,10000,0,65.30163732724768,6.35905784199013,141,1917,84.3210539495788,90.49592977086415,0.678946050421203,0.007987600593190624,-203197.549918983,10532297.44325747,9841687.131586375,-0.019292803969286426,0.5487,-160992.29096800004,538769.2299211376,-3.4719323539724223,-130600.1100000001,-635778.0,356359.6300000008,403,10.0
85.0,6.5,10000,0,65.49838813039098,6.364886195834819,142,1917,84.35303232978484,90.61361453331247,0.6469676702151617,0.0076113843554724905,-238452.82572293773,10497608.30213581,9834869.427749528,-0.022714966958180642,0.5562,-179389.28918400005,552998.7134993101,-3.2750240170666247,-147044.42000000045,-635778.0000000009,356359.6299999999,398,10.0
